﻿<?xml version="1.0" encoding="UTF-8"?>
<site generator-info-name="WebGrab+Plus version 1.1.0 -- Jan van Straaten" site="tvinfo.de">
  <channels>
    <channel update="i" site="tvinfo.de" site_id="37" xmltv_id="ard">ard</channel>
    <channel update="i" site="tvinfo.de" site_id="36" xmltv_id="zdf">zdf</channel>
    <channel update="i" site="tvinfo.de" site_id="4" xmltv_id="arte">arte</channel>
    <channel update="i" site="tvinfo.de" site_id="2" xmltv_id="3sat">3sat</channel>
    <channel update="i" site="tvinfo.de" site_id="23" xmltv_id="rtl">rtl</channel>
    <channel update="i" site="tvinfo.de" site_id="22" xmltv_id="pro7">pro7</channel>
    <channel update="i" site="tvinfo.de" site_id="38" xmltv_id="sat1">sat1</channel>
    <channel update="i" site="tvinfo.de" site_id="12" xmltv_id="kabel1">kabel1</channel>
    <channel update="i" site="tvinfo.de" site_id="34" xmltv_id="vox">vox</channel>
    <channel update="i" site="tvinfo.de" site_id="24" xmltv_id="rtl2">rtl2</channel>
    <channel update="i" site="tvinfo.de" site_id="25" xmltv_id="srtl">srtl</channel>
    <channel update="i" site="tvinfo.de" site_id="35" xmltv_id="wdr">wdr</channel>
    <channel update="i" site="tvinfo.de" site_id="6" xmltv_id="br">br</channel>
    <channel update="i" site="tvinfo.de" site_id="15" xmltv_id="ndr">ndr</channel>
    <channel update="i" site="tvinfo.de" site_id="11" xmltv_id="hr">hr</channel>
    <channel update="i" site="tvinfo.de" site_id="44" xmltv_id="swr">swr</channel>
    <channel update="i" site="tvinfo.de" site_id="5" xmltv_id="rbb">rbb</channel>
    <channel update="i" site="tvinfo.de" site_id="14" xmltv_id="mdr">mdr</channel>
    <channel update="i" site="tvinfo.de" site_id="210" xmltv_id="das-vierte">das-vierte</channel>
    <channel update="i" site="tvinfo.de" site_id="152" xmltv_id="tele-5">tele-5</channel>
    <channel update="i" site="tvinfo.de" site_id="8" xmltv_id="einsfestival">einsfestival</channel>
    <channel update="i" site="tvinfo.de" site_id="9" xmltv_id="einsplus">einsplus</channel>
    <channel update="i" site="tvinfo.de" site_id="111" xmltv_id="einsextra">einsextra</channel>
    <channel update="i" site="tvinfo.de" site_id="51" xmltv_id="zdfneo">zdfneo</channel>
    <channel update="i" site="tvinfo.de" site_id="133" xmltv_id="zdfinfokanal">zdfinfokanal</channel>
    <channel update="i" site="tvinfo.de" site_id="91" xmltv_id="zdfkultur">zdfkultur</channel>
    <channel update="i" site="tvinfo.de" site_id="20" xmltv_id="phoenix">phoenix</channel>
    <channel update="i" site="tvinfo.de" site_id="231" xmltv_id="dmax">dmax</channel>
    <channel update="i" site="tvinfo.de" site_id="370" xmltv_id="timm">timm</channel>
    <channel update="i" site="tvinfo.de" site_id="323" xmltv_id="sixx">sixx</channel>
    <channel update="i" site="tvinfo.de" site_id="40" xmltv_id="n24">n24</channel>
    <channel update="i" site="tvinfo.de" site_id="81" xmltv_id="n-tv">n-tv</channel>
    <channel update="i" site="tvinfo.de" site_id="13" xmltv_id="ki.ka">ki.ka</channel>
    <channel update="i" site="tvinfo.de" site_id="46" xmltv_id="mtv">mtv</channel>
    <channel update="i" site="tvinfo.de" site_id="32" xmltv_id="viva">viva</channel>
    <channel update="i" site="tvinfo.de" site_id="37" xmltv_id="ard">ard</channel>
    <channel update="i" site="tvinfo.de" site_id="36" xmltv_id="zdf">zdf</channel>
    <channel update="i" site="tvinfo.de" site_id="35" xmltv_id="wdr">wdr</channel>
    <channel update="i" site="tvinfo.de" site_id="15" xmltv_id="ndr">ndr</channel>
    <channel update="i" site="tvinfo.de" site_id="6" xmltv_id="br">br</channel>
    <channel update="i" site="tvinfo.de" site_id="44" xmltv_id="swr">swr</channel>
    <channel update="i" site="tvinfo.de" site_id="11" xmltv_id="hr">hr</channel>
    <channel update="i" site="tvinfo.de" site_id="14" xmltv_id="mdr">mdr</channel>
    <channel update="i" site="tvinfo.de" site_id="5" xmltv_id="rbb">rbb</channel>
    <channel update="i" site="tvinfo.de" site_id="23" xmltv_id="rtl">rtl</channel>
    <channel update="i" site="tvinfo.de" site_id="24" xmltv_id="rtl2">rtl2</channel>
    <channel update="i" site="tvinfo.de" site_id="25" xmltv_id="srtl">srtl</channel>
    <channel update="i" site="tvinfo.de" site_id="38" xmltv_id="sat1">sat1</channel>
    <channel update="i" site="tvinfo.de" site_id="22" xmltv_id="pro7">pro7</channel>
    <channel update="i" site="tvinfo.de" site_id="12" xmltv_id="kabel1">kabel1</channel>
    <channel update="i" site="tvinfo.de" site_id="34" xmltv_id="vox">vox</channel>
    <channel update="i" site="tvinfo.de" site_id="210" xmltv_id="das-vierte">das-vierte</channel>
    <channel update="i" site="tvinfo.de" site_id="152" xmltv_id="tele-5">tele-5</channel>
    <channel update="i" site="tvinfo.de" site_id="91" xmltv_id="zdfkultur">zdfkultur</channel>
    <channel update="i" site="tvinfo.de" site_id="51" xmltv_id="zdfneo">zdfneo</channel>
    <channel update="i" site="tvinfo.de" site_id="111" xmltv_id="einsextra">einsextra</channel>
    <channel update="i" site="tvinfo.de" site_id="8" xmltv_id="einsfestival">einsfestival</channel>
    <channel update="i" site="tvinfo.de" site_id="9" xmltv_id="einsplus">einsplus</channel>
    <channel update="i" site="tvinfo.de" site_id="133" xmltv_id="zdfinfokanal">zdfinfokanal</channel>
    <channel update="i" site="tvinfo.de" site_id="2" xmltv_id="3sat">3sat</channel>
    <channel update="i" site="tvinfo.de" site_id="4" xmltv_id="arte">arte</channel>
    <channel update="i" site="tvinfo.de" site_id="3" xmltv_id="br-alpha">br-alpha</channel>
    <channel update="i" site="tvinfo.de" site_id="20" xmltv_id="phoenix">phoenix</channel>
    <channel update="i" site="tvinfo.de" site_id="100" xmltv_id="dw-tv">dw-tv</channel>
    <channel update="i" site="tvinfo.de" site_id="13" xmltv_id="ki.ka">ki.ka</channel>
    <channel update="i" site="tvinfo.de" site_id="231" xmltv_id="dmax">dmax</channel>
    <channel update="i" site="tvinfo.de" site_id="370" xmltv_id="timm">timm</channel>
    <channel update="i" site="tvinfo.de" site_id="323" xmltv_id="sixx">sixx</channel>
    <channel update="i" site="tvinfo.de" site_id="360" xmltv_id="spiegeltv">spiegeltv</channel>
    <channel update="i" site="tvinfo.de" site_id="303" xmltv_id="spiegel-geschichte">spiegel-geschichte</channel>
    <channel update="i" site="tvinfo.de" site_id="226" xmltv_id="comedy-central">comedy-central</channel>
    <channel update="i" site="tvinfo.de" site_id="52" xmltv_id="13th-street">13th-street</channel>
    <channel update="i" site="tvinfo.de" site_id="193" xmltv_id="animal-planet">animal-planet</channel>
    <channel update="i" site="tvinfo.de" site_id="315" xmltv_id="biography-channel">biography-channel</channel>
    <channel update="i" site="tvinfo.de" site_id="235" xmltv_id="cartoon-network">cartoon-network</channel>
    <channel update="i" site="tvinfo.de" site_id="58" xmltv_id="classica">classica</channel>
    <channel update="i" site="tvinfo.de" site_id="60" xmltv_id="discovery-channel">discovery-channel</channel>
    <channel update="i" site="tvinfo.de" site_id="219" xmltv_id="discovery-hd">discovery-hd</channel>
    <channel update="i" site="tvinfo.de" site_id="61" xmltv_id="disney-channel">disney-channel</channel>
    <channel update="i" site="tvinfo.de" site_id="300" xmltv_id="disney-cinemagic">disney-cinemagic</channel>
    <channel update="i" site="tvinfo.de" site_id="237" xmltv_id="fox">fox</channel>
    <channel update="i" site="tvinfo.de" site_id="172" xmltv_id="heimatkanal">heimatkanal</channel>
    <channel update="i" site="tvinfo.de" site_id="318" xmltv_id="history-channel">history-channel</channel>
    <channel update="i" site="tvinfo.de" site_id="311" xmltv_id="rtl-crime">rtl-crime</channel>
    <channel update="i" site="tvinfo.de" site_id="314" xmltv_id="sat1-comedy">sat1-comedy</channel>
    <channel update="i" site="tvinfo.de" site_id="304" xmltv_id="kabel1-classics">kabel1-classics</channel>
    <channel update="i" site="tvinfo.de" site_id="10" xmltv_id="eurosport">eurosport</channel>
    <channel update="i" site="tvinfo.de" site_id="234" xmltv_id="eurosport-2">eurosport-2</channel>
    <channel update="i" site="tvinfo.de" site_id="46" xmltv_id="mtv">mtv</channel>
    <channel update="i" site="tvinfo.de" site_id="356" xmltv_id="mtv-dance">mtv-dance</channel>
    <channel update="i" site="tvinfo.de" site_id="355" xmltv_id="mtv-hits">mtv-hits</channel>
    <channel update="i" site="tvinfo.de" site_id="309" xmltv_id="mtv-entertainment">mtv-entertainment</channel>
    <channel update="i" site="tvinfo.de" site_id="32" xmltv_id="viva">viva</channel>
    <channel update="i" site="tvinfo.de" site_id="306" xmltv_id="vh1-classic">vh1-classic</channel>
    <channel update="i" site="tvinfo.de" site_id="361" xmltv_id="fashion-tv">fashion-tv</channel>
    <channel update="i" site="tvinfo.de" site_id="359" xmltv_id="d-wetterfernsehen">d-wetterfernsehen</channel>
    <channel update="i" site="tvinfo.de" site_id="81" xmltv_id="n-tv">n-tv</channel>
    <channel update="i" site="tvinfo.de" site_id="40" xmltv_id="n24">n24</channel>
    <channel update="i" site="tvinfo.de" site_id="94" xmltv_id="euronews">euronews</channel>
    <channel update="i" site="tvinfo.de" site_id="93" xmltv_id="cnn">cnn</channel>
    <channel update="i" site="tvinfo.de" site_id="98" xmltv_id="bloombergtv">bloombergtv</channel>
    <channel update="i" site="tvinfo.de" site_id="123" xmltv_id="bbc">bbc</channel>
    <channel update="i" site="tvinfo.de" site_id="182" xmltv_id="tvberlin">tvberlin</channel>
    <channel update="i" site="tvinfo.de" site_id="145" xmltv_id="spreekanal">spreekanal</channel>
    <channel update="i" site="tvinfo.de" site_id="31" xmltv_id="m%FCnchen.tv">m%FCnchen.tv</channel>
    <channel update="i" site="tvinfo.de" site_id="113" xmltv_id="hh1">hh1</channel>
    <channel update="i" site="tvinfo.de" site_id="186" xmltv_id="tv-franken">tv-franken</channel>
    <channel update="i" site="tvinfo.de" site_id="192" xmltv_id="rheinmaintv">rheinmaintv</channel>
    <channel update="i" site="tvinfo.de" site_id="203" xmltv_id="rnfplus">rnfplus</channel>
    <channel update="i" site="tvinfo.de" site_id="216" xmltv_id="tide">tide</channel>
    <channel update="i" site="tvinfo.de" site_id="218" xmltv_id="otv">otv</channel>
    <channel update="i" site="tvinfo.de" site_id="229" xmltv_id="intv">intv</channel>
    <channel update="i" site="tvinfo.de" site_id="232" xmltv_id="m%FCnchen-2">m%FCnchen-2</channel>
    <channel update="i" site="tvinfo.de" site_id="350" xmltv_id="nrwtv">nrwtv</channel>
    <channel update="i" site="tvinfo.de" site_id="354" xmltv_id="hdsuisse">hdsuisse</channel>
    <channel update="i" site="tvinfo.de" site_id="322" xmltv_id="servustv">servustv</channel>
    <channel update="i" site="tvinfo.de" site_id="29" xmltv_id="tv5">tv5</channel>
    <channel update="i" site="tvinfo.de" site_id="208" xmltv_id="tv-2">tv-2</channel>
    <channel update="i" site="tvinfo.de" site_id="183" xmltv_id="cnbc">cnbc</channel>
    <channel update="i" site="tvinfo.de" site_id="41" xmltv_id="sf1">sf1</channel>
    <channel update="i" site="tvinfo.de" site_id="42" xmltv_id="sf2">sf2</channel>
    <channel update="i" site="tvinfo.de" site_id="17" xmltv_id="orf1">orf1</channel>
    <channel update="i" site="tvinfo.de" site_id="18" xmltv_id="orf2">orf2</channel>
    <channel update="i" site="tvinfo.de" site_id="136" xmltv_id="tw1">tw1</channel>
    <channel update="i" site="tvinfo.de" site_id="27" xmltv_id="tsr1">tsr1</channel>
    <channel update="i" site="tvinfo.de" site_id="28" xmltv_id="tsr2">tsr2</channel>
    <channel update="i" site="tvinfo.de" site_id="102" xmltv_id="rtl-lux">rtl-lux</channel>
    <channel update="i" site="tvinfo.de" site_id="146" xmltv_id="tv-slovenija-1">tv-slovenija-1</channel>
    <channel update="i" site="tvinfo.de" site_id="147" xmltv_id="tv-slovenija-2">tv-slovenija-2</channel>
    <channel update="i" site="tvinfo.de" site_id="108" xmltv_id="atvplus">atvplus</channel>
    <channel update="i" site="tvinfo.de" site_id="109" xmltv_id="dr1">dr1</channel>
    <channel update="i" site="tvinfo.de" site_id="110" xmltv_id="dr2">dr2</channel>
    <channel update="i" site="tvinfo.de" site_id="103" xmltv_id="nl-1">nl-1</channel>
    <channel update="i" site="tvinfo.de" site_id="104" xmltv_id="nl-2">nl-2</channel>
    <channel update="i" site="tvinfo.de" site_id="105" xmltv_id="nl-3">nl-3</channel>
    <channel update="i" site="tvinfo.de" site_id="185" xmltv_id="belgien-1">belgien-1</channel>
    <channel update="i" site="tvinfo.de" site_id="206" xmltv_id="tsi1">tsi1</channel>
    <channel update="i" site="tvinfo.de" site_id="207" xmltv_id="tsi2">tsi2</channel>
    <channel update="i" site="tvinfo.de" site_id="376" xmltv_id="e-entertainment">e-entertainment</channel>
    <channel update="i" site="tvinfo.de" site_id="365" xmltv_id="ktv">ktv</channel>
    <channel update="i" site="tvinfo.de" site_id="372" xmltv_id="okto">okto</channel>
    <channel update="i" site="tvinfo.de" site_id="369" xmltv_id="rtl-tvi">rtl-tvi</channel>
    <channel update="i" site="tvinfo.de" site_id="371" xmltv_id="super-rtl-ch">super-rtl-ch</channel>
    <channel update="i" site="tvinfo.de" site_id="352" xmltv_id="nautical-channel">nautical-channel</channel>
    <channel update="i" site="tvinfo.de" site_id="134" xmltv_id="9-live">9-live</channel>
    <channel update="i" site="tvinfo.de" site_id="307" xmltv_id="axn">axn</channel>
    <channel update="i" site="tvinfo.de" site_id="230" xmltv_id="anixe-hd">anixe-hd</channel>
    <channel update="i" site="tvinfo.de" site_id="435" xmltv_id="bbc-entertainment">bbc-entertainment</channel>
    <channel update="i" site="tvinfo.de" site_id="106" xmltv_id="beate-uhse-tv">beate-uhse-tv</channel>
    <channel update="i" site="tvinfo.de" site_id="191" xmltv_id="bibel-tv">bibel-tv</channel>
    <channel update="i" site="tvinfo.de" site_id="308" xmltv_id="boomerang">boomerang</channel>
    <channel update="i" site="tvinfo.de" site_id="440" xmltv_id="bongusto">bongusto</channel>
    <channel update="i" site="tvinfo.de" site_id="270" xmltv_id="big-brother">big-brother</channel>
    <channel update="i" site="tvinfo.de" site_id="196" xmltv_id="blue-movie1">blue-movie1</channel>
    <channel update="i" site="tvinfo.de" site_id="373" xmltv_id="blue-movie2">blue-movie2</channel>
    <channel update="i" site="tvinfo.de" site_id="377" xmltv_id="blue-movie3">blue-movie3</channel>
    <channel update="i" site="tvinfo.de" site_id="368" xmltv_id="dmc">dmc</channel>
    <channel update="i" site="tvinfo.de" site_id="319" xmltv_id="espn-amerika">espn-amerika</channel>
    <channel update="i" site="tvinfo.de" site_id="375" xmltv_id="espn-classic">espn-classic</channel>
    <channel update="i" site="tvinfo.de" site_id="405" xmltv_id="eurosporthd">eurosporthd</channel>
    <channel update="i" site="tvinfo.de" site_id="189" xmltv_id="extreme-sports-channel">extreme-sports-channel</channel>
    <channel update="i" site="tvinfo.de" site_id="214" xmltv_id="focus-gesundheit">focus-gesundheit</channel>
    <channel update="i" site="tvinfo.de" site_id="68" xmltv_id="goldstar-tv">goldstar-tv</channel>
    <channel update="i" site="tvinfo.de" site_id="176" xmltv_id="gotv">gotv</channel>
    <channel update="i" site="tvinfo.de" site_id="362" xmltv_id="gute-laune-tv">gute-laune-tv</channel>
    <channel update="i" site="tvinfo.de" site_id="70" xmltv_id="junior">junior</channel>
    <channel update="i" site="tvinfo.de" site_id="321" xmltv_id="ligatotal">ligatotal</channel>
    <channel update="i" site="tvinfo.de" site_id="181" xmltv_id="mgm">mgm</channel>
    <channel update="i" site="tvinfo.de" site_id="301" xmltv_id="motor-vision">motor-vision</channel>
    <channel update="i" site="tvinfo.de" site_id="363" xmltv_id="motors-tv">motors-tv</channel>
    <channel update="i" site="tvinfo.de" site_id="402" xmltv_id="national-geographic-channel">national-geographic-channel</channel>
    <channel update="i" site="tvinfo.de" site_id="406" xmltv_id="national-geographic-hd">national-geographic-hd</channel>
    <channel update="i" site="tvinfo.de" site_id="401" xmltv_id="nat-geo-wild">nat-geo-wild</channel>
    <channel update="i" site="tvinfo.de" site_id="217" xmltv_id="nick">nick</channel>
    <channel update="i" site="tvinfo.de" site_id="310" xmltv_id="nick-premium">nick-premium</channel>
    <channel update="i" site="tvinfo.de" site_id="430" xmltv_id="nicktoons">nicktoons</channel>
    <channel update="i" site="tvinfo.de" site_id="317" xmltv_id="passion">passion</channel>
    <channel update="i" site="tvinfo.de" site_id="202" xmltv_id="puls4">puls4</channel>
    <channel update="i" site="tvinfo.de" site_id="366" xmltv_id="playboy-tv">playboy-tv</channel>
    <channel update="i" site="tvinfo.de" site_id="367" xmltv_id="playhouse-disney">playhouse-disney</channel>
    <channel update="i" site="tvinfo.de" site_id="73" xmltv_id="planet">planet</channel>
    <channel update="i" site="tvinfo.de" site_id="312" xmltv_id="rtl-living">rtl-living</channel>
    <channel update="i" site="tvinfo.de" site_id="313" xmltv_id="romance-tv">romance-tv</channel>
    <channel update="i" site="tvinfo.de" site_id="188" xmltv_id="sci-fi">sci-fi</channel>
    <channel update="i" site="tvinfo.de" site_id="320" xmltv_id="sport1">sport1</channel>
    <channel update="i" site="tvinfo.de" site_id="364" xmltv_id="silverline">silverline</channel>
    <channel update="i" site="tvinfo.de" site_id="357" xmltv_id="sonnenklar-tv">sonnenklar-tv</channel>
    <channel update="i" site="tvinfo.de" site_id="353" xmltv_id="trace-tv">trace-tv</channel>
    <channel update="i" site="tvinfo.de" site_id="316" xmltv_id="tnt-film">tnt-film</channel>
    <channel update="i" site="tvinfo.de" site_id="305" xmltv_id="tnt-serie">tnt-serie</channel>
    <channel update="i" site="tvinfo.de" site_id="351" xmltv_id="channel21">channel21</channel>
    <channel update="i" site="tvinfo.de" site_id="131" xmltv_id="home-shopping-europe">home-shopping-europe</channel>
    <channel update="i" site="tvinfo.de" site_id="132" xmltv_id="qvc">qvc</channel>
    <channel update="i" site="tvinfo.de" site_id="408" xmltv_id="disneyxd">disneyxd</channel>
    <channel update="i" site="tvinfo.de" site_id="238" xmltv_id="fox-sky">fox-sky</channel>
    <channel update="i" site="tvinfo.de" site_id="302" xmltv_id="historyhd">historyhd</channel>
    <channel update="i" site="tvinfo.de" site_id="239" xmltv_id="sky-action">sky-action</channel>
    <channel update="i" site="tvinfo.de" site_id="241" xmltv_id="sky-cinema">sky-cinema</channel>
    <channel update="i" site="tvinfo.de" site_id="243" xmltv_id="sky-cinema%2B1">sky-cinema%2B1</channel>
    <channel update="i" site="tvinfo.de" site_id="245" xmltv_id="sky-cinema%2B24">sky-cinema%2B24</channel>
    <channel update="i" site="tvinfo.de" site_id="247" xmltv_id="sky-cinema-hits">sky-cinema-hits</channel>
    <channel update="i" site="tvinfo.de" site_id="249" xmltv_id="sky-comedy">sky-comedy</channel>
    <channel update="i" site="tvinfo.de" site_id="251" xmltv_id="sky-emotion">sky-emotion</channel>
    <channel update="i" site="tvinfo.de" site_id="253" xmltv_id="sky-fussball-bundesliga">sky-fussball-bundesliga</channel>
    <channel update="i" site="tvinfo.de" site_id="255" xmltv_id="sky-krimi">sky-krimi</channel>
    <channel update="i" site="tvinfo.de" site_id="257" xmltv_id="sky-nostalgie">sky-nostalgie</channel>
    <channel update="i" site="tvinfo.de" site_id="259" xmltv_id="sky-sport-1">sky-sport-1</channel>
    <channel update="i" site="tvinfo.de" site_id="261" xmltv_id="sky-sport-2">sky-sport-2</channel>
    <channel update="i" site="tvinfo.de" site_id="263" xmltv_id="sky-sport-austria">sky-sport-austria</channel>
    <channel update="i" site="tvinfo.de" site_id="264" xmltv_id="sky-select">sky-select</channel>
    <channel update="i" site="tvinfo.de" site_id="265" xmltv_id="sky-sport-hd">sky-sport-hd</channel>
    <channel update="i" site="tvinfo.de" site_id="266" xmltv_id="sky-sport-hd2">sky-sport-hd2</channel>
  </channels>
</site>