﻿<?xml version="1.0" encoding="UTF-8"?>
<site generator-info-name="WebGrab+Plus/w MDB &amp; REX Postprocess -- version 1.1.1/47 -- Jan van Straaten" site="tvmovie.de">
  <channels>
    <channel update="i" site="tvmovie.de" site_id="1" xmltv_id="ARD">ARD</channel>
    <channel update="i" site="tvmovie.de" site_id="2" xmltv_id="ZDF">ZDF</channel>
    <channel update="i" site="tvmovie.de" site_id="3" xmltv_id="RTL">RTL</channel>
    <channel update="i" site="tvmovie.de" site_id="4" xmltv_id="SAT.1">SAT.1</channel>
    <channel update="i" site="tvmovie.de" site_id="11" xmltv_id="PRO 7">PRO 7</channel>
    <channel update="i" site="tvmovie.de" site_id="43" xmltv_id="RTL II">RTL II</channel>
    <channel update="i" site="tvmovie.de" site_id="39" xmltv_id="KABEL 1">KABEL 1</channel>
    <channel update="i" site="tvmovie.de" site_id="46" xmltv_id="VOX">VOX</channel>
    <channel update="i" site="tvmovie.de" site_id="45" xmltv_id="Sport1">Sport1</channel>
    <channel update="i" site="tvmovie.de" site_id="30" xmltv_id="EUROSPORT">EUROSPORT</channel>
    <channel update="i" site="tvmovie.de" site_id="239" xmltv_id="Eurosport 2">Eurosport 2</channel>
    <channel update="i" site="tvmovie.de" site_id="55" xmltv_id="Tele 5">Tele 5</channel>
    <channel update="i" site="tvmovie.de" site_id="318" xmltv_id="sixx">sixx</channel>
    <channel update="i" site="tvmovie.de" site_id="52" xmltv_id="DMAX">DMAX</channel>
    <channel update="i" site="tvmovie.de" site_id="70" xmltv_id="Das Vierte">Das Vierte</channel>
    <channel update="i" site="tvmovie.de" site_id="14" xmltv_id="Comedy Central">Comedy Central</channel>
    <channel update="i" site="tvmovie.de" site_id="427" xmltv_id="RTLNITRO">RTLNITRO</channel>
    <channel update="i" site="tvmovie.de" site_id="38" xmltv_id="ARTE">ARTE</channel>
    <channel update="i" site="tvmovie.de" site_id="12" xmltv_id="3SAT">3SAT</channel>
    <channel update="i" site="tvmovie.de" site_id="122" xmltv_id="EinsFestival">EinsFestival</channel>
    <channel update="i" site="tvmovie.de" site_id="123" xmltv_id="EinsPlus">EinsPlus</channel>
    <channel update="i" site="tvmovie.de" site_id="128" xmltv_id="tagesschau24">tagesschau24</channel>
    <channel update="i" site="tvmovie.de" site_id="294" xmltv_id="ZDF neo">ZDF neo</channel>
    <channel update="i" site="tvmovie.de" site_id="378" xmltv_id="zdf.kultur">zdf.kultur</channel>
    <channel update="i" site="tvmovie.de" site_id="137" xmltv_id="ZDFinfo">ZDFinfo</channel>
    <channel update="i" site="tvmovie.de" site_id="60" xmltv_id="Phoenix">Phoenix</channel>
    <channel update="i" site="tvmovie.de" site_id="56" xmltv_id="BR Alpha">BR Alpha</channel>
    <channel update="i" site="tvmovie.de" site_id="47" xmltv_id="NTV">NTV</channel>
    <channel update="i" site="tvmovie.de" site_id="31" xmltv_id="N24">N24</channel>
    <channel update="i" site="tvmovie.de" site_id="9" xmltv_id="WDR">WDR</channel>
    <channel update="i" site="tvmovie.de" site_id="6" xmltv_id="NDR">NDR</channel>
    <channel update="i" site="tvmovie.de" site_id="41" xmltv_id="MDR">MDR</channel>
    <channel update="i" site="tvmovie.de" site_id="5" xmltv_id="BR">BR</channel>
    <channel update="i" site="tvmovie.de" site_id="8" xmltv_id="SWR">SWR</channel>
    <channel update="i" site="tvmovie.de" site_id="57" xmltv_id="RBB">RBB</channel>
    <channel update="i" site="tvmovie.de" site_id="7" xmltv_id="HR">HR</channel>
    <channel update="i" site="tvmovie.de" site_id="76" xmltv_id="KI.KA">KI.KA</channel>
    <channel update="i" site="tvmovie.de" site_id="13" xmltv_id="S RTL">S RTL</channel>
    <channel update="i" site="tvmovie.de" site_id="69" xmltv_id="nickelodeon">nickelodeon</channel>
    <channel update="i" site="tvmovie.de" site_id="316" xmltv_id="Servus TV">Servus TV</channel>
    <channel update="i" site="tvmovie.de" site_id="399" xmltv_id="ANIXE">ANIXE</channel>
    <channel update="i" site="tvmovie.de" site_id="73" xmltv_id="VIVA">VIVA</channel>
    <channel update="i" site="tvmovie.de" site_id="430" xmltv_id="SAT1GOLD">SAT1GOLD</channel>
    <channel update="i" site="tvmovie.de" site_id="238" xmltv_id="DELUXE MUSIC TV">DELUXE MUSIC TV</channel>
    <channel update="i" site="tvmovie.de" site_id="53" xmltv_id="HSE24">HSE24</channel>
    <channel update="i" site="tvmovie.de" site_id="54" xmltv_id="QVC">QVC</channel>
    <channel update="i" site="tvmovie.de" site_id="16" xmltv_id="ORF 1">ORF 1</channel>
    <channel update="i" site="tvmovie.de" site_id="17" xmltv_id="ORF 2">ORF 2</channel>
    <channel update="i" site="tvmovie.de" site_id="24" xmltv_id="SF 1">SF 1</channel>
    <channel update="i" site="tvmovie.de" site_id="35" xmltv_id="SF 2">SF 2</channel>
    <channel update="i" site="tvmovie.de" site_id="61" xmltv_id="BBC World">BBC World</channel>
    <channel update="i" site="tvmovie.de" site_id="125" xmltv_id="BloombergTV">BloombergTV</channel>
    <channel update="i" site="tvmovie.de" site_id="42" xmltv_id="CNN">CNN</channel>
    <channel update="i" site="tvmovie.de" site_id="48" xmltv_id="EURONEWS">EURONEWS</channel>
    <channel update="i" site="tvmovie.de" site_id="298" xmltv_id="Astro TV">Astro TV</channel>
    <channel update="i" site="tvmovie.de" site_id="301" xmltv_id="gotv">gotv</channel>
    <channel update="i" site="tvmovie.de" site_id="156" xmltv_id="Bibel-TV">Bibel-TV</channel>
    <channel update="i" site="tvmovie.de" site_id="270" xmltv_id="SKY CINEMA">SKY CINEMA</channel>
    <channel update="i" site="tvmovie.de" site_id="271" xmltv_id="SKY CINEMA +1">SKY CINEMA +1</channel>
    <channel update="i" site="tvmovie.de" site_id="272" xmltv_id="SKY CINEMA +24">SKY CINEMA +24</channel>
    <channel update="i" site="tvmovie.de" site_id="274" xmltv_id="Sky Action">Sky Action</channel>
    <channel update="i" site="tvmovie.de" site_id="276" xmltv_id="SKY COMEDY">SKY COMEDY</channel>
    <channel update="i" site="tvmovie.de" site_id="275" xmltv_id="SKY EMOTION">SKY EMOTION</channel>
    <channel update="i" site="tvmovie.de" site_id="277" xmltv_id="SKY NOSTALGIE">SKY NOSTALGIE</channel>
    <channel update="i" site="tvmovie.de" site_id="429" xmltv_id="Sky Atlantic HD">Sky Atlantic HD</channel>
    <channel update="i" site="tvmovie.de" site_id="151" xmltv_id="MGM">MGM</channel>
    <channel update="i" site="tvmovie.de" site_id="279" xmltv_id="Disney Cinemagic">Disney Cinemagic</channel>
    <channel update="i" site="tvmovie.de" site_id="288" xmltv_id="Sky Bundesliga">Sky Bundesliga</channel>
    <channel update="i" site="tvmovie.de" site_id="289" xmltv_id="SKY SPORT 1">SKY SPORT 1</channel>
    <channel update="i" site="tvmovie.de" site_id="290" xmltv_id="SKY SPORT 2">SKY SPORT 2</channel>
    <channel update="i" site="tvmovie.de" site_id="281" xmltv_id="SKY SPORT HD 1">SKY SPORT HD 1</channel>
    <channel update="i" site="tvmovie.de" site_id="315" xmltv_id="SKY SPORT HD 2">SKY SPORT HD 2</channel>
    <channel update="i" site="tvmovie.de" site_id="410" xmltv_id="Sky Sport HD Extra">Sky Sport HD Extra</channel>
    <channel update="i" site="tvmovie.de" site_id="411" xmltv_id="Sky Sport News HD">Sky Sport News HD</channel>
    <channel update="i" site="tvmovie.de" site_id="286" xmltv_id="SKY SPORT AUSTRIA">SKY SPORT AUSTRIA</channel>
    <channel update="i" site="tvmovie.de" site_id="220" xmltv_id="TNT Film">TNT Film</channel>
    <channel update="i" site="tvmovie.de" site_id="177" xmltv_id="AXN">AXN</channel>
    <channel update="i" site="tvmovie.de" site_id="182" xmltv_id="Kinowelt TV">Kinowelt TV</channel>
    <channel update="i" site="tvmovie.de" site_id="209" xmltv_id="kabel eins classics">kabel eins classics</channel>
    <channel update="i" site="tvmovie.de" site_id="88" xmltv_id="13TH STREET">13TH STREET</channel>
    <channel update="i" site="tvmovie.de" site_id="264" xmltv_id="FOX">FOX</channel>
    <channel update="i" site="tvmovie.de" site_id="267" xmltv_id="TNT SERIE">TNT SERIE</channel>
    <channel update="i" site="tvmovie.de" site_id="154" xmltv_id="Syfy">Syfy</channel>
    <channel update="i" site="tvmovie.de" site_id="214" xmltv_id="RTL Crime">RTL Crime</channel>
    <channel update="i" site="tvmovie.de" site_id="278" xmltv_id="SKY KRIMI">SKY KRIMI</channel>
    <channel update="i" site="tvmovie.de" site_id="428" xmltv_id="SAT1EMO">SAT1EMO</channel>
    <channel update="i" site="tvmovie.de" site_id="173" xmltv_id="ESPN America">ESPN America</channel>
    <channel update="i" site="tvmovie.de" site_id="293" xmltv_id="Eurosport HD">Eurosport HD</channel>
    <channel update="i" site="tvmovie.de" site_id="287" xmltv_id="MOTORVISION TV">MOTORVISION TV</channel>
    <channel update="i" site="tvmovie.de" site_id="190" xmltv_id="National Geographic">National Geographic</channel>
    <channel update="i" site="tvmovie.de" site_id="284" xmltv_id="Nat Geo Wild">Nat Geo Wild</channel>
    <channel update="i" site="tvmovie.de" site_id="94" xmltv_id="Discovery Channel">Discovery Channel</channel>
    <channel update="i" site="tvmovie.de" site_id="218" xmltv_id="BIOGRAPHY CHANNEL">BIOGRAPHY CHANNEL</channel>
    <channel update="i" site="tvmovie.de" site_id="181" xmltv_id="History">History</channel>
    <channel update="i" site="tvmovie.de" site_id="285" xmltv_id="Spiegel Geschichte">Spiegel Geschichte</channel>
    <channel update="i" site="tvmovie.de" site_id="199" xmltv_id="DISCOVERY HD">DISCOVERY HD</channel>
    <channel update="i" site="tvmovie.de" site_id="215" xmltv_id="RTL Living">RTL Living</channel>
    <channel update="i" site="tvmovie.de" site_id="265" xmltv_id="Romance TV">Romance TV</channel>
    <channel update="i" site="tvmovie.de" site_id="113" xmltv_id="Goldstar TV">Goldstar TV</channel>
    <channel update="i" site="tvmovie.de" site_id="89" xmltv_id="Heimatkanal">Heimatkanal</channel>
    <channel update="i" site="tvmovie.de" site_id="216" xmltv_id="Passion">Passion</channel>
    <channel update="i" site="tvmovie.de" site_id="127" xmltv_id="Beate-Uhse-TV">Beate-Uhse-TV</channel>
    <channel update="i" site="tvmovie.de" site_id="219" xmltv_id="Cartoon Network">Cartoon Network</channel>
    <channel update="i" site="tvmovie.de" site_id="111" xmltv_id="Disney Channel">Disney Channel</channel>
    <channel update="i" site="tvmovie.de" site_id="292" xmltv_id="Disney XD">Disney XD</channel>
    <channel update="i" site="tvmovie.de" site_id="211" xmltv_id="Boomerang">Boomerang</channel>
    <channel update="i" site="tvmovie.de" site_id="96" xmltv_id="Junior">Junior</channel>
    <channel update="i" site="tvmovie.de" site_id="222" xmltv_id="Animax">Animax</channel>
    <channel update="i" site="tvmovie.de" site_id="227" xmltv_id="nicktoons">nicktoons</channel>
    <channel update="i" site="tvmovie.de" site_id="95" xmltv_id="Classica">Classica</channel>
    <channel update="i" site="tvmovie.de" site_id="32" xmltv_id="MTV">MTV</channel>
    <channel update="i" site="tvmovie.de" site_id="187" xmltv_id="VH1 Classic">VH1 Classic</channel>
    <channel update="i" site="tvmovie.de" site_id="421" xmltv_id="GLITZ">GLITZ</channel>
    <channel update="i" site="tvmovie.de" site_id="201" xmltv_id="E! Entertainment Television">E! Entertainment Television</channel>
    <channel update="i" site="tvmovie.de" site_id="296" xmltv_id="fashiontv HD">fashiontv HD</channel>
    <channel update="i" site="tvmovie.de" site_id="263" xmltv_id="sportdigital">sportdigital</channel>
    <channel update="i" site="tvmovie.de" site_id="153" xmltv_id="Extreme Sports">Extreme Sports</channel>
    <channel update="i" site="tvmovie.de" site_id="406" xmltv_id="Spiegel TV Wissen">Spiegel TV Wissen</channel>
    <channel update="i" site="tvmovie.de" site_id="98" xmltv_id="Planet">Planet</channel>
    <channel update="i" site="tvmovie.de" site_id="185" xmltv_id="Silverline">Silverline</channel>
    <channel update="i" site="tvmovie.de" site_id="205" xmltv_id="Gute Laune TV">Gute Laune TV</channel>
    <channel update="i" site="tvmovie.de" site_id="224" xmltv_id="Jukebox">Jukebox</channel>
    <channel update="i" site="tvmovie.de" site_id="259" xmltv_id="Sonnenklar.TV">Sonnenklar.TV</channel>
    <channel update="i" site="tvmovie.de" site_id="186" xmltv_id="BonGusto">BonGusto</channel>
    <channel update="i" site="tvmovie.de" site_id="235" xmltv_id="Baby TV">Baby TV</channel>
    <channel update="i" site="tvmovie.de" site_id="297" xmltv_id="LUST PUR">LUST PUR</channel>
    <channel update="i" site="tvmovie.de" site_id="158" xmltv_id="ANIMAL PLANET">ANIMAL PLANET</channel>
    <channel update="i" site="tvmovie.de" site_id="169" xmltv_id="- name not set">- name not set</channel>
    <channel update="i" site="tvmovie.de" site_id="305" xmltv_id="Auto Motor Sport">Auto Motor Sport</channel>
    <channel update="i" site="tvmovie.de" site_id="184" xmltv_id="Motors TV">Motors TV</channel>
    <channel update="i" site="tvmovie.de" site_id="382" xmltv_id="KidsCo">KidsCo</channel>
    <channel update="i" site="tvmovie.de" site_id="310" xmltv_id="Nick jr">Nick jr</channel>
    <channel update="i" site="tvmovie.de" site_id="174" xmltv_id="MTV Hits">MTV Hits</channel>
    <channel update="i" site="tvmovie.de" site_id="380" xmltv_id="MTV LIVE HD">MTV LIVE HD</channel>
    <channel update="i" site="tvmovie.de" site_id="257" xmltv_id="iMusic1">iMusic1</channel>
    <channel update="i" site="tvmovie.de" site_id="206" xmltv_id="TRACE">TRACE</channel>
    <channel update="i" site="tvmovie.de" site_id="307" xmltv_id="Deutsches Anleger Fernsehen">Deutsches Anleger Fernsehen</channel>
    <channel update="i" site="tvmovie.de" site_id="188" xmltv_id="Wetter Fernsehen">Wetter Fernsehen</channel>
    <channel update="i" site="tvmovie.de" site_id="311" xmltv_id="yourfamilyentertainment">yourfamilyentertainment</channel>
    <channel update="i" site="tvmovie.de" site_id="225" xmltv_id="MTV Music">MTV Music</channel>
    <channel update="i" site="tvmovie.de" site_id="240" xmltv_id="MTV Base">MTV Base</channel>
    <channel update="i" site="tvmovie.de" site_id="268" xmltv_id="TIMM">TIMM</channel>
    <channel update="i" site="tvmovie.de" site_id="383" xmltv_id="Hustler TV">Hustler TV</channel>
    <channel update="i" site="tvmovie.de" site_id="21" xmltv_id="NL1">NL1</channel>
    <channel update="i" site="tvmovie.de" site_id="22" xmltv_id="NL2">NL2</channel>
    <channel update="i" site="tvmovie.de" site_id="23" xmltv_id="NL3">NL3</channel>
    <channel update="i" site="tvmovie.de" site_id="299" xmltv_id="BBC Entertainment">BBC Entertainment</channel>
    <channel update="i" site="tvmovie.de" site_id="18" xmltv_id="DR1">DR1</channel>
    <channel update="i" site="tvmovie.de" site_id="19" xmltv_id="DR2">DR2</channel>
    <channel update="i" site="tvmovie.de" site_id="129" xmltv_id="ATV">ATV</channel>
    <channel update="i" site="tvmovie.de" site_id="314" xmltv_id="PULS 4">PULS 4</channel>
    <channel update="i" site="tvmovie.de" site_id="183" xmltv_id="K-TV">K-TV</channel>
    <channel update="i" site="tvmovie.de" site_id="230" xmltv_id="NTV Avrupa">NTV Avrupa</channel>
    <channel update="i" site="tvmovie.de" site_id="319" xmltv_id="Fine Living Network">Fine Living Network</channel>
    <channel update="i" site="tvmovie.de" site_id="300" xmltv_id="OKTO TV">OKTO TV</channel>
    <channel update="i" site="tvmovie.de" site_id="232" xmltv_id="MCM Top">MCM Top</channel>
    <channel update="i" site="tvmovie.de" site_id="33" xmltv_id="TV5">TV5</channel>
    <channel update="i" site="tvmovie.de" site_id="20" xmltv_id="TV Eén (Belgien)">TV Eén (Belgien)</channel>
    <channel update="i" site="tvmovie.de" site_id="246" xmltv_id="iTVN">iTVN</channel>
    <channel update="i" site="tvmovie.de" site_id="254" xmltv_id="TV Polonia">TV Polonia</channel>
    <channel update="i" site="tvmovie.de" site_id="255" xmltv_id="TVP Info">TVP Info</channel>
    <channel update="i" site="tvmovie.de" site_id="256" xmltv_id="TVP Kultura">TVP Kultura</channel>
    <channel update="i" site="tvmovie.de" site_id="242" xmltv_id="Detski Mir / Teleclub">Detski Mir / Teleclub</channel>
    <channel update="i" site="tvmovie.de" site_id="249" xmltv_id="Nashe Kino">Nashe Kino</channel>
    <channel update="i" site="tvmovie.de" site_id="250" xmltv_id="RTR-Planeta">RTR-Planeta</channel>
    <channel update="i" site="tvmovie.de" site_id="251" xmltv_id="RTVi">RTVi</channel>
    <channel update="i" site="tvmovie.de" site_id="241" xmltv_id="ATV Avrupa">ATV Avrupa</channel>
    <channel update="i" site="tvmovie.de" site_id="243" xmltv_id="Euro D">Euro D</channel>
    <channel update="i" site="tvmovie.de" site_id="244" xmltv_id="Euro Star">Euro Star</channel>
    <channel update="i" site="tvmovie.de" site_id="247" xmltv_id="Kanal 7 Int">Kanal 7 Int</channel>
    <channel update="i" site="tvmovie.de" site_id="379" xmltv_id="Powertürk">Powertürk</channel>
    <channel update="i" site="tvmovie.de" site_id="252" xmltv_id="Show Turk">Show Turk</channel>
    <channel update="i" site="tvmovie.de" site_id="291" xmltv_id="TGRT EU">TGRT EU</channel>
    <channel update="i" site="tvmovie.de" site_id="253" xmltv_id="Türkmax">Türkmax</channel>
    <channel update="i" site="tvmovie.de" site_id="385" xmltv_id="ARD-HD">ARD-HD</channel>
    <channel update="i" site="tvmovie.de" site_id="386" xmltv_id="ZDF-HD">ZDF-HD</channel>
    <channel update="i" site="tvmovie.de" site_id="388" xmltv_id="RTL-HD">RTL-HD</channel>
    <channel update="i" site="tvmovie.de" site_id="387" xmltv_id="Sat1-HD">Sat1-HD</channel>
    <channel update="i" site="tvmovie.de" site_id="389" xmltv_id="Pro7-HD">Pro7-HD</channel>
    <channel update="i" site="tvmovie.de" site_id="407" xmltv_id="RTL II-HD">RTL II-HD</channel>
    <channel update="i" site="tvmovie.de" site_id="391" xmltv_id="Kabel1-HD">Kabel1-HD</channel>
    <channel update="i" site="tvmovie.de" site_id="393" xmltv_id="Vox-HD">Vox-HD</channel>
    <channel update="i" site="tvmovie.de" site_id="390" xmltv_id="Arte-HD">Arte-HD</channel>
    <channel update="i" site="tvmovie.de" site_id="392" xmltv_id="SPORT1-HD">SPORT1-HD</channel>
    <channel update="i" site="tvmovie.de" site_id="404" xmltv_id="VIVA-HD">VIVA-HD</channel>
    <channel update="i" site="tvmovie.de" site_id="402" xmltv_id="nickelodeon-HD">nickelodeon-HD</channel>
    <channel update="i" site="tvmovie.de" site_id="403" xmltv_id="COMEDY CENTRAL-HD">COMEDY CENTRAL-HD</channel>
    <channel update="i" site="tvmovie.de" site_id="396" xmltv_id="TNT Film-HD">TNT Film-HD</channel>
    <channel update="i" site="tvmovie.de" site_id="395" xmltv_id="AXN-HD">AXN-HD</channel>
    <channel update="i" site="tvmovie.de" site_id="397" xmltv_id="FOX-HD">FOX-HD</channel>
    <channel update="i" site="tvmovie.de" site_id="398" xmltv_id="TNT Serie-HD">TNT Serie-HD</channel>
    <channel update="i" site="tvmovie.de" site_id="394" xmltv_id="Syfy-HD">Syfy-HD</channel>
    <channel update="i" site="tvmovie.de" site_id="283" xmltv_id="National Geographic HD">National Geographic HD</channel>
    <channel update="i" site="tvmovie.de" site_id="273" xmltv_id="SKY HITS">SKY HITS</channel>
    <channel update="i" site="tvmovie.de" site_id="269" xmltv_id="ANIXE HD">ANIXE HD</channel>
    <channel update="i" site="tvmovie.de" site_id="381" xmltv_id="MezzoLive HD">MezzoLive HD</channel>
    <channel update="i" site="tvmovie.de" site_id="400" xmltv_id="ServusTV-HD">ServusTV-HD</channel>
    <channel update="i" site="tvmovie.de" site_id="236" xmltv_id="LUXE TV">LUXE TV</channel>
    <channel update="i" site="tvmovie.de" site_id="189" xmltv_id="MTV Dance">MTV Dance</channel>
    <channel update="i" site="tvmovie.de" site_id="221" xmltv_id="MEZZO">MEZZO</channel>
    <channel update="i" site="tvmovie.de" site_id="223" xmltv_id="Rock TV">Rock TV</channel>
    <channel update="i" site="tvmovie.de" site_id="171" xmltv_id="Playhouse Disney">Playhouse Disney</channel>
    <channel update="i" site="tvmovie.de" site_id="309" xmltv_id="JimJam">JimJam</channel>
    <channel update="i" site="tvmovie.de" site_id="229" xmltv_id="Tier TV">Tier TV</channel>
    <channel update="i" site="tvmovie.de" site_id="234" xmltv_id="The Karaoke Channel">The Karaoke Channel</channel>
  </channels>
</site>