﻿<?xml version="1.0" encoding="UTF-8"?>
<site generator-info-name="WebGrab+Plus/w MDB &amp; REX Postprocess -- version 1.53.15/0.01 -- Jan van Straaten" site="starhubtvanywhere.com">
  <channels>
    <channel update="i" site="starhubtvanywhere.com.en" site_id="109" xmltv_id="TV4Me">TV4Me</channel>
    <channel update="i" site="starhubtvanywhere.com.en" site_id="115" xmltv_id="KBS World">KBS World</channel>
    <channel update="i" site="starhubtvanywhere.com.en" site_id="121" xmltv_id="MNC Business">MNC Business</channel>
    <channel update="i" site="starhubtvanywhere.com.en" site_id="122" xmltv_id="MNC International">MNC International</channel>
    <channel update="i" site="starhubtvanywhere.com.en" site_id="123" xmltv_id="Sensasi">Sensasi</channel>
    <channel update="i" site="starhubtvanywhere.com.en" site_id="124" xmltv_id="ONE (Malay)">ONE (Malay)</channel>
    <channel update="i" site="starhubtvanywhere.com.en" site_id="125" xmltv_id="Zee TV">Zee TV</channel>
    <channel update="i" site="starhubtvanywhere.com.en" site_id="126" xmltv_id="STAR Plus">STAR Plus</channel>
    <channel update="i" site="starhubtvanywhere.com.en" site_id="127" xmltv_id="Sony Entertainment Television">Sony Entertainment Television</channel>
    <channel update="i" site="starhubtvanywhere.com.en" site_id="128" xmltv_id="COLORS">COLORS</channel>
    <channel update="i" site="starhubtvanywhere.com.en" site_id="129" xmltv_id="STAR Gold">STAR Gold</channel>
    <channel update="i" site="starhubtvanywhere.com.en" site_id="130" xmltv_id="Zee Cinema">Zee Cinema</channel>
    <channel update="i" site="starhubtvanywhere.com.en" site_id="131" xmltv_id="SONY MAX">SONY MAX</channel>
    <channel update="i" site="starhubtvanywhere.com.en" site_id="132" xmltv_id="Channel [V] India">Channel [V] India</channel>
    <channel update="i" site="starhubtvanywhere.com.en" site_id="133" xmltv_id="Sun TV">Sun TV</channel>
    <channel update="i" site="starhubtvanywhere.com.en" site_id="134" xmltv_id="Sun Music">Sun Music</channel>
    <channel update="i" site="starhubtvanywhere.com.en" site_id="135" xmltv_id="Vijay">Vijay</channel>
    <channel update="i" site="starhubtvanywhere.com.en" site_id="136" xmltv_id="Vannathirai">Vannathirai</channel>
    <channel update="i" site="starhubtvanywhere.com.en" site_id="137" xmltv_id="V Thamizh">V Thamizh</channel>
    <channel update="i" site="starhubtvanywhere.com.en" site_id="138" xmltv_id="Zee Tamizh">Zee Tamizh</channel>
    <channel update="i" site="starhubtvanywhere.com.en" site_id="139" xmltv_id="Asianet">Asianet</channel>
    <channel update="i" site="starhubtvanywhere.com.en" site_id="140" xmltv_id="Channel I">Channel I</channel>
    <channel update="i" site="starhubtvanywhere.com.en" site_id="141" xmltv_id="Verna">Verna</channel>
    <channel update="i" site="starhubtvanywhere.com.en" site_id="143" xmltv_id="ANC">ANC</channel>
    <channel update="i" site="starhubtvanywhere.com.en" site_id="144" xmltv_id="The Filipino Channel">The Filipino Channel</channel>
    <channel update="i" site="starhubtvanywhere.com.en" site_id="145" xmltv_id="Cinema One Global">Cinema One Global</channel>
    <channel update="i" site="starhubtvanywhere.com.en" site_id="146" xmltv_id="Arirang TV">Arirang TV</channel>
    <channel update="i" site="starhubtvanywhere.com.en" site_id="147" xmltv_id="NHK World Premium">NHK World Premium</channel>
    <channel update="i" site="starhubtvanywhere.com.en" site_id="148" xmltv_id="NHK World TV">NHK World TV</channel>
    <channel update="i" site="starhubtvanywhere.com.en" site_id="149" xmltv_id="Hello! Japan">Hello! Japan</channel>
    <channel update="i" site="starhubtvanywhere.com.en" site_id="151" xmltv_id="Russia Today">Russia Today</channel>
    <channel update="i" site="starhubtvanywhere.com.en" site_id="152" xmltv_id="TV5 Monde">TV5 Monde</channel>
    <channel update="i" site="starhubtvanywhere.com.en" site_id="153" xmltv_id="DW (Asien)">DW (Asien)</channel>
    <channel update="i" site="starhubtvanywhere.com.en" site_id="157" xmltv_id="Zee TV HD">Zee TV HD</channel>
    <channel update="i" site="starhubtvanywhere.com.en" site_id="158" xmltv_id="Zee News">Zee News</channel>
    <channel update="i" site="starhubtvanywhere.com.en" site_id="159" xmltv_id="Zee Khana Khazana">Zee Khana Khazana</channel>
    <channel update="i" site="starhubtvanywhere.com.en" site_id="160" xmltv_id="Star Life OK">Star Life OK</channel>
    <channel update="i" site="starhubtvanywhere.com.en" site_id="161" xmltv_id="NDTV Good Times">NDTV Good Times</channel>
    <channel update="i" site="starhubtvanywhere.com.en" site_id="162" xmltv_id="NDTV 24x7">NDTV 24x7</channel>
    <channel update="i" site="starhubtvanywhere.com.en" site_id="201" xmltv_id="SuperSports Arena">SuperSports Arena</channel>
    <channel update="i" site="starhubtvanywhere.com.en" site_id="202" xmltv_id="SuperSports">SuperSports</channel>
    <channel update="i" site="starhubtvanywhere.com.en" site_id="203" xmltv_id="SuperSports Plus">SuperSports Plus</channel>
    <channel update="i" site="starhubtvanywhere.com.en" site_id="205" xmltv_id="Eurosport">Eurosport</channel>
    <channel update="i" site="starhubtvanywhere.com.en" site_id="206" xmltv_id="Eurosportnews">Eurosportnews</channel>
    <channel update="i" site="starhubtvanywhere.com.en" site_id="207" xmltv_id="FOX Sports News">FOX Sports News</channel>
    <channel update="i" site="starhubtvanywhere.com.en" site_id="208" xmltv_id="FOX Sports">FOX Sports</channel>
    <channel update="i" site="starhubtvanywhere.com.en" site_id="209" xmltv_id="STAR Sports">STAR Sports</channel>
    <channel update="i" site="starhubtvanywhere.com.en" site_id="210" xmltv_id="FOX Sports Plus (HD)">FOX Sports Plus (HD)</channel>
    <channel update="i" site="starhubtvanywhere.com.en" site_id="211" xmltv_id="Racquet Channel">Racquet Channel</channel>
    <channel update="i" site="starhubtvanywhere.com.en" site_id="213" xmltv_id="Golf Channel">Golf Channel</channel>
    <channel update="i" site="starhubtvanywhere.com.en" site_id="215" xmltv_id="All Sports Network">All Sports Network</channel>
    <channel update="i" site="starhubtvanywhere.com.en" site_id="216" xmltv_id="NBA TV">NBA TV</channel>
    <channel update="i" site="starhubtvanywhere.com.en" site_id="217" xmltv_id="Setanta Sports">Setanta Sports</channel>
    <channel update="i" site="starhubtvanywhere.com.en" site_id="222" xmltv_id="Football Channel">Football Channel</channel>
    <channel update="i" site="starhubtvanywhere.com.en" site_id="226" xmltv_id="mio Stadium Multiview">mio Stadium Multiview</channel>
    <channel update="i" site="starhubtvanywhere.com.en" site_id="227" xmltv_id="mio Stadium 102 (HD)">mio Stadium 102 (HD)</channel>
    <channel update="i" site="starhubtvanywhere.com.en" site_id="228" xmltv_id="mio Stadium 103 (HD)">mio Stadium 103 (HD)</channel>
    <channel update="i" site="starhubtvanywhere.com.en" site_id="229" xmltv_id="mio Stadium 104 (HD)">mio Stadium 104 (HD)</channel>
    <channel update="i" site="starhubtvanywhere.com.en" site_id="230" xmltv_id="mio Stadium 105 (HD)">mio Stadium 105 (HD)</channel>
    <channel update="i" site="starhubtvanywhere.com.en" site_id="231" xmltv_id="mio Stadium 106 (HD)">mio Stadium 106 (HD)</channel>
    <channel update="i" site="starhubtvanywhere.com.en" site_id="232" xmltv_id="mio Stadium 107 (HD)">mio Stadium 107 (HD)</channel>
    <channel update="i" site="starhubtvanywhere.com.en" site_id="233" xmltv_id="mio Stadium 108 (HD)">mio Stadium 108 (HD)</channel>
    <channel update="i" site="starhubtvanywhere.com.en" site_id="235" xmltv_id="Ten Cricket">Ten Cricket</channel>
    <channel update="i" site="starhubtvanywhere.com.en" site_id="236" xmltv_id="STAR Cricket">STAR Cricket</channel>
    <channel update="i" site="starhubtvanywhere.com.en" site_id="255" xmltv_id="Sports HD">Sports HD</channel>
    <channel update="i" site="starhubtvanywhere.com.en" site_id="288" xmltv_id="Horse Racing Ch88">Horse Racing Ch88</channel>
    <channel update="i" site="starhubtvanywhere.com.en" site_id="289" xmltv_id="Horse Racing Ch89">Horse Racing Ch89</channel>
    <channel update="i" site="starhubtvanywhere.com.en" site_id="302" xmltv_id="BabyTV">BabyTV</channel>
    <channel update="i" site="starhubtvanywhere.com.en" site_id="303" xmltv_id="CBeebies">CBeebies</channel>
    <channel update="i" site="starhubtvanywhere.com.en" site_id="304" xmltv_id="Nick Jr">Nick Jr</channel>
    <channel update="i" site="starhubtvanywhere.com.en" site_id="308" xmltv_id="Discovery Kids">Discovery Kids</channel>
    <channel update="i" site="starhubtvanywhere.com.en" site_id="310" xmltv_id="Disney XD">Disney XD</channel>
    <channel update="i" site="starhubtvanywhere.com.en" site_id="311" xmltv_id="Disney Junior">Disney Junior</channel>
    <channel update="i" site="starhubtvanywhere.com.en" site_id="312" xmltv_id="Disney Channel">Disney Channel</channel>
    <channel update="i" site="starhubtvanywhere.com.en" site_id="314" xmltv_id="Nickelodeon">Nickelodeon</channel>
    <channel update="i" site="starhubtvanywhere.com.en" site_id="315" xmltv_id="Toonami">Toonami</channel>
    <channel update="i" site="starhubtvanywhere.com.en" site_id="316" xmltv_id="Cartoon Network">Cartoon Network</channel>
    <channel update="i" site="starhubtvanywhere.com.en" site_id="321" xmltv_id="momokids Asia">momokids Asia</channel>
    <channel update="i" site="starhubtvanywhere.com.en" site_id="401" xmltv_id="HISTORY">HISTORY</channel>
    <channel update="i" site="starhubtvanywhere.com.en" site_id="402" xmltv_id="H2">H2</channel>
    <channel update="i" site="starhubtvanywhere.com.en" site_id="403" xmltv_id="Crime &amp; Investigation">Crime &amp; Investigation</channel>
    <channel update="i" site="starhubtvanywhere.com.en" site_id="404" xmltv_id="The Biography Channel">The Biography Channel</channel>
    <channel update="i" site="starhubtvanywhere.com.en" site_id="407" xmltv_id="BBC Knowledge">BBC Knowledge</channel>
    <channel update="i" site="starhubtvanywhere.com.en" site_id="411" xmltv_id="National Geographic Channel">National Geographic Channel</channel>
    <channel update="i" site="starhubtvanywhere.com.en" site_id="412" xmltv_id="Nat Geo Adventure">Nat Geo Adventure</channel>
    <channel update="i" site="starhubtvanywhere.com.en" site_id="413" xmltv_id="Nat Geo Wild">Nat Geo Wild</channel>
    <channel update="i" site="starhubtvanywhere.com.en" site_id="422" xmltv_id="Discovery Channel">Discovery Channel</channel>
    <channel update="i" site="starhubtvanywhere.com.en" site_id="423" xmltv_id="Discovery Science">Discovery Science</channel>
    <channel update="i" site="starhubtvanywhere.com.en" site_id="424" xmltv_id="Animal Planet">Animal Planet</channel>
    <channel update="i" site="starhubtvanywhere.com.en" site_id="425" xmltv_id="Discovery Home &amp; Health">Discovery Home &amp; Health</channel>
    <channel update="i" site="starhubtvanywhere.com.en" site_id="426" xmltv_id="Discovery Turbo">Discovery Turbo</channel>
    <channel update="i" site="starhubtvanywhere.com.en" site_id="427" xmltv_id="TLC">TLC</channel>
    <channel update="i" site="starhubtvanywhere.com.en" site_id="432" xmltv_id="BBC Lifestyle">BBC Lifestyle</channel>
    <channel update="i" site="starhubtvanywhere.com.en" site_id="433" xmltv_id="Food Network Asia">Food Network Asia</channel>
    <channel update="i" site="starhubtvanywhere.com.en" site_id="435" xmltv_id="Asian Food Channel">Asian Food Channel</channel>
    <channel update="i" site="starhubtvanywhere.com.en" site_id="441" xmltv_id="E! Entertainment">E! Entertainment</channel>
    <channel update="i" site="starhubtvanywhere.com.en" site_id="442" xmltv_id="Style">Style</channel>
    <channel update="i" site="starhubtvanywhere.com.en" site_id="443" xmltv_id="Fashion TV">Fashion TV</channel>
    <channel update="i" site="starhubtvanywhere.com.en" site_id="446" xmltv_id="truTV">truTV</channel>
    <channel update="i" site="starhubtvanywhere.com.en" site_id="447" xmltv_id="Australia Network">Australia Network</channel>
    <channel update="i" site="starhubtvanywhere.com.en" site_id="457" xmltv_id="National Geographic Channel HD">National Geographic Channel HD</channel>
    <channel update="i" site="starhubtvanywhere.com.en" site_id="461" xmltv_id="Discovery HD WORLD">Discovery HD WORLD</channel>
    <channel update="i" site="starhubtvanywhere.com.en" site_id="473" xmltv_id="Travel Channel HD">Travel Channel HD</channel>
    <channel update="i" site="starhubtvanywhere.com.en" site_id="475" xmltv_id="Ginx">Ginx</channel>
    <channel update="i" site="starhubtvanywhere.com.en" site_id="501" xmltv_id="STAR World">STAR World</channel>
    <channel update="i" site="starhubtvanywhere.com.en" site_id="503" xmltv_id="FOXCRIME">FOXCRIME</channel>
    <channel update="i" site="starhubtvanywhere.com.en" site_id="505" xmltv_id="FOX">FOX</channel>
    <channel update="i" site="starhubtvanywhere.com.en" site_id="507" xmltv_id="FX">FX</channel>
    <channel update="i" site="starhubtvanywhere.com.en" site_id="511" xmltv_id="AXN">AXN</channel>
    <channel update="i" site="starhubtvanywhere.com.en" site_id="512" xmltv_id="Universal Channel">Universal Channel</channel>
    <channel update="i" site="starhubtvanywhere.com.en" site_id="514" xmltv_id="Lifetime">Lifetime</channel>
    <channel update="i" site="starhubtvanywhere.com.en" site_id="515" xmltv_id="WarnerTV">WarnerTV</channel>
    <channel update="i" site="starhubtvanywhere.com.en" site_id="516" xmltv_id="Comedy Central Asia">Comedy Central Asia</channel>
    <channel update="i" site="starhubtvanywhere.com.en" site_id="518" xmltv_id="KIX">KIX</channel>
    <channel update="i" site="starhubtvanywhere.com.en" site_id="519" xmltv_id="HITS HD">HITS HD</channel>
    <channel update="i" site="starhubtvanywhere.com.en" site_id="521" xmltv_id="BBC Entertainment">BBC Entertainment</channel>
    <channel update="i" site="starhubtvanywhere.com.en" site_id="522" xmltv_id="DIVA Universal">DIVA Universal</channel>
    <channel update="i" site="starhubtvanywhere.com.en" site_id="525" xmltv_id="beTV">beTV</channel>
    <channel update="i" site="starhubtvanywhere.com.en" site_id="526" xmltv_id="Syfy">Syfy</channel>
    <channel update="i" site="starhubtvanywhere.com.en" site_id="531" xmltv_id="Channel [V]">Channel [V]</channel>
    <channel update="i" site="starhubtvanywhere.com.en" site_id="532" xmltv_id="Animax">Animax</channel>
    <channel update="i" site="starhubtvanywhere.com.en" site_id="533" xmltv_id="MTV S.E.A">MTV S.E.A</channel>
    <channel update="i" site="starhubtvanywhere.com.en" site_id="535" xmltv_id="NAT GEO MUSIC">NAT GEO MUSIC</channel>
    <channel update="i" site="starhubtvanywhere.com.en" site_id="538" xmltv_id="iConcerts">iConcerts</channel>
    <channel update="i" site="starhubtvanywhere.com.en" site_id="580" xmltv_id="MTV LIVE HD">MTV LIVE HD</channel>
    <channel update="i" site="starhubtvanywhere.com.en" site_id="601" xmltv_id="HBO">HBO</channel>
    <channel update="i" site="starhubtvanywhere.com.en" site_id="603" xmltv_id="HBO Signature">HBO Signature</channel>
    <channel update="i" site="starhubtvanywhere.com.en" site_id="604" xmltv_id="HBO Family">HBO Family</channel>
    <channel update="i" site="starhubtvanywhere.com.en" site_id="605" xmltv_id="HBO Hits">HBO Hits</channel>
    <channel update="i" site="starhubtvanywhere.com.en" site_id="611" xmltv_id="Cinemax">Cinemax</channel>
    <channel update="i" site="starhubtvanywhere.com.en" site_id="613" xmltv_id="CinemaWorld">CinemaWorld</channel>
    <channel update="i" site="starhubtvanywhere.com.en" site_id="616" xmltv_id="Turner Classic Movies">Turner Classic Movies</channel>
    <channel update="i" site="starhubtvanywhere.com.en" site_id="618" xmltv_id="Thrill">Thrill</channel>
    <channel update="i" site="starhubtvanywhere.com.en" site_id="622" xmltv_id="FOX Movies Premium">FOX Movies Premium</channel>
    <channel update="i" site="starhubtvanywhere.com.en" site_id="624" xmltv_id="FOX Family Movies">FOX Family Movies</channel>
    <channel update="i" site="starhubtvanywhere.com.en" site_id="625" xmltv_id="FOX Action Movies HD">FOX Action Movies HD</channel>
    <channel update="i" site="starhubtvanywhere.com.en" site_id="701" xmltv_id="BBC World News">BBC World News</channel>
    <channel update="i" site="starhubtvanywhere.com.en" site_id="702" xmltv_id="FOX News Channel">FOX News Channel</channel>
    <channel update="i" site="starhubtvanywhere.com.en" site_id="703" xmltv_id="SKY News">SKY News</channel>
    <channel update="i" site="starhubtvanywhere.com.en" site_id="707" xmltv_id="CNBC">CNBC</channel>
    <channel update="i" site="starhubtvanywhere.com.en" site_id="708" xmltv_id="Bloomberg Television">Bloomberg Television</channel>
    <channel update="i" site="starhubtvanywhere.com.en" site_id="711" xmltv_id="CNN">CNN</channel>
    <channel update="i" site="starhubtvanywhere.com.en" site_id="712" xmltv_id="CNN Headline News">CNN Headline News</channel>
    <channel update="i" site="starhubtvanywhere.com.en" site_id="722" xmltv_id="CCTV News">CCTV News</channel>
    <channel update="i" site="starhubtvanywhere.com.en" site_id="801" xmltv_id="CCTV-4">CCTV-4</channel>
    <channel update="i" site="starhubtvanywhere.com.en" site_id="805" xmltv_id="Phoenix Chinese Channel">Phoenix Chinese Channel</channel>
    <channel update="i" site="starhubtvanywhere.com.en" site_id="806" xmltv_id="Phoenix InfoNews Channel">Phoenix InfoNews Channel</channel>
    <channel update="i" site="starhubtvanywhere.com.en" site_id="807" xmltv_id="Shen Zhou News Channel">Shen Zhou News Channel</channel>
    <channel update="i" site="starhubtvanywhere.com.en" site_id="808" xmltv_id="TVBS NEWS">TVBS NEWS</channel>
    <channel update="i" site="starhubtvanywhere.com.en" site_id="809" xmltv_id="China Business Network TV">China Business Network TV</channel>
    <channel update="i" site="starhubtvanywhere.com.en" site_id="820" xmltv_id="ONE (English)">ONE (English)</channel>
    <channel update="i" site="starhubtvanywhere.com.en" site_id="821" xmltv_id="XING KONG">XING KONG</channel>
    <channel update="i" site="starhubtvanywhere.com.en" site_id="822" xmltv_id="STAR Chinese Channel">STAR Chinese Channel</channel>
    <channel update="i" site="starhubtvanywhere.com.en" site_id="823" xmltv_id="ONE">ONE</channel>
    <channel update="i" site="starhubtvanywhere.com.en" site_id="824" xmltv_id="ch M">ch M</channel>
    <channel update="i" site="starhubtvanywhere.com.en" site_id="825" xmltv_id="E City">E City</channel>
    <channel update="i" site="starhubtvanywhere.com.en" site_id="826" xmltv_id="E City (+2)">E City (+2)</channel>
    <channel update="i" site="starhubtvanywhere.com.en" site_id="827" xmltv_id="CTI Asia Channel">CTI Asia Channel</channel>
    <channel update="i" site="starhubtvanywhere.com.en" site_id="828" xmltv_id="TVBS ASIA">TVBS ASIA</channel>
    <channel update="i" site="starhubtvanywhere.com.en" site_id="829" xmltv_id="TVB 8">TVB 8</channel>
    <channel update="i" site="starhubtvanywhere.com.en" site_id="830" xmltv_id="Jiangsu Satellite Channel">Jiangsu Satellite Channel</channel>
    <channel update="i" site="starhubtvanywhere.com.en" site_id="832" xmltv_id="Dragon TV">Dragon TV</channel>
    <channel update="i" site="starhubtvanywhere.com.en" site_id="833" xmltv_id="Asia Travel">Asia Travel</channel>
    <channel update="i" site="starhubtvanywhere.com.en" site_id="836" xmltv_id="now Mango">now Mango</channel>
    <channel update="i" site="starhubtvanywhere.com.en" site_id="838" xmltv_id="TVBJ">TVBJ</channel>
    <channel update="i" site="starhubtvanywhere.com.en" site_id="845" xmltv_id="MTV China">MTV China</channel>
    <channel update="i" site="starhubtvanywhere.com.en" site_id="846" xmltv_id="KMTV">KMTV</channel>
    <channel update="i" site="starhubtvanywhere.com.en" site_id="847" xmltv_id="[V] Taiwan">[V] Taiwan</channel>
    <channel update="i" site="starhubtvanywhere.com.en" site_id="848" xmltv_id="[V] China">[V] China</channel>
    <channel update="i" site="starhubtvanywhere.com.en" site_id="851" xmltv_id="now Hairun">now Hairun</channel>
    <channel update="i" site="starhubtvanywhere.com.en" site_id="855" xmltv_id="VV Drama">VV Drama</channel>
    <channel update="i" site="starhubtvanywhere.com.en" site_id="856" xmltv_id="VV Drama (+3)">VV Drama (+3)</channel>
    <channel update="i" site="starhubtvanywhere.com.en" site_id="858" xmltv_id="TVB Classic">TVB Classic</channel>
    <channel update="i" site="starhubtvanywhere.com.en" site_id="859" xmltv_id="TVB Xing He">TVB Xing He</channel>
    <channel update="i" site="starhubtvanywhere.com.en" site_id="861" xmltv_id="now Baogu Movies">now Baogu Movies</channel>
    <channel update="i" site="starhubtvanywhere.com.en" site_id="866" xmltv_id="STAR Chinese Movies">STAR Chinese Movies</channel>
    <channel update="i" site="starhubtvanywhere.com.en" site_id="867" xmltv_id="STAR Chinese Movies Legend">STAR Chinese Movies Legend</channel>
    <channel update="i" site="starhubtvanywhere.com.en" site_id="868" xmltv_id="Celestial Movies">Celestial Movies</channel>
    <channel update="i" site="starhubtvanywhere.com.en" site_id="869" xmltv_id="Celestial Classic Movies">Celestial Classic Movies</channel>
    <channel update="i" site="starhubtvanywhere.com.en" site_id="876" xmltv_id="ONE HD">ONE HD</channel>
  </channels>
</site>