﻿<?xml version="1.0" encoding="UTF-8"?>
<site generator-info-name="WebGrab+Plus/w MDB &amp; REX Postprocess -- version 1.1.1/53.2 -- Jan van Straaten" site="m.tv.sms.cz">
  <channels>
    <channel update="i" site="tv.sms.cz.m" site_id="%C8T1" xmltv_id="ČT1">ČT1</channel>
    <channel update="i" site="tv.sms.cz.m" site_id="%C8T2" xmltv_id="ČT2">ČT2</channel>
    <channel update="i" site="tv.sms.cz.m" site_id="Nova" xmltv_id="Nova">Nova</channel>
    <channel update="i" site="tv.sms.cz.m" site_id="Prima+family" xmltv_id="Prima family">Prima family</channel>
    <channel update="i" site="tv.sms.cz.m" site_id="Prima+Cool" xmltv_id="Prima Cool">Prima Cool</channel>
    <channel update="i" site="tv.sms.cz.m" site_id="Barrandov" xmltv_id="Barrandov">Barrandov</channel>
    <channel update="i" site="tv.sms.cz.m" site_id="Nova+Cinema" xmltv_id="Nova Cinema">Nova Cinema</channel>
    <channel update="i" site="tv.sms.cz.m" site_id="AnimalPlanet" xmltv_id="AnimalPlanet">AnimalPlanet</channel>
    <channel update="i" site="tv.sms.cz.m" site_id="Animax" xmltv_id="Animax">Animax</channel>
    <channel update="i" site="tv.sms.cz.m" site_id="AXN" xmltv_id="AXN">AXN</channel>
    <channel update="i" site="tv.sms.cz.m" site_id="AXN+Black" xmltv_id="AXN Black">AXN Black</channel>
    <channel update="i" site="tv.sms.cz.m" site_id="AXN+Digi+TV" xmltv_id="AXN Digi TV">AXN Digi TV</channel>
    <channel update="i" site="tv.sms.cz.m" site_id="AXN+White" xmltv_id="AXN White">AXN White</channel>
    <channel update="i" site="tv.sms.cz.m" site_id="Btv" xmltv_id="Barrandov">Barrandov</channel>
    <channel update="i" site="tv.sms.cz.m" site_id="CBS+Drama" xmltv_id="Btv">Btv</channel>
    <channel update="i" site="tv.sms.cz.m" site_id="CBS+Reality" xmltv_id="CBS Drama">CBS Drama</channel>
    <channel update="i" site="tv.sms.cz.m" site_id="Cinemax" xmltv_id="CBS Reality">CBS Reality</channel>
    <channel update="i" site="tv.sms.cz.m" site_id="Cinemax2" xmltv_id="Cinemax">Cinemax</channel>
    <channel update="i" site="tv.sms.cz.m" site_id="%C8S+Film" xmltv_id="Cinemax2">Cinemax2</channel>
    <channel update="i" site="tv.sms.cz.m" site_id="%C8T+%3AD" xmltv_id="ČS Film">ČS Film</channel>
    <channel update="i" site="tv.sms.cz.m" site_id="%C8T+art" xmltv_id="ČT art">ČT art</channel>
    <channel update="i" site="tv.sms.cz.m" site_id="%C8T+HD" xmltv_id="ČT HD">ČT HD</channel>
    <channel update="i" site="tv.sms.cz.m" site_id="%C8T24" xmltv_id="ČT1">ČT1</channel>
    <channel update="i" site="tv.sms.cz.m" site_id="%C8T4+Sport" xmltv_id="ČT2">ČT2</channel>
    <channel update="i" site="tv.sms.cz.m" site_id="Discovery" xmltv_id="ČT24">ČT24</channel>
    <channel update="i" site="tv.sms.cz.m" site_id="Discovery+HD+Showcase" xmltv_id="ČT4 Sport">ČT4 Sport</channel>
    <channel update="i" site="tv.sms.cz.m" site_id="Discovery+Science" xmltv_id="Discovery">Discovery</channel>
    <channel update="i" site="tv.sms.cz.m" site_id="Discovery+World" xmltv_id="Discovery HD Showcase">Discovery HD Showcase</channel>
    <channel update="i" site="tv.sms.cz.m" site_id="Disney+Channel" xmltv_id="Discovery Science">Discovery Science</channel>
    <channel update="i" site="tv.sms.cz.m" site_id="Doku+CS" xmltv_id="Doku CS">Doku CS</channel>
    <channel update="i" site="tv.sms.cz.m" site_id="Erox+HD" xmltv_id="Erox HD">Erox HD</channel>
    <channel update="i" site="tv.sms.cz.m" site_id="Eurosport+1" xmltv_id="Eurosport 1">Eurosport 1</channel>
    <channel update="i" site="tv.sms.cz.m" site_id="Eurosport+2" xmltv_id="Eurosport 2">Eurosport 2</channel>
    <channel update="i" site="tv.sms.cz.m" site_id="Fajnrock+TV" xmltv_id="Fajnrock TV">Fajnrock TV</channel>
    <channel update="i" site="tv.sms.cz.m" site_id="FANDA" xmltv_id="FANDA">FANDA</channel>
    <channel update="i" site="tv.sms.cz.m" site_id="Film+Europe" xmltv_id="Film Europe">Film Europe</channel>
    <channel update="i" site="tv.sms.cz.m" site_id="Film%2B" xmltv_id="Film+">Film+</channel>
    <channel update="i" site="tv.sms.cz.m" site_id="Filmbox" xmltv_id="Filmbox">Filmbox</channel>
    <channel update="i" site="tv.sms.cz.m" site_id="Filmbox+Extra+1" xmltv_id="Filmbox Extra 1">Filmbox Extra 1</channel>
    <channel update="i" site="tv.sms.cz.m" site_id="Filmbox+Family" xmltv_id="Filmbox Family">Filmbox Family</channel>
    <channel update="i" site="tv.sms.cz.m" site_id="Filmbox+HD" xmltv_id="Filmbox HD">Filmbox HD</channel>
    <channel update="i" site="tv.sms.cz.m" site_id="Filmbox+Plus" xmltv_id="Filmbox Plus">Filmbox Plus</channel>
    <channel update="i" site="tv.sms.cz.m" site_id="Fine+Living+Network" xmltv_id="Fine Living Network">Fine Living Network</channel>
    <channel update="i" site="tv.sms.cz.m" site_id="FUN1" xmltv_id="FUN1">FUN1</channel>
    <channel update="i" site="tv.sms.cz.m" site_id="Golf+Channel" xmltv_id="Golf Channel">Golf Channel</channel>
    <channel update="i" site="tv.sms.cz.m" site_id="Harmonie+TV" xmltv_id="Harmonie TV">Harmonie TV</channel>
    <channel update="i" site="tv.sms.cz.m" site_id="HBO" xmltv_id="HBO">HBO</channel>
    <channel update="i" site="tv.sms.cz.m" site_id="HBO+Comedy" xmltv_id="HBO Comedy">HBO Comedy</channel>
    <channel update="i" site="tv.sms.cz.m" site_id="HBO2" xmltv_id="HBO2">HBO2</channel>
    <channel update="i" site="tv.sms.cz.m" site_id="History+Channel" xmltv_id="History Channel">History Channel</channel>
    <channel update="i" site="tv.sms.cz.m" site_id="HOROR+FILM" xmltv_id="HOROR FILM">HOROR FILM</channel>
    <channel update="i" site="tv.sms.cz.m" site_id="Jim+Jam" xmltv_id="Jim Jam">Jim Jam</channel>
    <channel update="i" site="tv.sms.cz.m" site_id="Kino+CS" xmltv_id="Kino CS">Kino CS</channel>
    <channel update="i" site="tv.sms.cz.m" site_id="KinoSv%ECt" xmltv_id="KinoSvět">KinoSvět</channel>
    <channel update="i" site="tv.sms.cz.m" site_id="Leo" xmltv_id="Leo">Leo</channel>
    <channel update="i" site="tv.sms.cz.m" site_id="Megamax" xmltv_id="Megamax">Megamax</channel>
    <channel update="i" site="tv.sms.cz.m" site_id="MeteoTV" xmltv_id="MeteoTV">MeteoTV</channel>
    <channel update="i" site="tv.sms.cz.m" site_id="Metropol+TV" xmltv_id="Metropol TV">Metropol TV</channel>
    <channel update="i" site="tv.sms.cz.m" site_id="MGM" xmltv_id="MGM">MGM</channel>
    <channel update="i" site="tv.sms.cz.m" site_id="Minimax" xmltv_id="Minimax">Minimax</channel>
    <channel update="i" site="tv.sms.cz.m" site_id="MTV" xmltv_id="MTV">MTV</channel>
    <channel update="i" site="tv.sms.cz.m" site_id="Muzika+CS" xmltv_id="Muzika CS">Muzika CS</channel>
    <channel update="i" site="tv.sms.cz.m" site_id="National+Geographic" xmltv_id="National Geographic">National Geographic</channel>
    <channel update="i" site="tv.sms.cz.m" site_id="National+Geographic+HD" xmltv_id="National Geographic HD">National Geographic HD</channel>
    <channel update="i" site="tv.sms.cz.m" site_id="National+Geographic+Wild" xmltv_id="National Geographic Wild">National Geographic Wild</channel>
    <channel update="i" site="tv.sms.cz.m" site_id="Nickelodeon" xmltv_id="Nickelodeon">Nickelodeon</channel>
    <channel update="i" site="tv.sms.cz.m" site_id="Noe" xmltv_id="Noe">Noe</channel>
    <channel update="i" site="tv.sms.cz.m" site_id="Nova+News" xmltv_id="Nova">Nova</channel>
    <channel update="i" site="tv.sms.cz.m" site_id="Nova+sport" xmltv_id="Nova Cinema">Nova Cinema</channel>
    <channel update="i" site="tv.sms.cz.m" site_id="%D3%E8ko" xmltv_id="Nova News">Nova News</channel>
    <channel update="i" site="tv.sms.cz.m" site_id="%D3%E8ko+Expres" xmltv_id="Nova sport">Nova sport</channel>
    <channel update="i" site="tv.sms.cz.m" site_id="%D3%E8ko+Gold" xmltv_id="Óčko">Óčko</channel>
    <channel update="i" site="tv.sms.cz.m" site_id="OIK+TV" xmltv_id="Óčko Expres">Óčko Expres</channel>
    <channel update="i" site="tv.sms.cz.m" site_id="Paprika" xmltv_id="Óčko Gold">Óčko Gold</channel>
    <channel update="i" site="tv.sms.cz.m" site_id="POLAR" xmltv_id="POLAR">POLAR</channel>
    <channel update="i" site="tv.sms.cz.m" site_id="Prima+LOVE" xmltv_id="Prima Cool">Prima Cool</channel>
    <channel update="i" site="tv.sms.cz.m" site_id="Prima+ZOOM" xmltv_id="Prima family">Prima family</channel>
    <channel update="i" site="tv.sms.cz.m" site_id="regionalnitelevize.cz" xmltv_id="Prima LOVE">Prima LOVE</channel>
    <channel update="i" site="tv.sms.cz.m" site_id="RELAX" xmltv_id="Prima ZOOM">Prima ZOOM</channel>
    <channel update="i" site="tv.sms.cz.m" site_id="Retro+Music" xmltv_id="regionalnitelevize.cz">regionalnitelevize.cz</channel>
    <channel update="i" site="tv.sms.cz.m" site_id="Ring" xmltv_id="RELAX">RELAX</channel>
    <channel update="i" site="tv.sms.cz.m" site_id="RTM" xmltv_id="Retro Music">Retro Music</channel>
    <channel update="i" site="tv.sms.cz.m" site_id="Slov%E1cko" xmltv_id="Slovácko">Slovácko</channel>
    <channel update="i" site="tv.sms.cz.m" site_id="SM%CDCHOV" xmltv_id="SMÍCHOV">SMÍCHOV</channel>
    <channel update="i" site="tv.sms.cz.m" site_id="Spektrum" xmltv_id="Spektrum">Spektrum</channel>
    <channel update="i" site="tv.sms.cz.m" site_id="Spektrum+Home" xmltv_id="Spektrum Home">Spektrum Home</channel>
    <channel update="i" site="tv.sms.cz.m" site_id="Sport+5" xmltv_id="Sport 5">Sport 5</channel>
    <channel update="i" site="tv.sms.cz.m" site_id="Sport+M" xmltv_id="Sport M">Sport M</channel>
    <channel update="i" site="tv.sms.cz.m" site_id="Sport1" xmltv_id="Sport1">Sport1</channel>
    <channel update="i" site="tv.sms.cz.m" site_id="Sport2" xmltv_id="Sport2">Sport2</channel>
    <channel update="i" site="tv.sms.cz.m" site_id="%8Al%E1gr+TV" xmltv_id="Šlágr TV">Šlágr TV</channel>
    <channel update="i" site="tv.sms.cz.m" site_id="TELKA" xmltv_id="TELKA">TELKA</channel>
    <channel update="i" site="tv.sms.cz.m" site_id="The+Fishing+and+Hunting" xmltv_id="The Fishing and Hunting">The Fishing and Hunting</channel>
    <channel update="i" site="tv.sms.cz.m" site_id="TIK" xmltv_id="TIK">TIK</channel>
    <channel update="i" site="tv.sms.cz.m" site_id="TLC" xmltv_id="TLC">TLC</channel>
    <channel update="i" site="tv.sms.cz.m" site_id="Travel+Channel" xmltv_id="Travel Channel">Travel Channel</channel>
    <channel update="i" site="tv.sms.cz.m" site_id="Universal+Channel" xmltv_id="Universal Channel">Universal Channel</channel>
    <channel update="i" site="tv.sms.cz.m" site_id="V1" xmltv_id="V1">V1</channel>
    <channel update="i" site="tv.sms.cz.m" site_id="Viasat+Explorer" xmltv_id="Viasat Explorer">Viasat Explorer</channel>
    <channel update="i" site="tv.sms.cz.m" site_id="Viasat+History" xmltv_id="Viasat History">Viasat History</channel>
    <channel update="i" site="tv.sms.cz.m" site_id="Viasat+History+HD" xmltv_id="Viasat History HD">Viasat History HD</channel>
    <channel update="i" site="tv.sms.cz.m" site_id="Viasat+Nature" xmltv_id="Viasat Nature">Viasat Nature</channel>
    <channel update="i" site="tv.sms.cz.m" site_id="Viasat+Nature+HD" xmltv_id="Viasat Nature HD">Viasat Nature HD</channel>
    <channel update="i" site="tv.sms.cz.m" site_id="VOYO+Cinema" xmltv_id="VOYO Cinema">VOYO Cinema</channel>
    <channel update="i" site="tv.sms.cz.m" site_id="CETV" xmltv_id="CETV">CETV</channel>
    <channel update="i" site="tv.sms.cz.m" site_id="Digi+Liga+Majstrov+1" xmltv_id="Digi Liga Majstrov 1">Digi Liga Majstrov 1</channel>
    <channel update="i" site="tv.sms.cz.m" site_id="Digi+Liga+Majstrov+2" xmltv_id="Digi Liga Majstrov 2">Digi Liga Majstrov 2</channel>
    <channel update="i" site="tv.sms.cz.m" site_id="Digi+sport+SK" xmltv_id="Digi sport SK">Digi sport SK</channel>
    <channel update="i" site="tv.sms.cz.m" site_id="Digi+sport+SK+2" xmltv_id="Digi sport SK 2">Digi sport SK 2</channel>
    <channel update="i" site="tv.sms.cz.m" site_id="Doma" xmltv_id="Doma">Doma</channel>
    <channel update="i" site="tv.sms.cz.m" site_id="duck.tv" xmltv_id="duck.tv">duck.tv</channel>
    <channel update="i" site="tv.sms.cz.m" site_id="duck.tv+HD" xmltv_id="duck.tv HD">duck.tv HD</channel>
    <channel update="i" site="tv.sms.cz.m" site_id="FashionTV+czsk" xmltv_id="FashionTV czsk">FashionTV czsk</channel>
    <channel update="i" site="tv.sms.cz.m" site_id="FOOOR" xmltv_id="FOOOR">FOOOR</channel>
    <channel update="i" site="tv.sms.cz.m" site_id="JOJ" xmltv_id="JOJ">JOJ</channel>
    <channel update="i" site="tv.sms.cz.m" site_id="JOJ+Plus" xmltv_id="JOJ Plus">JOJ Plus</channel>
    <channel update="i" site="tv.sms.cz.m" site_id="Liptov" xmltv_id="Liptov">Liptov</channel>
    <channel update="i" site="tv.sms.cz.m" site_id="Lux" xmltv_id="Lux">Lux</channel>
    <channel update="i" site="tv.sms.cz.m" site_id="Mark%EDza" xmltv_id="Markíza">Markíza</channel>
    <channel update="i" site="tv.sms.cz.m" site_id="Music+Box" xmltv_id="Music Box">Music Box</channel>
    <channel update="i" site="tv.sms.cz.m" site_id="Musiq1" xmltv_id="Musiq1">Musiq1</channel>
    <channel update="i" site="tv.sms.cz.m" site_id="SENZI" xmltv_id="SENZI">SENZI</channel>
    <channel update="i" site="tv.sms.cz.m" site_id="Slovak+Sport+TV1" xmltv_id="Slovak Sport TV1">Slovak Sport TV1</channel>
    <channel update="i" site="tv.sms.cz.m" site_id="Slovak+Sport+TV2" xmltv_id="Slovak Sport TV2">Slovak Sport TV2</channel>
    <channel update="i" site="tv.sms.cz.m" site_id="Slovak+Sport+TV3" xmltv_id="Slovak Sport TV3">Slovak Sport TV3</channel>
    <channel update="i" site="tv.sms.cz.m" site_id="STV1" xmltv_id="STV1">STV1</channel>
    <channel update="i" site="tv.sms.cz.m" site_id="STV2" xmltv_id="STV2">STV2</channel>
    <channel update="i" site="tv.sms.cz.m" site_id="TA3" xmltv_id="TA3">TA3</channel>
    <channel update="i" site="tv.sms.cz.m" site_id="TV+Bratislava" xmltv_id="TV Bratislava">TV Bratislava</channel>
    <channel update="i" site="tv.sms.cz.m" site_id="TV+DAJTO" xmltv_id="TV DAJTO">TV DAJTO</channel>
    <channel update="i" site="tv.sms.cz.m" site_id="TV+Na%9Aa" xmltv_id="TV Naša">TV Naša</channel>
    <channel update="i" site="tv.sms.cz.m" site_id="TV8" xmltv_id="TV8">TV8</channel>
    <channel update="i" site="tv.sms.cz.m" site_id="WAU" xmltv_id="WAU">WAU</channel>
    <channel update="i" site="tv.sms.cz.m" site_id="Cartoon+Network+%28pl%29" xmltv_id="Cartoon Network (pl)">Cartoon Network (pl)</channel>
    <channel update="i" site="tv.sms.cz.m" site_id="Domo%2B" xmltv_id="Domo+">Domo+</channel>
    <channel update="i" site="tv.sms.cz.m" site_id="ESKA+TV" xmltv_id="ESKA TV">ESKA TV</channel>
    <channel update="i" site="tv.sms.cz.m" site_id="Kino+Polska" xmltv_id="Kino Polska">Kino Polska</channel>
    <channel update="i" site="tv.sms.cz.m" site_id="Kuchnia%2B" xmltv_id="Kuchnia+">Kuchnia+</channel>
    <channel update="i" site="tv.sms.cz.m" site_id="nSport+HD" xmltv_id="nSport HD">nSport HD</channel>
    <channel update="i" site="tv.sms.cz.m" site_id="ONTV" xmltv_id="ONTV">ONTV</channel>
    <channel update="i" site="tv.sms.cz.m" site_id="Polonia" xmltv_id="Polonia">Polonia</channel>
    <channel update="i" site="tv.sms.cz.m" site_id="Polsat" xmltv_id="Polsat">Polsat</channel>
    <channel update="i" site="tv.sms.cz.m" site_id="Polsat+Caf%E9" xmltv_id="Polsat Café">Polsat Café</channel>
    <channel update="i" site="tv.sms.cz.m" site_id="Polsat+Film" xmltv_id="Polsat Film">Polsat Film</channel>
    <channel update="i" site="tv.sms.cz.m" site_id="Polsat+News" xmltv_id="Polsat News">Polsat News</channel>
    <channel update="i" site="tv.sms.cz.m" site_id="Polsat+Play" xmltv_id="Polsat Play">Polsat Play</channel>
    <channel update="i" site="tv.sms.cz.m" site_id="Polsat+Sport" xmltv_id="Polsat Sport">Polsat Sport</channel>
    <channel update="i" site="tv.sms.cz.m" site_id="Polsat+Sport+Extra" xmltv_id="Polsat Sport Extra">Polsat Sport Extra</channel>
    <channel update="i" site="tv.sms.cz.m" site_id="Polsat+Sport+News" xmltv_id="Polsat Sport News">Polsat Sport News</channel>
    <channel update="i" site="tv.sms.cz.m" site_id="Polsat2" xmltv_id="Polsat2">Polsat2</channel>
    <channel update="i" site="tv.sms.cz.m" site_id="Puls+2" xmltv_id="Puls 2">Puls 2</channel>
    <channel update="i" site="tv.sms.cz.m" site_id="religia.tv" xmltv_id="religia.tv">religia.tv</channel>
    <channel update="i" site="tv.sms.cz.m" site_id="Tele5" xmltv_id="Tele5">Tele5</channel>
    <channel update="i" site="tv.sms.cz.m" site_id="TV+Bialorus" xmltv_id="TV Bialorus">TV Bialorus</channel>
    <channel update="i" site="tv.sms.cz.m" site_id="TV+Puls" xmltv_id="TV Puls">TV Puls</channel>
    <channel update="i" site="tv.sms.cz.m" site_id="TV4" xmltv_id="TV4">TV4</channel>
    <channel update="i" site="tv.sms.cz.m" site_id="TV6" xmltv_id="TV6">TV6</channel>
    <channel update="i" site="tv.sms.cz.m" site_id="TVN" xmltv_id="TVN">TVN</channel>
    <channel update="i" site="tv.sms.cz.m" site_id="TVN7" xmltv_id="TVN7">TVN7</channel>
    <channel update="i" site="tv.sms.cz.m" site_id="TVP+HD" xmltv_id="TVP HD">TVP HD</channel>
    <channel update="i" site="tv.sms.cz.m" site_id="TVP+Historia" xmltv_id="TVP Historia">TVP Historia</channel>
    <channel update="i" site="tv.sms.cz.m" site_id="TVP+Info" xmltv_id="TVP Info">TVP Info</channel>
    <channel update="i" site="tv.sms.cz.m" site_id="TVP+Kultura" xmltv_id="TVP Kultura">TVP Kultura</channel>
    <channel update="i" site="tv.sms.cz.m" site_id="TVP+Rozrywka" xmltv_id="TVP Rozrywka">TVP Rozrywka</channel>
    <channel update="i" site="tv.sms.cz.m" site_id="TVP+Seriale" xmltv_id="TVP Seriale">TVP Seriale</channel>
    <channel update="i" site="tv.sms.cz.m" site_id="TVP+Sport" xmltv_id="TVP Sport">TVP Sport</channel>
    <channel update="i" site="tv.sms.cz.m" site_id="TVP+Warszawa" xmltv_id="TVP Warszawa">TVP Warszawa</channel>
    <channel update="i" site="tv.sms.cz.m" site_id="TVP1" xmltv_id="TVP1">TVP1</channel>
    <channel update="i" site="tv.sms.cz.m" site_id="TVP2" xmltv_id="TVP2">TVP2</channel>
    <channel update="i" site="tv.sms.cz.m" site_id="TVS" xmltv_id="TVS">TVS</channel>
    <channel update="i" site="tv.sms.cz.m" site_id="3SAT" xmltv_id="3SAT">3SAT</channel>
    <channel update="i" site="tv.sms.cz.m" site_id="ARD" xmltv_id="ARD">ARD</channel>
    <channel update="i" site="tv.sms.cz.m" site_id="ARTE" xmltv_id="ARTE">ARTE</channel>
    <channel update="i" site="tv.sms.cz.m" site_id="ATV+%28de%29" xmltv_id="ATV (de)">ATV (de)</channel>
    <channel update="i" site="tv.sms.cz.m" site_id="Auto+Motor+und+Sport+Channel" xmltv_id="Auto Motor und Sport Channel">Auto Motor und Sport Channel</channel>
    <channel update="i" site="tv.sms.cz.m" site_id="BR" xmltv_id="BR">BR</channel>
    <channel update="i" site="tv.sms.cz.m" site_id="BR-alpha" xmltv_id="BR-alpha">BR-alpha</channel>
    <channel update="i" site="tv.sms.cz.m" site_id="Deluxe+Lounge+HD" xmltv_id="Deluxe Lounge HD">Deluxe Lounge HD</channel>
    <channel update="i" site="tv.sms.cz.m" site_id="Deluxe+Music" xmltv_id="Deluxe Music">Deluxe Music</channel>
    <channel update="i" site="tv.sms.cz.m" site_id="Deutsche+Welle" xmltv_id="Deutsche Welle">Deutsche Welle</channel>
    <channel update="i" site="tv.sms.cz.m" site_id="EinsFestival" xmltv_id="EinsFestival">EinsFestival</channel>
    <channel update="i" site="tv.sms.cz.m" site_id="EinsPlus" xmltv_id="EinsPlus">EinsPlus</channel>
    <channel update="i" site="tv.sms.cz.m" site_id="HR-fernsehen" xmltv_id="HR-fernsehen">HR-fernsehen</channel>
    <channel update="i" site="tv.sms.cz.m" site_id="Kabel1" xmltv_id="Kabel1">Kabel1</channel>
    <channel update="i" site="tv.sms.cz.m" site_id="Kika" xmltv_id="Kika">Kika</channel>
    <channel update="i" site="tv.sms.cz.m" site_id="MDR" xmltv_id="MDR">MDR</channel>
    <channel update="i" site="tv.sms.cz.m" site_id="MTV+Germany" xmltv_id="MTV Germany">MTV Germany</channel>
    <channel update="i" site="tv.sms.cz.m" site_id="n-tv" xmltv_id="n-tv">n-tv</channel>
    <channel update="i" site="tv.sms.cz.m" site_id="N24" xmltv_id="N24">N24</channel>
    <channel update="i" site="tv.sms.cz.m" site_id="NDR+Fernsehen" xmltv_id="NDR Fernsehen">NDR Fernsehen</channel>
    <channel update="i" site="tv.sms.cz.m" site_id="ORF+SPORT+%2B" xmltv_id="ORF SPORT +">ORF SPORT +</channel>
    <channel update="i" site="tv.sms.cz.m" site_id="ORF1" xmltv_id="ORF1">ORF1</channel>
    <channel update="i" site="tv.sms.cz.m" site_id="ORF2" xmltv_id="ORF2">ORF2</channel>
    <channel update="i" site="tv.sms.cz.m" site_id="ORF3" xmltv_id="ORF3">ORF3</channel>
    <channel update="i" site="tv.sms.cz.m" site_id="Passion" xmltv_id="Passion">Passion</channel>
    <channel update="i" site="tv.sms.cz.m" site_id="Phoenix" xmltv_id="Phoenix">Phoenix</channel>
    <channel update="i" site="tv.sms.cz.m" site_id="PRO7" xmltv_id="PRO7">PRO7</channel>
    <channel update="i" site="tv.sms.cz.m" site_id="Puls+4" xmltv_id="Puls 4">Puls 4</channel>
    <channel update="i" site="tv.sms.cz.m" site_id="RBB+Berlin" xmltv_id="RBB Berlin">RBB Berlin</channel>
    <channel update="i" site="tv.sms.cz.m" site_id="RTL" xmltv_id="RTL">RTL</channel>
    <channel update="i" site="tv.sms.cz.m" site_id="RTL+Crime" xmltv_id="RTL Crime">RTL Crime</channel>
    <channel update="i" site="tv.sms.cz.m" site_id="RTL+Living" xmltv_id="RTL Living">RTL Living</channel>
    <channel update="i" site="tv.sms.cz.m" site_id="RTL+Nitro" xmltv_id="RTL Nitro">RTL Nitro</channel>
    <channel update="i" site="tv.sms.cz.m" site_id="RTL2" xmltv_id="RTL2">RTL2</channel>
    <channel update="i" site="tv.sms.cz.m" site_id="SAT1" xmltv_id="SAT1">SAT1</channel>
    <channel update="i" site="tv.sms.cz.m" site_id="Sixx" xmltv_id="Sixx">Sixx</channel>
    <channel update="i" site="tv.sms.cz.m" site_id="SPORT1+%28DSF%29" xmltv_id="SPORT1 (DSF)">SPORT1 (DSF)</channel>
    <channel update="i" site="tv.sms.cz.m" site_id="Super+RTL" xmltv_id="Super RTL">Super RTL</channel>
    <channel update="i" site="tv.sms.cz.m" site_id="SWR+Fernsehen" xmltv_id="SWR Fernsehen">SWR Fernsehen</channel>
    <channel update="i" site="tv.sms.cz.m" site_id="tagesschau24" xmltv_id="tagesschau24">tagesschau24</channel>
    <channel update="i" site="tv.sms.cz.m" site_id="VIVA" xmltv_id="VIVA">VIVA</channel>
    <channel update="i" site="tv.sms.cz.m" site_id="VOX" xmltv_id="VOX">VOX</channel>
    <channel update="i" site="tv.sms.cz.m" site_id="WDR+Fernsehen" xmltv_id="WDR Fernsehen">WDR Fernsehen</channel>
    <channel update="i" site="tv.sms.cz.m" site_id="ZDF" xmltv_id="ZDF">ZDF</channel>
    <channel update="i" site="tv.sms.cz.m" site_id="ZDF.kultur" xmltv_id="ZDF.kultur">ZDF.kultur</channel>
    <channel update="i" site="tv.sms.cz.m" site_id="ZDFinfo" xmltv_id="ZDFinfo">ZDFinfo</channel>
    <channel update="i" site="tv.sms.cz.m" site_id="ZDFneo" xmltv_id="ZDFneo">ZDFneo</channel>
    <channel update="i" site="tv.sms.cz.m" site_id="360TuneBox" xmltv_id="360TuneBox">360TuneBox</channel>
    <channel update="i" site="tv.sms.cz.m" site_id="Adult+Channel" xmltv_id="Adult Channel">Adult Channel</channel>
    <channel update="i" site="tv.sms.cz.m" site_id="Aljazeera" xmltv_id="Aljazeera">Aljazeera</channel>
    <channel update="i" site="tv.sms.cz.m" site_id="AnimalPlanet+%28Digi+TV%29" xmltv_id="AnimalPlanet (Digi TV)">AnimalPlanet (Digi TV)</channel>
    <channel update="i" site="tv.sms.cz.m" site_id="Arirang" xmltv_id="Arirang">Arirang</channel>
    <channel update="i" site="tv.sms.cz.m" site_id="B+in+Balance" xmltv_id="B in Balance">B in Balance</channel>
    <channel update="i" site="tv.sms.cz.m" site_id="Baby+TV" xmltv_id="Baby TV">Baby TV</channel>
    <channel update="i" site="tv.sms.cz.m" site_id="BBC+Entertainment" xmltv_id="BBC Entertainment">BBC Entertainment</channel>
    <channel update="i" site="tv.sms.cz.m" site_id="BBC+Four" xmltv_id="BBC Four">BBC Four</channel>
    <channel update="i" site="tv.sms.cz.m" site_id="BBC+One" xmltv_id="BBC One">BBC One</channel>
    <channel update="i" site="tv.sms.cz.m" site_id="BBC+Three" xmltv_id="BBC Three">BBC Three</channel>
    <channel update="i" site="tv.sms.cz.m" site_id="BBC+Two" xmltv_id="BBC Two">BBC Two</channel>
    <channel update="i" site="tv.sms.cz.m" site_id="BBC+World+News" xmltv_id="BBC World News">BBC World News</channel>
    <channel update="i" site="tv.sms.cz.m" site_id="Bloomberg" xmltv_id="Bloomberg">Bloomberg</channel>
    <channel update="i" site="tv.sms.cz.m" site_id="Blue+Hustler" xmltv_id="Blue Hustler">Blue Hustler</channel>
    <channel update="i" site="tv.sms.cz.m" site_id="Boomerang" xmltv_id="Boomerang">Boomerang</channel>
    <channel update="i" site="tv.sms.cz.m" site_id="C+Music+TV" xmltv_id="C Music TV">C Music TV</channel>
    <channel update="i" site="tv.sms.cz.m" site_id="Cartoon+Network" xmltv_id="Cartoon Network">Cartoon Network</channel>
    <channel update="i" site="tv.sms.cz.m" site_id="Cartoon+Network+%28v+UPC+direct%29" xmltv_id="Cartoon Network (v UPC direct)">Cartoon Network (v UPC direct)</channel>
    <channel update="i" site="tv.sms.cz.m" site_id="CCTV+News" xmltv_id="CCTV News">CCTV News</channel>
    <channel update="i" site="tv.sms.cz.m" site_id="CCTV9" xmltv_id="CCTV9">CCTV9</channel>
    <channel update="i" site="tv.sms.cz.m" site_id="CNBC+Europe" xmltv_id="CNBC Europe">CNBC Europe</channel>
    <channel update="i" site="tv.sms.cz.m" site_id="CNN" xmltv_id="CNN">CNN</channel>
    <channel update="i" site="tv.sms.cz.m" site_id="CNTV" xmltv_id="CNTV">CNTV</channel>
    <channel update="i" site="tv.sms.cz.m" site_id="Comedy+Central" xmltv_id="Comedy Central">Comedy Central</channel>
    <channel update="i" site="tv.sms.cz.m" site_id="Comedy+Central+Extra" xmltv_id="Comedy Central Extra">Comedy Central Extra</channel>
    <channel update="i" site="tv.sms.cz.m" site_id="Crime+and+Investigation" xmltv_id="Crime and Investigation">Crime and Investigation</channel>
    <channel update="i" site="tv.sms.cz.m" site_id="Cult+Movie+Network" xmltv_id="Cult Movie Network">Cult Movie Network</channel>
    <channel update="i" site="tv.sms.cz.m" site_id="Daring%21+TV" xmltv_id="Daring! TV">Daring! TV</channel>
    <channel update="i" site="tv.sms.cz.m" site_id="Discovery+%28Digi+TV%29+%28en%29" xmltv_id="Discovery (Digi TV) (en)">Discovery (Digi TV) (en)</channel>
    <channel update="i" site="tv.sms.cz.m" site_id="Discovery+EN" xmltv_id="Discovery EN">Discovery EN</channel>
    <channel update="i" site="tv.sms.cz.m" site_id="Discovery+Investigation" xmltv_id="Discovery Investigation">Discovery Investigation</channel>
    <channel update="i" site="tv.sms.cz.m" site_id="Disney+Junior" xmltv_id="Disney Junior">Disney Junior</channel>
    <channel update="i" site="tv.sms.cz.m" site_id="DocuBox+HD" xmltv_id="DocuBox HD">DocuBox HD</channel>
    <channel update="i" site="tv.sms.cz.m" site_id="E%21+Entertainment" xmltv_id="E! Entertainment">E! Entertainment</channel>
    <channel update="i" site="tv.sms.cz.m" site_id="English+Club+TV" xmltv_id="English Club TV">English Club TV</channel>
    <channel update="i" site="tv.sms.cz.m" site_id="Eroxxx+HD" xmltv_id="Eroxxx HD">Eroxxx HD</channel>
    <channel update="i" site="tv.sms.cz.m" site_id="Extreme+Sports" xmltv_id="Extreme Sports">Extreme Sports</channel>
    <channel update="i" site="tv.sms.cz.m" site_id="Fashion+One" xmltv_id="Fashion One">Fashion One</channel>
    <channel update="i" site="tv.sms.cz.m" site_id="Fashion+TV+F.MEN" xmltv_id="Fashion TV F.MEN">Fashion TV F.MEN</channel>
    <channel update="i" site="tv.sms.cz.m" site_id="FashionBox+HD" xmltv_id="FashionBox HD">FashionBox HD</channel>
    <channel update="i" site="tv.sms.cz.m" site_id="FashionTV" xmltv_id="FashionTV">FashionTV</channel>
    <channel update="i" site="tv.sms.cz.m" site_id="FashionTV+HD" xmltv_id="FashionTV HD">FashionTV HD</channel>
    <channel update="i" site="tv.sms.cz.m" site_id="Fightbox+HD" xmltv_id="Fightbox HD">Fightbox HD</channel>
    <channel update="i" site="tv.sms.cz.m" site_id="Fitness+TV" xmltv_id="Fitness TV">Fitness TV</channel>
    <channel update="i" site="tv.sms.cz.m" site_id="Food+Network" xmltv_id="Food Network">Food Network</channel>
    <channel update="i" site="tv.sms.cz.m" site_id="Fuel" xmltv_id="Fuel">Fuel</channel>
    <channel update="i" site="tv.sms.cz.m" site_id="Ginx" xmltv_id="Ginx">Ginx</channel>
    <channel update="i" site="tv.sms.cz.m" site_id="Hustler+HD" xmltv_id="Hustler HD">Hustler HD</channel>
    <channel update="i" site="tv.sms.cz.m" site_id="Hustler+TV" xmltv_id="Hustler TV">Hustler TV</channel>
    <channel update="i" site="tv.sms.cz.m" site_id="iConcerts" xmltv_id="iConcerts">iConcerts</channel>
    <channel update="i" site="tv.sms.cz.m" site_id="KBS+World" xmltv_id="KBS World">KBS World</channel>
    <channel update="i" site="tv.sms.cz.m" site_id="Kidsco" xmltv_id="Kidsco">Kidsco</channel>
    <channel update="i" site="tv.sms.cz.m" site_id="Luxe.tv+HD" xmltv_id="Luxe.tv HD">Luxe.tv HD</channel>
    <channel update="i" site="tv.sms.cz.m" site_id="MotorsTV" xmltv_id="MotorsTV">MotorsTV</channel>
    <channel update="i" site="tv.sms.cz.m" site_id="MTV+Dance" xmltv_id="MTV Dance">MTV Dance</channel>
    <channel update="i" site="tv.sms.cz.m" site_id="MTV+Hits" xmltv_id="MTV Hits">MTV Hits</channel>
    <channel update="i" site="tv.sms.cz.m" site_id="MTV+Live+HD" xmltv_id="MTV Live HD">MTV Live HD</channel>
    <channel update="i" site="tv.sms.cz.m" site_id="MTV+Rocks" xmltv_id="MTV Rocks">MTV Rocks</channel>
    <channel update="i" site="tv.sms.cz.m" site_id="MusicMix" xmltv_id="MusicMix">MusicMix</channel>
    <channel update="i" site="tv.sms.cz.m" site_id="National+Geographic+HD+%282%29" xmltv_id="National Geographic HD (2)">National Geographic HD (2)</channel>
    <channel update="i" site="tv.sms.cz.m" site_id="Nick+Jr." xmltv_id="Nick Jr.">Nick Jr.</channel>
    <channel update="i" site="tv.sms.cz.m" site_id="Nickelodeon+HD" xmltv_id="Nickelodeon HD">Nickelodeon HD</channel>
    <channel update="i" site="tv.sms.cz.m" site_id="Outdoor+Channel" xmltv_id="Outdoor Channel">Outdoor Channel</channel>
    <channel update="i" site="tv.sms.cz.m" site_id="Playboy+TV" xmltv_id="Playboy TV">Playboy TV</channel>
    <channel update="i" site="tv.sms.cz.m" site_id="Playhouse+Disney" xmltv_id="Playhouse Disney">Playhouse Disney</channel>
    <channel update="i" site="tv.sms.cz.m" site_id="Private+Spice" xmltv_id="Private Spice">Private Spice</channel>
    <channel update="i" site="tv.sms.cz.m" site_id="ShortsHD" xmltv_id="ShortsHD">ShortsHD</channel>
    <channel update="i" site="tv.sms.cz.m" site_id="Sky+news" xmltv_id="Sky news">Sky news</channel>
    <channel update="i" site="tv.sms.cz.m" site_id="Sky+Sports+1" xmltv_id="Sky Sports 1">Sky Sports 1</channel>
    <channel update="i" site="tv.sms.cz.m" site_id="Sky+Sports+2" xmltv_id="Sky Sports 2">Sky Sports 2</channel>
    <channel update="i" site="tv.sms.cz.m" site_id="Sky+Sports+3" xmltv_id="Sky Sports 3">Sky Sports 3</channel>
    <channel update="i" site="tv.sms.cz.m" site_id="Sky+Sports+4" xmltv_id="Sky Sports 4">Sky Sports 4</channel>
    <channel update="i" site="tv.sms.cz.m" site_id="Sky+Sports+HD+1" xmltv_id="Sky Sports HD 1">Sky Sports HD 1</channel>
    <channel update="i" site="tv.sms.cz.m" site_id="Sky+Sports+HD+2" xmltv_id="Sky Sports HD 2">Sky Sports HD 2</channel>
    <channel update="i" site="tv.sms.cz.m" site_id="Sky+Sports+HD+3" xmltv_id="Sky Sports HD 3">Sky Sports HD 3</channel>
    <channel update="i" site="tv.sms.cz.m" site_id="Sky+Sports+HD+4" xmltv_id="Sky Sports HD 4">Sky Sports HD 4</channel>
    <channel update="i" site="tv.sms.cz.m" site_id="Sky+Sports+News" xmltv_id="Sky Sports News">Sky Sports News</channel>
    <channel update="i" site="tv.sms.cz.m" site_id="Sky+Sports+News+HD" xmltv_id="Sky Sports News HD">Sky Sports News HD</channel>
    <channel update="i" site="tv.sms.cz.m" site_id="Style" xmltv_id="Style">Style</channel>
    <channel update="i" site="tv.sms.cz.m" site_id="TCM" xmltv_id="TCM">TCM</channel>
    <channel update="i" site="tv.sms.cz.m" site_id="TCM+%28v+UPC%29" xmltv_id="TCM (v UPC)">TCM (v UPC)</channel>
    <channel update="i" site="tv.sms.cz.m" site_id="The+Active+Channel" xmltv_id="The Active Channel">The Active Channel</channel>
    <channel update="i" site="tv.sms.cz.m" site_id="VH1" xmltv_id="VH1">VH1</channel>
    <channel update="i" site="tv.sms.cz.m" site_id="VH1+Classic" xmltv_id="VH1 Classic">VH1 Classic</channel>
    <channel update="i" site="tv.sms.cz.m" site_id="Viasat+Spice" xmltv_id="Viasat Spice">Viasat Spice</channel>
    <channel update="i" site="tv.sms.cz.m" site_id="World+Fashion" xmltv_id="World Fashion">World Fashion</channel>
    <channel update="i" site="tv.sms.cz.m" site_id="ARTE+%28fr.%29" xmltv_id="ARTE (fr.)">ARTE (fr.)</channel>
    <channel update="i" site="tv.sms.cz.m" site_id="BFM+TV" xmltv_id="BFM TV">BFM TV</channel>
    <channel update="i" site="tv.sms.cz.m" site_id="CANAL%2B" xmltv_id="CANAL+">CANAL+</channel>
    <channel update="i" site="tv.sms.cz.m" site_id="CNTV+Francais" xmltv_id="CNTV Francais">CNTV Francais</channel>
    <channel update="i" site="tv.sms.cz.m" site_id="Direct+8" xmltv_id="Direct 8">Direct 8</channel>
    <channel update="i" site="tv.sms.cz.m" site_id="DirectStar" xmltv_id="DirectStar">DirectStar</channel>
    <channel update="i" site="tv.sms.cz.m" site_id="France2" xmltv_id="France2">France2</channel>
    <channel update="i" site="tv.sms.cz.m" site_id="France24" xmltv_id="France24">France24</channel>
    <channel update="i" site="tv.sms.cz.m" site_id="France24+EN" xmltv_id="France24 EN">France24 EN</channel>
    <channel update="i" site="tv.sms.cz.m" site_id="France3" xmltv_id="France3">France3</channel>
    <channel update="i" site="tv.sms.cz.m" site_id="France4" xmltv_id="France4">France4</channel>
    <channel update="i" site="tv.sms.cz.m" site_id="France5" xmltv_id="France5">France5</channel>
    <channel update="i" site="tv.sms.cz.m" site_id="Gulli" xmltv_id="Gulli">Gulli</channel>
    <channel update="i" site="tv.sms.cz.m" site_id="iTELE" xmltv_id="iTELE">iTELE</channel>
    <channel update="i" site="tv.sms.cz.m" site_id="LCP" xmltv_id="LCP">LCP</channel>
    <channel update="i" site="tv.sms.cz.m" site_id="M6" xmltv_id="M6">M6</channel>
    <channel update="i" site="tv.sms.cz.m" site_id="Mark+Dorcel" xmltv_id="Mark Dorcel">Mark Dorcel</channel>
    <channel update="i" site="tv.sms.cz.m" site_id="MCM+Pop" xmltv_id="MCM Pop">MCM Pop</channel>
    <channel update="i" site="tv.sms.cz.m" site_id="MCM+Top" xmltv_id="MCM Top">MCM Top</channel>
    <channel update="i" site="tv.sms.cz.m" site_id="Mezzo" xmltv_id="Mezzo">Mezzo</channel>
    <channel update="i" site="tv.sms.cz.m" site_id="Mezzo+Live+HD" xmltv_id="Mezzo Live HD">Mezzo Live HD</channel>
    <channel update="i" site="tv.sms.cz.m" site_id="myZen" xmltv_id="myZen">myZen</channel>
    <channel update="i" site="tv.sms.cz.m" site_id="NRJ12" xmltv_id="NRJ12">NRJ12</channel>
    <channel update="i" site="tv.sms.cz.m" site_id="TF1" xmltv_id="TF1">TF1</channel>
    <channel update="i" site="tv.sms.cz.m" site_id="TMC" xmltv_id="TMC">TMC</channel>
    <channel update="i" site="tv.sms.cz.m" site_id="Trace+Sports" xmltv_id="Trace Sports">Trace Sports</channel>
    <channel update="i" site="tv.sms.cz.m" site_id="TV5monde" xmltv_id="TV5monde">TV5monde</channel>
    <channel update="i" site="tv.sms.cz.m" site_id="TVA+%28Fr.%29" xmltv_id="TVA (Fr.)">TVA (Fr.)</channel>
    <channel update="i" site="tv.sms.cz.m" site_id="W9" xmltv_id="W9">W9</channel>
    <channel update="i" site="tv.sms.cz.m" site_id="Wild+TV" xmltv_id="Wild TV">Wild TV</channel>
    <channel update="i" site="tv.sms.cz.m" site_id="Wild+TV+HD" xmltv_id="Wild TV HD">Wild TV HD</channel>
    <channel update="i" site="tv.sms.cz.m" site_id="Animax+%28hu%29" xmltv_id="Animax (hu)">Animax (hu)</channel>
    <channel update="i" site="tv.sms.cz.m" site_id="ATV" xmltv_id="ATV">ATV</channel>
    <channel update="i" site="tv.sms.cz.m" site_id="AXN+Crime+%28hu%29" xmltv_id="AXN Crime (hu)">AXN Crime (hu)</channel>
    <channel update="i" site="tv.sms.cz.m" site_id="AXN+Sat" xmltv_id="AXN Sat">AXN Sat</channel>
    <channel update="i" site="tv.sms.cz.m" site_id="AXN+Sci-fi+%28hu%29" xmltv_id="AXN Sci-fi (hu)">AXN Sci-fi (hu)</channel>
    <channel update="i" site="tv.sms.cz.m" site_id="Cartoon+Network%2BTCM+%28hu%29" xmltv_id="Cartoon Network+TCM (hu)">Cartoon Network+TCM (hu)</channel>
    <channel update="i" site="tv.sms.cz.m" site_id="Comedy+Central+%28hu%29" xmltv_id="Comedy Central (hu)">Comedy Central (hu)</channel>
    <channel update="i" site="tv.sms.cz.m" site_id="Cool+TV" xmltv_id="Cool TV">Cool TV</channel>
    <channel update="i" site="tv.sms.cz.m" site_id="Digi+Sport+1+HD" xmltv_id="Digi Sport 1 HD">Digi Sport 1 HD</channel>
    <channel update="i" site="tv.sms.cz.m" site_id="Digi+Sport+2+HD" xmltv_id="Digi Sport 2 HD">Digi Sport 2 HD</channel>
    <channel update="i" site="tv.sms.cz.m" site_id="Discovery+%28Digi+TV%29" xmltv_id="Discovery (Digi TV)">Discovery (Digi TV)</channel>
    <channel update="i" site="tv.sms.cz.m" site_id="Discovery+%28hu%29" xmltv_id="Discovery (hu)">Discovery (hu)</channel>
    <channel update="i" site="tv.sms.cz.m" site_id="DoQ" xmltv_id="DoQ">DoQ</channel>
    <channel update="i" site="tv.sms.cz.m" site_id="Duna" xmltv_id="Duna">Duna</channel>
    <channel update="i" site="tv.sms.cz.m" site_id="Duna+World" xmltv_id="Duna World">Duna World</channel>
    <channel update="i" site="tv.sms.cz.m" site_id="FEM3" xmltv_id="FEM3">FEM3</channel>
    <channel update="i" site="tv.sms.cz.m" site_id="Film+Caf%E9" xmltv_id="Film Café">Film Café</channel>
    <channel update="i" site="tv.sms.cz.m" site_id="Film+M%E1nia" xmltv_id="Film Mánia">Film Mánia</channel>
    <channel update="i" site="tv.sms.cz.m" site_id="Film%2B+%28hu%29" xmltv_id="Film+ (hu)">Film+ (hu)</channel>
    <channel update="i" site="tv.sms.cz.m" site_id="Film%2B+2" xmltv_id="Film+ 2">Film+ 2</channel>
    <channel update="i" site="tv.sms.cz.m" site_id="H%EDr+TV" xmltv_id="Hír TV">Hír TV</channel>
    <channel update="i" site="tv.sms.cz.m" site_id="Life+Network" xmltv_id="Life Network">Life Network</channel>
    <channel update="i" site="tv.sms.cz.m" site_id="M1" xmltv_id="M1">M1</channel>
    <channel update="i" site="tv.sms.cz.m" site_id="M2" xmltv_id="M2">M2</channel>
    <channel update="i" site="tv.sms.cz.m" site_id="Megamax+%28hu%29" xmltv_id="Megamax (hu)">Megamax (hu)</channel>
    <channel update="i" site="tv.sms.cz.m" site_id="MGM+%28hu%29" xmltv_id="MGM (hu)">MGM (hu)</channel>
    <channel update="i" site="tv.sms.cz.m" site_id="Minimax+%28hu%29" xmltv_id="Minimax (hu)">Minimax (hu)</channel>
    <channel update="i" site="tv.sms.cz.m" site_id="Muzsika+TV" xmltv_id="Muzsika TV">Muzsika TV</channel>
    <channel update="i" site="tv.sms.cz.m" site_id="National+Geographic+%28hu%29" xmltv_id="National Geographic (hu)">National Geographic (hu)</channel>
    <channel update="i" site="tv.sms.cz.m" site_id="National+Geographic+Wild+%28hu%29" xmltv_id="National Geographic Wild (hu)">National Geographic Wild (hu)</channel>
    <channel update="i" site="tv.sms.cz.m" site_id="Nickelodeon+%28hu%29" xmltv_id="Nickelodeon (hu)">Nickelodeon (hu)</channel>
    <channel update="i" site="tv.sms.cz.m" site_id="N%F3ta+TV" xmltv_id="Nóta TV">Nóta TV</channel>
    <channel update="i" site="tv.sms.cz.m" site_id="Paprika+%28hu%29" xmltv_id="Paprika (hu)">Paprika (hu)</channel>
    <channel update="i" site="tv.sms.cz.m" site_id="Prizma" xmltv_id="Prizma">Prizma</channel>
    <channel update="i" site="tv.sms.cz.m" site_id="PRO4" xmltv_id="PRO4">PRO4</channel>
    <channel update="i" site="tv.sms.cz.m" site_id="RTL+klub" xmltv_id="RTL klub">RTL klub</channel>
    <channel update="i" site="tv.sms.cz.m" site_id="RTL2+%28hu%29" xmltv_id="RTL2 (hu)">RTL2 (hu)</channel>
    <channel update="i" site="tv.sms.cz.m" site_id="Sorozat%2B" xmltv_id="Sorozat+">Sorozat+</channel>
    <channel update="i" site="tv.sms.cz.m" site_id="Spektrum+%28hu%29" xmltv_id="Spektrum (hu)">Spektrum (hu)</channel>
    <channel update="i" site="tv.sms.cz.m" site_id="Spektrum+Home+%28hu%29" xmltv_id="Spektrum Home (hu)">Spektrum Home (hu)</channel>
    <channel update="i" site="tv.sms.cz.m" site_id="Sport1+%28hu%29" xmltv_id="Sport1 (hu)">Sport1 (hu)</channel>
    <channel update="i" site="tv.sms.cz.m" site_id="Sport2+%28hu%29" xmltv_id="Sport2 (hu)">Sport2 (hu)</channel>
    <channel update="i" site="tv.sms.cz.m" site_id="Sportklub" xmltv_id="Sportklub">Sportklub</channel>
    <channel update="i" site="tv.sms.cz.m" site_id="SportM+%28hu%29" xmltv_id="SportM (hu)">SportM (hu)</channel>
    <channel update="i" site="tv.sms.cz.m" site_id="Story4" xmltv_id="Story4">Story4</channel>
    <channel update="i" site="tv.sms.cz.m" site_id="Story5" xmltv_id="Story5">Story5</channel>
    <channel update="i" site="tv.sms.cz.m" site_id="SuperTV2" xmltv_id="SuperTV2">SuperTV2</channel>
    <channel update="i" site="tv.sms.cz.m" site_id="The+Fishing+and+Hunting+%28hu%29" xmltv_id="The Fishing and Hunting (hu)">The Fishing and Hunting (hu)</channel>
    <channel update="i" site="tv.sms.cz.m" site_id="TV2" xmltv_id="TV2">TV2</channel>
    <channel update="i" site="tv.sms.cz.m" site_id="Universal+Channel+%28hu%29" xmltv_id="Universal Channel (hu)">Universal Channel (hu)</channel>
    <channel update="i" site="tv.sms.cz.m" site_id="Viasat3" xmltv_id="Viasat3">Viasat3</channel>
    <channel update="i" site="tv.sms.cz.m" site_id="Viasat6" xmltv_id="Viasat6">Viasat6</channel>
    <channel update="i" site="tv.sms.cz.m" site_id="VIVA+%28hu%29" xmltv_id="VIVA (hu)">VIVA (hu)</channel>
    <channel update="i" site="tv.sms.cz.m" site_id="Arturo" xmltv_id="Arturo">Arturo</channel>
    <channel update="i" site="tv.sms.cz.m" site_id="Boing" xmltv_id="Boing">Boing</channel>
    <channel update="i" site="tv.sms.cz.m" site_id="Canale+5" xmltv_id="Canale 5">Canale 5</channel>
    <channel update="i" site="tv.sms.cz.m" site_id="Cartoonito" xmltv_id="Cartoonito">Cartoonito</channel>
    <channel update="i" site="tv.sms.cz.m" site_id="Cielo" xmltv_id="Cielo">Cielo</channel>
    <channel update="i" site="tv.sms.cz.m" site_id="Deejay+TV" xmltv_id="Deejay TV">Deejay TV</channel>
    <channel update="i" site="tv.sms.cz.m" site_id="Euronews" xmltv_id="Euronews">Euronews</channel>
    <channel update="i" site="tv.sms.cz.m" site_id="Frisbee" xmltv_id="Frisbee">Frisbee</channel>
    <channel update="i" site="tv.sms.cz.m" site_id="HSE24" xmltv_id="HSE24">HSE24</channel>
    <channel update="i" site="tv.sms.cz.m" site_id="Iris" xmltv_id="Iris">Iris</channel>
    <channel update="i" site="tv.sms.cz.m" site_id="Italia+1" xmltv_id="Italia 1">Italia 1</channel>
    <channel update="i" site="tv.sms.cz.m" site_id="Italia+2" xmltv_id="Italia 2">Italia 2</channel>
    <channel update="i" site="tv.sms.cz.m" site_id="K2" xmltv_id="K2">K2</channel>
    <channel update="i" site="tv.sms.cz.m" site_id="LA5" xmltv_id="LA5">LA5</channel>
    <channel update="i" site="tv.sms.cz.m" site_id="LA7" xmltv_id="LA7">LA7</channel>
    <channel update="i" site="tv.sms.cz.m" site_id="LA7d" xmltv_id="LA7d">LA7d</channel>
    <channel update="i" site="tv.sms.cz.m" site_id="Mediaset+Extra" xmltv_id="Mediaset Extra">Mediaset Extra</channel>
    <channel update="i" site="tv.sms.cz.m" site_id="MTV+%28It.%29" xmltv_id="MTV (It.)">MTV (It.)</channel>
    <channel update="i" site="tv.sms.cz.m" site_id="Nuvolari" xmltv_id="Nuvolari">Nuvolari</channel>
    <channel update="i" site="tv.sms.cz.m" site_id="QVC" xmltv_id="QVC">QVC</channel>
    <channel update="i" site="tv.sms.cz.m" site_id="Radio+Capital" xmltv_id="Radio Capital">Radio Capital</channel>
    <channel update="i" site="tv.sms.cz.m" site_id="Rai+5" xmltv_id="Rai 5">Rai 5</channel>
    <channel update="i" site="tv.sms.cz.m" site_id="Rai+Due" xmltv_id="Rai Due">Rai Due</channel>
    <channel update="i" site="tv.sms.cz.m" site_id="Rai+Gulp" xmltv_id="Rai Gulp">Rai Gulp</channel>
    <channel update="i" site="tv.sms.cz.m" site_id="Rai+Movie" xmltv_id="Rai Movie">Rai Movie</channel>
    <channel update="i" site="tv.sms.cz.m" site_id="Rai+News" xmltv_id="Rai News">Rai News</channel>
    <channel update="i" site="tv.sms.cz.m" site_id="Rai+Premium" xmltv_id="Rai Premium">Rai Premium</channel>
    <channel update="i" site="tv.sms.cz.m" site_id="Rai+Sport+1" xmltv_id="Rai Sport 1">Rai Sport 1</channel>
    <channel update="i" site="tv.sms.cz.m" site_id="Rai+Sport+2" xmltv_id="Rai Sport 2">Rai Sport 2</channel>
    <channel update="i" site="tv.sms.cz.m" site_id="Rai+Storia" xmltv_id="Rai Storia">Rai Storia</channel>
    <channel update="i" site="tv.sms.cz.m" site_id="Rai+Tre" xmltv_id="Rai Tre">Rai Tre</channel>
    <channel update="i" site="tv.sms.cz.m" site_id="Rai+Uno" xmltv_id="Rai Uno">Rai Uno</channel>
    <channel update="i" site="tv.sms.cz.m" site_id="Rai+Yoyo" xmltv_id="Rai Yoyo">Rai Yoyo</channel>
    <channel update="i" site="tv.sms.cz.m" site_id="Real+Time" xmltv_id="Real Time">Real Time</channel>
    <channel update="i" site="tv.sms.cz.m" site_id="Rete+4" xmltv_id="Rete 4">Rete 4</channel>
    <channel update="i" site="tv.sms.cz.m" site_id="RTL+102.5" xmltv_id="RTL 102.5">RTL 102.5</channel>
    <channel update="i" site="tv.sms.cz.m" site_id="Sportitalia+1" xmltv_id="Sportitalia 1">Sportitalia 1</channel>
    <channel update="i" site="tv.sms.cz.m" site_id="Sportitalia+2" xmltv_id="Sportitalia 2">Sportitalia 2</channel>
    <channel update="i" site="tv.sms.cz.m" site_id="Sportitalia+24" xmltv_id="Sportitalia 24">Sportitalia 24</channel>
    <channel update="i" site="tv.sms.cz.m" site_id="Supertennis" xmltv_id="Supertennis">Supertennis</channel>
    <channel update="i" site="tv.sms.cz.m" site_id="Teleradio+Padre+Pio" xmltv_id="Teleradio Padre Pio">Teleradio Padre Pio</channel>
    <channel update="i" site="tv.sms.cz.m" site_id="TV2000" xmltv_id="TV2000">TV2000</channel>
    <channel update="i" site="tv.sms.cz.m" site_id="Virgin+Radio+TV" xmltv_id="Virgin Radio TV">Virgin Radio TV</channel>
    <channel update="i" site="tv.sms.cz.m" site_id="1TV" xmltv_id="1TV">1TV</channel>
    <channel update="i" site="tv.sms.cz.m" site_id="CCTV+Russkij" xmltv_id="CCTV Russkij">CCTV Russkij</channel>
    <channel update="i" site="tv.sms.cz.m" site_id="Da+Vinci+Learning" xmltv_id="Da Vinci Learning">Da Vinci Learning</channel>
    <channel update="i" site="tv.sms.cz.m" site_id="Dom+Kino" xmltv_id="Dom Kino">Dom Kino</channel>
    <channel update="i" site="tv.sms.cz.m" site_id="KHL+TV" xmltv_id="KHL TV">KHL TV</channel>
    <channel update="i" site="tv.sms.cz.m" site_id="RT+Doc" xmltv_id="RT Doc">RT Doc</channel>
    <channel update="i" site="tv.sms.cz.m" site_id="RTR" xmltv_id="RTR">RTR</channel>
    <channel update="i" site="tv.sms.cz.m" site_id="Russia+24" xmltv_id="Russia 24">Russia 24</channel>
    <channel update="i" site="tv.sms.cz.m" site_id="Russian+Travel+Guide" xmltv_id="Russian Travel Guide">Russian Travel Guide</channel>
    <channel update="i" site="tv.sms.cz.m" site_id="TV+Nanny" xmltv_id="TV Nanny">TV Nanny</channel>
    <channel update="i" site="tv.sms.cz.m" site_id="Vremya" xmltv_id="Vremya">Vremya</channel>
    <channel update="i" site="tv.sms.cz.m" site_id="13tv" xmltv_id="13tv">13tv</channel>
    <channel update="i" site="tv.sms.cz.m" site_id="324" xmltv_id="324">324</channel>
    <channel update="i" site="tv.sms.cz.m" site_id="33" xmltv_id="33">33</channel>
    <channel update="i" site="tv.sms.cz.m" site_id="Antena3" xmltv_id="Antena3">Antena3</channel>
    <channel update="i" site="tv.sms.cz.m" site_id="Boing+%28es%29" xmltv_id="Boing (es)">Boing (es)</channel>
    <channel update="i" site="tv.sms.cz.m" site_id="Canal+24+Horas" xmltv_id="Canal 24 Horas">Canal 24 Horas</channel>
    <channel update="i" site="tv.sms.cz.m" site_id="Clan+TVE" xmltv_id="Clan TVE">Clan TVE</channel>
    <channel update="i" site="tv.sms.cz.m" site_id="CNTV+Espanol" xmltv_id="CNTV Espanol">CNTV Espanol</channel>
    <channel update="i" site="tv.sms.cz.m" site_id="Cuatro" xmltv_id="Cuatro">Cuatro</channel>
    <channel update="i" site="tv.sms.cz.m" site_id="Discovery+Max" xmltv_id="Discovery Max">Discovery Max</channel>
    <channel update="i" site="tv.sms.cz.m" site_id="Disney+Channel+%28es%29" xmltv_id="Disney Channel (es)">Disney Channel (es)</channel>
    <channel update="i" site="tv.sms.cz.m" site_id="Divinity" xmltv_id="Divinity">Divinity</channel>
    <channel update="i" site="tv.sms.cz.m" site_id="Energy" xmltv_id="Energy">Energy</channel>
    <channel update="i" site="tv.sms.cz.m" site_id="Esport+3" xmltv_id="Esport 3">Esport 3</channel>
    <channel update="i" site="tv.sms.cz.m" site_id="Factor%EDa+de+Ficci%F3n" xmltv_id="Factoría de Ficción">Factoría de Ficción</channel>
    <channel update="i" site="tv.sms.cz.m" site_id="Foxsports+HD" xmltv_id="Foxsports HD">Foxsports HD</channel>
    <channel update="i" site="tv.sms.cz.m" site_id="La+1" xmltv_id="La 1">La 1</channel>
    <channel update="i" site="tv.sms.cz.m" site_id="La+1+Catalu%F2a" xmltv_id="La 1 Cataluňa">La 1 Cataluňa</channel>
    <channel update="i" site="tv.sms.cz.m" site_id="La+2" xmltv_id="La 2">La 2</channel>
    <channel update="i" site="tv.sms.cz.m" site_id="La+2+Catalu%F2a" xmltv_id="La 2 Cataluňa">La 2 Cataluňa</channel>
    <channel update="i" site="tv.sms.cz.m" site_id="LaSiete" xmltv_id="LaSiete">LaSiete</channel>
    <channel update="i" site="tv.sms.cz.m" site_id="MTV+%28es%29" xmltv_id="MTV (es)">MTV (es)</channel>
    <channel update="i" site="tv.sms.cz.m" site_id="Neox" xmltv_id="Neox">Neox</channel>
    <channel update="i" site="tv.sms.cz.m" site_id="Nitro" xmltv_id="Nitro">Nitro</channel>
    <channel update="i" site="tv.sms.cz.m" site_id="Nova+%28es%29" xmltv_id="Nova (es)">Nova (es)</channel>
    <channel update="i" site="tv.sms.cz.m" site_id="Nueve" xmltv_id="Nueve">Nueve</channel>
    <channel update="i" site="tv.sms.cz.m" site_id="Paramount+Channel" xmltv_id="Paramount Channel">Paramount Channel</channel>
    <channel update="i" site="tv.sms.cz.m" site_id="Super3" xmltv_id="Super3">Super3</channel>
    <channel update="i" site="tv.sms.cz.m" site_id="Telecinco" xmltv_id="Telecinco">Telecinco</channel>
    <channel update="i" site="tv.sms.cz.m" site_id="Teledeporte" xmltv_id="Teledeporte">Teledeporte</channel>
    <channel update="i" site="tv.sms.cz.m" site_id="TV3" xmltv_id="TV3">TV3</channel>
    <channel update="i" site="tv.sms.cz.m" site_id="TV3+HD" xmltv_id="TV3 HD">TV3 HD</channel>
    <channel update="i" site="tv.sms.cz.m" site_id="TV3CAT" xmltv_id="TV3CAT">TV3CAT</channel>
    <channel update="i" site="tv.sms.cz.m" site_id="TVE" xmltv_id="TVE">TVE</channel>
    <channel update="i" site="tv.sms.cz.m" site_id="TVE+HD" xmltv_id="TVE HD">TVE HD</channel>
    <channel update="i" site="tv.sms.cz.m" site_id="Aljazeera+%28Arabic%29" xmltv_id="Aljazeera (Arabic)">Aljazeera (Arabic)</channel>
    <channel update="i" site="tv.sms.cz.m" site_id="Brava+HDTV" xmltv_id="Brava HDTV">Brava HDTV</channel>
    <channel update="i" site="tv.sms.cz.m" site_id="CCTV+Arabic" xmltv_id="CCTV Arabic">CCTV Arabic</channel>
    <channel update="i" site="tv.sms.cz.m" site_id="CCTV4+Europe" xmltv_id="CCTV4 Europe">CCTV4 Europe</channel>
    <channel update="i" site="tv.sms.cz.m" site_id="Dusk%21" xmltv_id="Dusk!">Dusk!</channel>
    <channel update="i" site="tv.sms.cz.m" site_id="HRT1" xmltv_id="HRT1">HRT1</channel>
    <channel update="i" site="tv.sms.cz.m" site_id="HRT2" xmltv_id="HRT2">HRT2</channel>
    <channel update="i" site="tv.sms.cz.m" site_id="Kazakh+TV" xmltv_id="Kazakh TV">Kazakh TV</channel>
    <channel update="i" site="tv.sms.cz.m" site_id="R%DAV" xmltv_id="RÚV">RÚV</channel>
    <channel update="i" site="tv.sms.cz.m" site_id="ServusTV" xmltv_id="ServusTV">ServusTV</channel>
    <channel update="i" site="tv.sms.cz.m" site_id="Slovenija+1" xmltv_id="Slovenija 1">Slovenija 1</channel>
    <channel update="i" site="tv.sms.cz.m" site_id="Slovenija+2" xmltv_id="Slovenija 2">Slovenija 2</channel>
    <channel update="i" site="tv.sms.cz.m" site_id="VTV4" xmltv_id="VTV4">VTV4</channel>
    <channel update="i" site="tv.sms.cz.m" site_id="BBC+Czech" xmltv_id="BBC Czech">BBC Czech</channel>
    <channel update="i" site="tv.sms.cz.m" site_id="BBC+Radio" xmltv_id="BBC Radio">BBC Radio</channel>
    <channel update="i" site="tv.sms.cz.m" site_id="Classic+FM" xmltv_id="Classic FM">Classic FM</channel>
    <channel update="i" site="tv.sms.cz.m" site_id="Country+Radio" xmltv_id="Country Radio">Country Radio</channel>
    <channel update="i" site="tv.sms.cz.m" site_id="%C8RO+-+D+Dur" xmltv_id="ČRO - D Dur">ČRO - D Dur</channel>
    <channel update="i" site="tv.sms.cz.m" site_id="%C8RO+-+Plus" xmltv_id="ČRO - Plus">ČRO - Plus</channel>
    <channel update="i" site="tv.sms.cz.m" site_id="%C8RO+-+Proglas" xmltv_id="ČRO - Proglas">ČRO - Proglas</channel>
    <channel update="i" site="tv.sms.cz.m" site_id="%C8RO+-+Wave" xmltv_id="ČRO - Wave">ČRO - Wave</channel>
    <channel update="i" site="tv.sms.cz.m" site_id="%C8Ro+Brno" xmltv_id="ČRo Brno">ČRo Brno</channel>
    <channel update="i" site="tv.sms.cz.m" site_id="%C8Ro+%C8esk%E9+Bud%ECjovice" xmltv_id="ČRo České Budějovice">ČRo České Budějovice</channel>
    <channel update="i" site="tv.sms.cz.m" site_id="%C8Ro+Hradec+Kr%E1lov%E9" xmltv_id="ČRo Hradec Králové">ČRo Hradec Králové</channel>
    <channel update="i" site="tv.sms.cz.m" site_id="%C8Ro+Liberec" xmltv_id="ČRo Liberec">ČRo Liberec</channel>
    <channel update="i" site="tv.sms.cz.m" site_id="%C8Ro+Olomouc" xmltv_id="ČRo Olomouc">ČRo Olomouc</channel>
    <channel update="i" site="tv.sms.cz.m" site_id="%C8Ro+Ostrava" xmltv_id="ČRo Ostrava">ČRo Ostrava</channel>
    <channel update="i" site="tv.sms.cz.m" site_id="%C8Ro+Pardubice" xmltv_id="ČRo Pardubice">ČRo Pardubice</channel>
    <channel update="i" site="tv.sms.cz.m" site_id="%C8Ro+Plze%F2" xmltv_id="ČRo Plzeň">ČRo Plzeň</channel>
    <channel update="i" site="tv.sms.cz.m" site_id="%C8Ro+Regina" xmltv_id="ČRo Regina">ČRo Regina</channel>
    <channel update="i" site="tv.sms.cz.m" site_id="%C8Ro+Region+-+St%E8.+Kraj" xmltv_id="ČRo Region - Stč. Kraj">ČRo Region - Stč. Kraj</channel>
    <channel update="i" site="tv.sms.cz.m" site_id="%C8Ro+Region+-+Vyso%E8ina" xmltv_id="ČRo Region - Vysočina">ČRo Region - Vysočina</channel>
    <channel update="i" site="tv.sms.cz.m" site_id="%C8Ro+Sever" xmltv_id="ČRo Sever">ČRo Sever</channel>
    <channel update="i" site="tv.sms.cz.m" site_id="%C8RO1+-+Radio%9Eurn%E1l" xmltv_id="ČRO1 - Radiožurnál">ČRO1 - Radiožurnál</channel>
    <channel update="i" site="tv.sms.cz.m" site_id="%C8RO2+-+Praha" xmltv_id="ČRO2 - Praha">ČRO2 - Praha</channel>
    <channel update="i" site="tv.sms.cz.m" site_id="%C8RO3+-+Vltava" xmltv_id="ČRO3 - Vltava">ČRO3 - Vltava</channel>
    <channel update="i" site="tv.sms.cz.m" site_id="Dance+Radio" xmltv_id="Dance Radio">Dance Radio</channel>
    <channel update="i" site="tv.sms.cz.m" site_id="Europa+2" xmltv_id="Europa 2">Europa 2</channel>
    <channel update="i" site="tv.sms.cz.m" site_id="Evropa+2" xmltv_id="Evropa 2">Evropa 2</channel>
    <channel update="i" site="tv.sms.cz.m" site_id="Frekvence+1" xmltv_id="Frekvence 1">Frekvence 1</channel>
    <channel update="i" site="tv.sms.cz.m" site_id="Fun+r%E1dio" xmltv_id="Fun rádio">Fun rádio</channel>
    <channel update="i" site="tv.sms.cz.m" site_id="HEY+%21" xmltv_id="HEY !">HEY !</channel>
    <channel update="i" site="tv.sms.cz.m" site_id="HIT+FM" xmltv_id="HIT FM">HIT FM</channel>
    <channel update="i" site="tv.sms.cz.m" site_id="Impuls" xmltv_id="Impuls">Impuls</channel>
    <channel update="i" site="tv.sms.cz.m" site_id="Janko+Hra%9Ako" xmltv_id="Janko Hraško">Janko Hraško</channel>
    <channel update="i" site="tv.sms.cz.m" site_id="Jemne+Melodie" xmltv_id="Jemne Melodie">Jemne Melodie</channel>
    <channel update="i" site="tv.sms.cz.m" site_id="Lumen" xmltv_id="Lumen">Lumen</channel>
    <channel update="i" site="tv.sms.cz.m" site_id="Radio+1" xmltv_id="Radio 1">Radio 1</channel>
    <channel update="i" site="tv.sms.cz.m" site_id="Radio+Beat" xmltv_id="Radio Beat">Radio Beat</channel>
    <channel update="i" site="tv.sms.cz.m" site_id="Radio+Expres" xmltv_id="Radio Expres">Radio Expres</channel>
    <channel update="i" site="tv.sms.cz.m" site_id="Radio+Junior" xmltv_id="Radio Junior">Radio Junior</channel>
    <channel update="i" site="tv.sms.cz.m" site_id="Radio+Ko%9Aice" xmltv_id="Radio Košice">Radio Košice</channel>
    <channel update="i" site="tv.sms.cz.m" site_id="Radio+%8Aport" xmltv_id="Radio Šport">Radio Šport</channel>
    <channel update="i" site="tv.sms.cz.m" site_id="R%E1dio+VIVA" xmltv_id="Rádio VIVA">Rádio VIVA</channel>
    <channel update="i" site="tv.sms.cz.m" site_id="Radio+WOW" xmltv_id="Radio WOW">Radio WOW</channel>
    <channel update="i" site="tv.sms.cz.m" site_id="Radio7" xmltv_id="Radio7">Radio7</channel>
    <channel update="i" site="tv.sms.cz.m" site_id="SRO1+-+Slovensko" xmltv_id="SRO1 - Slovensko">SRO1 - Slovensko</channel>
    <channel update="i" site="tv.sms.cz.m" site_id="SRO2+-+Regina+Banska+Bystrica" xmltv_id="SRO2 - Regina Banska Bystrica">SRO2 - Regina Banska Bystrica</channel>
    <channel update="i" site="tv.sms.cz.m" site_id="SRO2+-+Regina+Bratislava" xmltv_id="SRO2 - Regina Bratislava">SRO2 - Regina Bratislava</channel>
    <channel update="i" site="tv.sms.cz.m" site_id="SRO2+-+Regina+Ko%9Aice" xmltv_id="SRO2 - Regina Košice">SRO2 - Regina Košice</channel>
    <channel update="i" site="tv.sms.cz.m" site_id="SRO3+-+Dev%EDn" xmltv_id="SRO3 - Devín">SRO3 - Devín</channel>
    <channel update="i" site="tv.sms.cz.m" site_id="SRO4+-+Radio+FM" xmltv_id="SRO4 - Radio FM">SRO4 - Radio FM</channel>
    <channel update="i" site="tv.sms.cz.m" site_id="SRO5+-+Patria" xmltv_id="SRO5 - Patria">SRO5 - Patria</channel>
    <channel update="i" site="tv.sms.cz.m" site_id="SRO6+-+Slovakia+International" xmltv_id="SRO6 - Slovakia International">SRO6 - Slovakia International</channel>
    <channel update="i" site="tv.sms.cz.m" site_id="SRO7+-+Klasika" xmltv_id="SRO7 - Klasika">SRO7 - Klasika</channel>
    <channel update="i" site="tv.sms.cz.m" site_id="SRO8+-+Litera" xmltv_id="SRO8 - Litera">SRO8 - Litera</channel>
  </channels>
</site>