﻿<?xml version="1.0" encoding="UTF-8"?>
<site generator-info-name="WebGrab+Plus/w MDB &amp; REX Postprocess -- version 1.1.1/25 -- Jan van Straaten" site="oztivo.net">
  <channels>
    <channel update="i" site="oztivo.net" site_id="DIG" xmltv_id="air: dig">air: dig</channel>
    <channel update="i" site="oztivo.net" site_id="STV1" xmltv_id="SelectTV 1">SelectTV 1</channel>
    <channel update="i" site="oztivo.net" site_id="ABC2" xmltv_id="ABC2">ABC2</channel>
    <channel update="i" site="oztivo.net" site_id="SYRIATV" xmltv_id="Syria TV">Syria TV</channel>
    <channel update="i" site="oztivo.net" site_id="CART" xmltv_id="Cartoon Network">Cartoon Network</channel>
    <channel update="i" site="oztivo.net" site_id="D4NEWS" xmltv_id="D4 News">D4 News</channel>
    <channel update="i" site="oztivo.net" site_id="LYOU" xmltv_id="LifeStyle YOU">LifeStyle YOU</channel>
    <channel update="i" site="oztivo.net" site_id="STC" xmltv_id="Soundtrack Channel">Soundtrack Channel</channel>
    <channel update="i" site="oztivo.net" site_id="W+2" xmltv_id="W for Women +2">W for Women +2</channel>
    <channel update="i" site="oztivo.net" site_id="NICK" xmltv_id="Nickelodeon">Nickelodeon</channel>
    <channel update="i" site="oztivo.net" site_id="LEONARDO" xmltv_id="Leonardo World">Leonardo World</channel>
    <channel update="i" site="oztivo.net" site_id="FB04" xmltv_id="Foxtel Box Office 4">Foxtel Box Office 4</channel>
    <channel update="i" site="oztivo.net" site_id="SHW2" xmltv_id="Showtime 2">Showtime 2</channel>
    <channel update="i" site="oztivo.net" site_id="ABC-WA" xmltv_id="ABC WA">ABC WA</channel>
    <channel update="i" site="oztivo.net" site_id="OLY5" xmltv_id="Olympics 5">Olympics 5</channel>
    <channel update="i" site="oztivo.net" site_id="FB17" xmltv_id="Foxtel Box Office 17">Foxtel Box Office 17</channel>
    <channel update="i" site="oztivo.net" site_id="CANALSUR" xmltv_id="TV Canal Sur">TV Canal Sur</channel>
    <channel update="i" site="oztivo.net" site_id="CMTER3" xmltv_id="Parliamentary Committee RM3">Parliamentary Committee RM3</channel>
    <channel update="i" site="oztivo.net" site_id="GEM-SA" xmltv_id="GEM SA">GEM SA</channel>
    <channel update="i" site="oztivo.net" site_id="FB06" xmltv_id="Foxtel Box Office 6">Foxtel Box Office 6</channel>
    <channel update="i" site="oztivo.net" site_id="FFC-WA" xmltv_id="Fox Footy Channel WA">Fox Footy Channel WA</channel>
    <channel update="i" site="oztivo.net" site_id="CMTER4" xmltv_id="Parliamentary Committee RM4">Parliamentary Committee RM4</channel>
    <channel update="i" site="oztivo.net" site_id="FB20" xmltv_id="Foxtel Box Office 20">Foxtel Box Office 20</channel>
    <channel update="i" site="oztivo.net" site_id="FS1" xmltv_id="Fox Sports One">Fox Sports One</channel>
    <channel update="i" site="oztivo.net" site_id="SC-Tas" xmltv_id="Southern Cross Tas">Southern Cross Tas</channel>
    <channel update="i" site="oztivo.net" site_id="V" xmltv_id="Channel V">Channel V</channel>
    <channel update="i" site="oztivo.net" site_id="AIRACT" xmltv_id="air: Active">air: Active</channel>
    <channel update="i" site="oztivo.net" site_id="OLY8" xmltv_id="Olympics 8">Olympics 8</channel>
    <channel update="i" site="oztivo.net" site_id="31-Adl" xmltv_id="Ch31 Adelaide">Ch31 Adelaide</channel>
    <channel update="i" site="oztivo.net" site_id="Nine-Qld" xmltv_id="Nine Qld">Nine Qld</channel>
    <channel update="i" site="oztivo.net" site_id="Ten-WA" xmltv_id="Ten WA">Ten WA</channel>
    <channel update="i" site="oztivo.net" site_id="GEM-NSW" xmltv_id="GEM NSW">GEM NSW</channel>
    <channel update="i" site="oztivo.net" site_id="MTVC" xmltv_id="MTVC">MTVC</channel>
    <channel update="i" site="oztivo.net" site_id="GEM-WA" xmltv_id="GEM WA">GEM WA</channel>
    <channel update="i" site="oztivo.net" site_id="SPEED" xmltv_id="SPEED">SPEED</channel>
    <channel update="i" site="oztivo.net" site_id="ENEWS-SP" xmltv_id="EuroNews Spanish">EuroNews Spanish</channel>
    <channel update="i" site="oztivo.net" site_id="FB22" xmltv_id="Foxtel Box Office 22">Foxtel Box Office 22</channel>
    <channel update="i" site="oztivo.net" site_id="MAIN" xmltv_id="Main Event">Main Event</channel>
    <channel update="i" site="oztivo.net" site_id="FOX8" xmltv_id="Fox8">Fox8</channel>
    <channel update="i" site="oztivo.net" site_id="OLY7" xmltv_id="Olympics 7">Olympics 7</channel>
    <channel update="i" site="oztivo.net" site_id="DISC+2" xmltv_id="Discovery Channel +2">Discovery Channel +2</channel>
    <channel update="i" site="oztivo.net" site_id="GO" xmltv_id="GO!">GO!</channel>
    <channel update="i" site="oztivo.net" site_id="WEIN" xmltv_id="Wine TV German">Wine TV German</channel>
    <channel update="i" site="oztivo.net" site_id="LYOU+2" xmltv_id="LifeStyle YOU +2">LifeStyle YOU +2</channel>
    <channel update="i" site="oztivo.net" site_id="WIN7-SA" xmltv_id="WIN-7 SA">WIN-7 SA</channel>
    <channel update="i" site="oztivo.net" site_id="SBS-NSW" xmltv_id="SBS NSW">SBS NSW</channel>
    <channel update="i" site="oztivo.net" site_id="OLY6" xmltv_id="Olympics 6">Olympics 6</channel>
    <channel update="i" site="oztivo.net" site_id="TVSN" xmltv_id="Television Shopping Network">Television Shopping Network</channel>
    <channel update="i" site="oztivo.net" site_id="FB14" xmltv_id="Foxtel Box Office 14">Foxtel Box Office 14</channel>
    <channel update="i" site="oztivo.net" site_id="TDT-Tas" xmltv_id="Tasmanian Digital Television">Tasmanian Digital Television</channel>
    <channel update="i" site="oztivo.net" site_id="Ten-Can" xmltv_id="Ten Capital Canberra">Ten Capital Canberra</channel>
    <channel update="i" site="oztivo.net" site_id="Cinemax" xmltv_id="Cinemax">Cinemax</channel>
    <channel update="i" site="oztivo.net" site_id="ABC-LOC" xmltv_id="ABC Local Radio">ABC Local Radio</channel>
    <channel update="i" site="oztivo.net" site_id="OVAT" xmltv_id="Ovation">Ovation</channel>
    <channel update="i" site="oztivo.net" site_id="ALJA" xmltv_id="Al Jazeera">Al Jazeera</channel>
    <channel update="i" site="oztivo.net" site_id="Nine-NT" xmltv_id="Nine NT">Nine NT</channel>
    <channel update="i" site="oztivo.net" site_id="BRIZ" xmltv_id="Briz 31">Briz 31</channel>
    <channel update="i" site="oztivo.net" site_id="GEM-Qld" xmltv_id="GEM Qld">GEM Qld</channel>
    <channel update="i" site="oztivo.net" site_id="GEM-ACT" xmltv_id="GEM ACT">GEM ACT</channel>
    <channel update="i" site="oztivo.net" site_id="DISCRT" xmltv_id="Discovery Real Time">Discovery Real Time</channel>
    <channel update="i" site="oztivo.net" site_id="ABC-HD" xmltv_id="ABC HD">ABC HD</channel>
    <channel update="i" site="oztivo.net" site_id="STYLE" xmltv_id="The Style Network">The Style Network</channel>
    <channel update="i" site="oztivo.net" site_id="RMTV" xmltv_id="RMTV">RMTV</channel>
    <channel update="i" site="oztivo.net" site_id="WIN-Qld" xmltv_id="WIN Qld">WIN Qld</channel>
    <channel update="i" site="oztivo.net" site_id="ANIMAL" xmltv_id="Animal Planet">Animal Planet</channel>
    <channel update="i" site="oztivo.net" site_id="CMTE" xmltv_id="Parliamentary Committees">Parliamentary Committees</channel>
    <channel update="i" site="oztivo.net" site_id="CMTER1" xmltv_id="Parliamentary Committee RM1">Parliamentary Committee RM1</channel>
    <channel update="i" site="oztivo.net" site_id="TVE" xmltv_id="TV Educativa">TV Educativa</channel>
    <channel update="i" site="oztivo.net" site_id="Nine-SA" xmltv_id="Nine SA">Nine SA</channel>
    <channel update="i" site="oztivo.net" site_id="ANT" xmltv_id="Antenna">Antenna</channel>
    <channel update="i" site="oztivo.net" site_id="LHOME" xmltv_id="Lifestyle Home">Lifestyle Home</channel>
    <channel update="i" site="oztivo.net" site_id="FB18" xmltv_id="Foxtel Box Office 18">Foxtel Box Office 18</channel>
    <channel update="i" site="oztivo.net" site_id="LNTV" xmltv_id="Liaoning TV">Liaoning TV</channel>
    <channel update="i" site="oztivo.net" site_id="GEM-Vic" xmltv_id="GEM Vic">GEM Vic</channel>
    <channel update="i" site="oztivo.net" site_id="GEM-Tas" xmltv_id="GEM Tas">GEM Tas</channel>
    <channel update="i" site="oztivo.net" site_id="HOUSE" xmltv_id="House of Representatives">House of Representatives</channel>
    <channel update="i" site="oztivo.net" site_id="Sci-Fi" xmltv_id="Sci Fi">Sci Fi</channel>
    <channel update="i" site="oztivo.net" site_id="ABC-Qld" xmltv_id="ABC Qld">ABC Qld</channel>
    <channel update="i" site="oztivo.net" site_id="GWN-WA" xmltv_id="Golden West Network">Golden West Network</channel>
    <channel update="i" site="oztivo.net" site_id="NGEO+2" xmltv_id="National Geographic Channel +2">National Geographic Channel +2</channel>
    <channel update="i" site="oztivo.net" site_id="ABC-NT" xmltv_id="ABC NT">ABC NT</channel>
    <channel update="i" site="oztivo.net" site_id="OLY4" xmltv_id="Olympics 4">Olympics 4</channel>
    <channel update="i" site="oztivo.net" site_id="ADULT1" xmltv_id="Adults Only Select">Adults Only Select</channel>
    <channel update="i" site="oztivo.net" site_id="WIN-Can" xmltv_id="WIN Canberra">WIN Canberra</channel>
    <channel update="i" site="oztivo.net" site_id="7TWO-WA" xmltv_id="7TWO West Aus">7TWO West Aus</channel>
    <channel update="i" site="oztivo.net" site_id="NBN" xmltv_id="NBN NSW">NBN NSW</channel>
    <channel update="i" site="oztivo.net" site_id="Nine-Syd" xmltv_id="Nine Sydney">Nine Sydney</channel>
    <channel update="i" site="oztivo.net" site_id="7TWO-Tas" xmltv_id="7TWO Tasmania">7TWO Tasmania</channel>
    <channel update="i" site="oztivo.net" site_id="7TWO-Qld" xmltv_id="7TWO Queensland">7TWO Queensland</channel>
    <channel update="i" site="oztivo.net" site_id="Digital4" xmltv_id="Sydney Digital Datacast 4">Sydney Digital Datacast 4</channel>
    <channel update="i" site="oztivo.net" site_id="FB03" xmltv_id="Foxtel Box Office 3">Foxtel Box Office 3</channel>
    <channel update="i" site="oztivo.net" site_id="7TWO-ACT" xmltv_id="7TWO ACT">7TWO ACT</channel>
    <channel update="i" site="oztivo.net" site_id="BIOG" xmltv_id="The Biography Channel">The Biography Channel</channel>
    <channel update="i" site="oztivo.net" site_id="MCMTop" xmltv_id="MCM Top">MCM Top</channel>
    <channel update="i" site="oztivo.net" site_id="Prime-Can" xmltv_id="Prime Canberra">Prime Canberra</channel>
    <channel update="i" site="oztivo.net" site_id="FB13" xmltv_id="Foxtel Box Office 13">Foxtel Box Office 13</channel>
    <channel update="i" site="oztivo.net" site_id="ABC-STAT" xmltv_id="ABC State Radio">ABC State Radio</channel>
    <channel update="i" site="oztivo.net" site_id="FFC" xmltv_id="Fox Footy Channel">Fox Footy Channel</channel>
    <channel update="i" site="oztivo.net" site_id="FSN" xmltv_id="Fox Sports News">Fox Sports News</channel>
    <channel update="i" site="oztivo.net" site_id="FB21" xmltv_id="Foxtel Box Office 21">Foxtel Box Office 21</channel>
    <channel update="i" site="oztivo.net" site_id="FB27" xmltv_id="Foxtel Box Office 27">Foxtel Box Office 27</channel>
    <channel update="i" site="oztivo.net" site_id="FS2" xmltv_id="Fox Sports Two">Fox Sports Two</channel>
    <channel update="i" site="oztivo.net" site_id="CMDY+2" xmltv_id="thecomedychannel +2">thecomedychannel +2</channel>
    <channel update="i" site="oztivo.net" site_id="SBS-Can" xmltv_id="SBS Canberra">SBS Canberra</channel>
    <channel update="i" site="oztivo.net" site_id="FUEL" xmltv_id="Fuel">Fuel</channel>
    <channel update="i" site="oztivo.net" site_id="OLY1" xmltv_id="Olympics 1">Olympics 1</channel>
    <channel update="i" site="oztivo.net" site_id="ABC3" xmltv_id="ABC3">ABC3</channel>
    <channel update="i" site="oztivo.net" site_id="ISHTAR" xmltv_id="Ishtar TV">Ishtar TV</channel>
    <channel update="i" site="oztivo.net" site_id="ESPN" xmltv_id="ESPN">ESPN</channel>
    <channel update="i" site="oztivo.net" site_id="DAAI" xmltv_id="Da Ai TV2">Da Ai TV2</channel>
    <channel update="i" site="oztivo.net" site_id="TVCHILE" xmltv_id="TV Chille">TV Chille</channel>
    <channel update="i" site="oztivo.net" site_id="JJJ" xmltv_id="Triple J">Triple J</channel>
    <channel update="i" site="oztivo.net" site_id="ARCADE" xmltv_id="Arcade Games">Arcade Games</channel>
    <channel update="i" site="oztivo.net" site_id="OLY3" xmltv_id="Olympics 3">Olympics 3</channel>
    <channel update="i" site="oztivo.net" site_id="TLC+2" xmltv_id="TLC+2">TLC+2</channel>
    <channel update="i" site="oztivo.net" site_id="7TWO-SA" xmltv_id="7TWO South Aus">7TWO South Aus</channel>
    <channel update="i" site="oztivo.net" site_id="FOOD" xmltv_id="LifeStyle Food">LifeStyle Food</channel>
    <channel update="i" site="oztivo.net" site_id="Seven-Dar" xmltv_id="Seven Darwin">Seven Darwin</channel>
    <channel update="i" site="oztivo.net" site_id="Seven-Mel" xmltv_id="Seven Melbourne">Seven Melbourne</channel>
    <channel update="i" site="oztivo.net" site_id="SBS-FM" xmltv_id="air: SBS FM">air: SBS FM</channel>
    <channel update="i" site="oztivo.net" site_id="SBSTWO-NT" xmltv_id="SBS TWO NT">SBS TWO NT</channel>
    <channel update="i" site="oztivo.net" site_id="SBS-AM" xmltv_id="air: SBS AM">air: SBS AM</channel>
    <channel update="i" site="oztivo.net" site_id="WINE" xmltv_id="Wine TV">Wine TV</channel>
    <channel update="i" site="oztivo.net" site_id="UKTV+2" xmltv_id="UK.TV +2">UK.TV +2</channel>
    <channel update="i" site="oztivo.net" site_id="Test" xmltv_id="Test Station">Test Station</channel>
    <channel update="i" site="oztivo.net" site_id="ADULT2" xmltv_id="Adults Only Select 2">Adults Only Select 2</channel>
    <channel update="i" site="oztivo.net" site_id="E!" xmltv_id="Entertainment Channel">Entertainment Channel</channel>
    <channel update="i" site="oztivo.net" site_id="SKYR" xmltv_id="Sky Racing">Sky Racing</channel>
    <channel update="i" site="oztivo.net" site_id="TLC" xmltv_id="TLC">TLC</channel>
    <channel update="i" site="oztivo.net" site_id="WIN-Vic" xmltv_id="WIN Victoria">WIN Victoria</channel>
    <channel update="i" site="oztivo.net" site_id="W" xmltv_id="W for Women">W for Women</channel>
    <channel update="i" site="oztivo.net" site_id="7TWO-NSW" xmltv_id="7TWO NSW">7TWO NSW</channel>
    <channel update="i" site="oztivo.net" site_id="OLY2" xmltv_id="Olympics 2">Olympics 2</channel>
    <channel update="i" site="oztivo.net" site_id="TWC" xmltv_id="Weather Channel">Weather Channel</channel>
    <channel update="i" site="oztivo.net" site_id="DWTV" xmltv_id="Deutsche Welle">Deutsche Welle</channel>
    <channel update="i" site="oztivo.net" site_id="7TWO-NT" xmltv_id="7TWO NT">7TWO NT</channel>
    <channel update="i" site="oztivo.net" site_id="13THST+2" xmltv_id="13th Street +2">13th Street +2</channel>
    <channel update="i" site="oztivo.net" site_id="ESPN2" xmltv_id="ESPN2">ESPN2</channel>
    <channel update="i" site="oztivo.net" site_id="AUR" xmltv_id="Aurora Community Television">Aurora Community Television</channel>
    <channel update="i" site="oztivo.net" site_id="NBN-GC" xmltv_id="NBN Gold Coast">NBN Gold Coast</channel>
    <channel update="i" site="oztivo.net" site_id="GUIDE" xmltv_id="Foxtel Digital Guide">Foxtel Digital Guide</channel>
    <channel update="i" site="oztivo.net" site_id="SPORTSEL" xmltv_id="Fox Sports Selector">Fox Sports Selector</channel>
    <channel update="i" site="oztivo.net" site_id="Nine-Mel" xmltv_id="Nine Melbourne">Nine Melbourne</channel>
    <channel update="i" site="oztivo.net" site_id="SHOW" xmltv_id="Showtime">Showtime</channel>
    <channel update="i" site="oztivo.net" site_id="Prime-Vic" xmltv_id="Prime Victoria">Prime Victoria</channel>
    <channel update="i" site="oztivo.net" site_id="FB26" xmltv_id="Foxtel Box Office 26">Foxtel Box Office 26</channel>
    <channel update="i" site="oztivo.net" site_id="7TWO-Vic" xmltv_id="7TWO Victoria">7TWO Victoria</channel>
    <channel update="i" site="oztivo.net" site_id="PrimeS" xmltv_id="Prime South">Prime South</channel>
    <channel update="i" site="oztivo.net" site_id="ABC-CLS" xmltv_id="ABC Classic FM">ABC Classic FM</channel>
    <channel update="i" site="oztivo.net" site_id="FB10" xmltv_id="Foxtel Box Office 10">Foxtel Box Office 10</channel>
    <channel update="i" site="oztivo.net" site_id="V2" xmltv_id="Channel V2">Channel V2</channel>
    <channel update="i" site="oztivo.net" site_id="NITV" xmltv_id="National Indigenous TV">National Indigenous TV</channel>
    <channel update="i" site="oztivo.net" site_id="CVISION" xmltv_id="Channelvision">Channelvision</channel>
    <channel update="i" site="oztivo.net" site_id="MTVH" xmltv_id="MTV Hits">MTV Hits</channel>
    <channel update="i" site="oztivo.net" site_id="WTV" xmltv_id="WTV">WTV</channel>
    <channel update="i" site="oztivo.net" site_id="7mate" xmltv_id="7mate">7mate</channel>
    <channel update="i" site="oztivo.net" site_id="GWORLD" xmltv_id="Gamesworld">Gamesworld</channel>
    <channel update="i" site="oztivo.net" site_id="Ten-Dar" xmltv_id="Ten Darwin">Ten Darwin</channel>
    <channel update="i" site="oztivo.net" site_id="ServiceNSW" xmltv_id="NSW Government Info">NSW Government Info</channel>
    <channel update="i" site="oztivo.net" site_id="ACC" xmltv_id="Australian Christian Channel">Australian Christian Channel</channel>
    <channel update="i" site="oztivo.net" site_id="BBCK" xmltv_id="BBC Knowledge">BBC Knowledge</channel>
    <channel update="i" site="oztivo.net" site_id="WIN-WA" xmltv_id="WIN WA">WIN WA</channel>
    <channel update="i" site="oztivo.net" site_id="SC10-GC" xmltv_id="Southern Cross Ten Gold Coast">Southern Cross Ten Gold Coast</channel>
    <channel update="i" site="oztivo.net" site_id="ADV" xmltv_id="National Geographic Adventure">National Geographic Adventure</channel>
    <channel update="i" site="oztivo.net" site_id="SBSTWO-Qld" xmltv_id="SBS TWO QLD">SBS TWO QLD</channel>
    <channel update="i" site="oztivo.net" site_id="DISC" xmltv_id="Discovery Channel">Discovery Channel</channel>
    <channel update="i" site="oztivo.net" site_id="SBSTWO-Tas" xmltv_id="SBS TWO Tas">SBS TWO Tas</channel>
    <channel update="i" site="oztivo.net" site_id="NASIA" xmltv_id="Channel NewsAsia">Channel NewsAsia</channel>
    <channel update="i" site="oztivo.net" site_id="SBS-Qld" xmltv_id="SBS Qld">SBS Qld</channel>
    <channel update="i" site="oztivo.net" site_id="ENEWSS" xmltv_id="EuroNews Spanish">EuroNews Spanish</channel>
    <channel update="i" site="oztivo.net" site_id="SC10-NSW" xmltv_id="Southern Cross Ten NSW">Southern Cross Ten NSW</channel>
    <channel update="i" site="oztivo.net" site_id="FOXN" xmltv_id="Fox News Channel">Fox News Channel</channel>
    <channel update="i" site="oztivo.net" site_id="ART" xmltv_id="ART">ART</channel>
    <channel update="i" site="oztivo.net" site_id="SBSTWO-SA" xmltv_id="SBS TWO SA">SBS TWO SA</channel>
    <channel update="i" site="oztivo.net" site_id="BETHTV" xmltv_id="Bethel TV">Bethel TV</channel>
    <channel update="i" site="oztivo.net" site_id="ABCHD-Vic" xmltv_id="ABC HD Victoria">ABC HD Victoria</channel>
    <channel update="i" site="oztivo.net" site_id="HITS" xmltv_id="TV Hits">TV Hits</channel>
    <channel update="i" site="oztivo.net" site_id="LIFE" xmltv_id="LifeStyle Channel">LifeStyle Channel</channel>
    <channel update="i" site="oztivo.net" site_id="DTM" xmltv_id="Discovery Turbo Max">Discovery Turbo Max</channel>
    <channel update="i" site="oztivo.net" site_id="CLAS+2" xmltv_id="Fox Classics +2">Fox Classics +2</channel>
    <channel update="i" site="oztivo.net" site_id="ADV+2" xmltv_id="National Geographic Adventure +2">National Geographic Adventure +2</channel>
    <channel update="i" site="oztivo.net" site_id="CLAS" xmltv_id="Fox Classics">Fox Classics</channel>
    <channel update="i" site="oztivo.net" site_id="IMP" xmltv_id="Imparja">Imparja</channel>
    <channel update="i" site="oztivo.net" site_id="NGW" xmltv_id="National Geographic Wild">National Geographic Wild</channel>
    <channel update="i" site="oztivo.net" site_id="One-Newc" xmltv_id="One SC Newcastle">One SC Newcastle</channel>
    <channel update="i" site="oztivo.net" site_id="ERTW" xmltv_id="ERT World">ERT World</channel>
    <channel update="i" site="oztivo.net" site_id="One-WA" xmltv_id="One WA">One WA</channel>
    <channel update="i" site="oztivo.net" site_id="SBSTWO-WA" xmltv_id="SBS TWO WA">SBS TWO WA</channel>
    <channel update="i" site="oztivo.net" site_id="MTVN" xmltv_id="MTVN Live">MTVN Live</channel>
    <channel update="i" site="oztivo.net" site_id="CMTER2" xmltv_id="Parliamentary Committee RM2">Parliamentary Committee RM2</channel>
    <channel update="i" site="oztivo.net" site_id="SBSTWO-NSW" xmltv_id="SBS Two NSW">SBS Two NSW</channel>
    <channel update="i" site="oztivo.net" site_id="One-Dar" xmltv_id="One Darwin">One Darwin</channel>
    <channel update="i" site="oztivo.net" site_id="RTPI" xmltv_id="RTP International">RTP International</channel>
    <channel update="i" site="oztivo.net" site_id="One-Qld" xmltv_id="One QLD">One QLD</channel>
    <channel update="i" site="oztivo.net" site_id="One-Vic" xmltv_id="One Vic">One Vic</channel>
    <channel update="i" site="oztivo.net" site_id="NoNag" xmltv_id="No Nag Channel">No Nag Channel</channel>
    <channel update="i" site="oztivo.net" site_id="SCOM" xmltv_id="Showtime Comedy">Showtime Comedy</channel>
    <channel update="i" site="oztivo.net" site_id="Ten-NSW" xmltv_id="Ten NSW">Ten NSW</channel>
    <channel update="i" site="oztivo.net" site_id="FOOD+2" xmltv_id="LifeStyle Food +2">LifeStyle Food +2</channel>
    <channel update="i" site="oztivo.net" site_id="EWTN" xmltv_id="Eternal Word Television Network">Eternal Word Television Network</channel>
    <channel update="i" site="oztivo.net" site_id="FFC-Vic" xmltv_id="Fox Footy Channel Victoria ACT NT">Fox Footy Channel Victoria ACT NT</channel>
    <channel update="i" site="oztivo.net" site_id="Prime-GC" xmltv_id="Prime Gold Coast">Prime Gold Coast</channel>
    <channel update="i" site="oztivo.net" site_id="AV" xmltv_id="AV Channel">AV Channel</channel>
    <channel update="i" site="oztivo.net" site_id="ERITV" xmltv_id="Eritrea TV">Eritrea TV</channel>
    <channel update="i" site="oztivo.net" site_id="ABC-Can" xmltv_id="ABC Canberra">ABC Canberra</channel>
    <channel update="i" site="oztivo.net" site_id="SBS-WA" xmltv_id="SBS WA">SBS WA</channel>
    <channel update="i" site="oztivo.net" site_id="HITS+2" xmltv_id="TV Hits +2">TV Hits +2</channel>
    <channel update="i" site="oztivo.net" site_id="ABC-SA" xmltv_id="ABC SA">ABC SA</channel>
    <channel update="i" site="oztivo.net" site_id="FB07" xmltv_id="Foxtel Box Office 7">Foxtel Box Office 7</channel>
    <channel update="i" site="oztivo.net" site_id="CRIME" xmltv_id="Crime &amp; Investigation">Crime &amp; Investigation</channel>
    <channel update="i" site="oztivo.net" site_id="ARNA+2" xmltv_id="Arena +2">Arena +2</channel>
    <channel update="i" site="oztivo.net" site_id="CMDY" xmltv_id="thecomedychannel">thecomedychannel</channel>
    <channel update="i" site="oztivo.net" site_id="FB15" xmltv_id="Foxtel Box Office 15">Foxtel Box Office 15</channel>
    <channel update="i" site="oztivo.net" site_id="SKYB" xmltv_id="Sky News Business">Sky News Business</channel>
    <channel update="i" site="oztivo.net" site_id="OUT-TV" xmltv_id="OUTtv">OUTtv</channel>
    <channel update="i" site="oztivo.net" site_id="SBS-NT" xmltv_id="SBS NT">SBS NT</channel>
    <channel update="i" site="oztivo.net" site_id="Seven-WA" xmltv_id="Seven WA">Seven WA</channel>
    <channel update="i" site="oztivo.net" site_id="WIN-Tas" xmltv_id="WIN Tas">WIN Tas</channel>
    <channel update="i" site="oztivo.net" site_id="ARNA" xmltv_id="Arena">Arena</channel>
    <channel update="i" site="oztivo.net" site_id="CMC" xmltv_id="Country Music Channel">Country Music Channel</channel>
    <channel update="i" site="oztivo.net" site_id="SBSTWO-Vic" xmltv_id="SBS TWO Vic">SBS TWO Vic</channel>
    <channel update="i" site="oztivo.net" site_id="Ten-Qld" xmltv_id="Ten Brisbane">Ten Brisbane</channel>
    <channel update="i" site="oztivo.net" site_id="EXPO" xmltv_id="Expo Channel">Expo Channel</channel>
    <channel update="i" site="oztivo.net" site_id="StarWorld" xmltv_id="Star World">Star World</channel>
    <channel update="i" site="oztivo.net" site_id="BOOM" xmltv_id="Boomerang">Boomerang</channel>
    <channel update="i" site="oztivo.net" site_id="WZONE" xmltv_id="Weatherzone">Weatherzone</channel>
    <channel update="i" site="oztivo.net" site_id="SPICS+2" xmltv_id="STARPICS +2">STARPICS +2</channel>
    <channel update="i" site="oztivo.net" site_id="13THST" xmltv_id="13th Street">13th Street</channel>
    <channel update="i" site="oztivo.net" site_id="TVS" xmltv_id="TVS Sydney">TVS Sydney</channel>
    <channel update="i" site="oztivo.net" site_id="FB24" xmltv_id="Foxtel Box Office 24">Foxtel Box Office 24</channel>
    <channel update="i" site="oztivo.net" site_id="CCTV9" xmltv_id="CCTV International English">CCTV International English</channel>
    <channel update="i" site="oztivo.net" site_id="FASH" xmltv_id="Fashion TV">Fashion TV</channel>
    <channel update="i" site="oztivo.net" site_id="DTM+2" xmltv_id="Discovery Turbo Max +2">Discovery Turbo Max +2</channel>
    <channel update="i" site="oztivo.net" site_id="ADULT" xmltv_id="Adults Only">Adults Only</channel>
    <channel update="i" site="oztivo.net" site_id="EURONEWS" xmltv_id="European News">European News</channel>
    <channel update="i" site="oztivo.net" site_id="Seven-SA" xmltv_id="Seven SA">Seven SA</channel>
    <channel update="i" site="oztivo.net" site_id="CLUBV" xmltv_id="Club V">Club V</channel>
    <channel update="i" site="oztivo.net" site_id="SACT" xmltv_id="Showtime Action">Showtime Action</channel>
    <channel update="i" site="oztivo.net" site_id="WLINK" xmltv_id="Westlink Network">Westlink Network</channel>
    <channel update="i" site="oztivo.net" site_id="CNBC" xmltv_id="CNBC Australia">CNBC Australia</channel>
    <channel update="i" site="oztivo.net" site_id="NGEO" xmltv_id="National Geographic Channel">National Geographic Channel</channel>
    <channel update="i" site="oztivo.net" site_id="MINDGAMES" xmltv_id="Mindgames">Mindgames</channel>
    <channel update="i" site="oztivo.net" site_id="7CEN" xmltv_id="Seven Central">Seven Central</channel>
    <channel update="i" site="oztivo.net" site_id="ENEWS-IT" xmltv_id="EuroNews Italia">EuroNews Italia</channel>
    <channel update="i" site="oztivo.net" site_id="TABNSW" xmltv_id="TAB NSW">TAB NSW</channel>
    <channel update="i" site="oztivo.net" site_id="One-Tas" xmltv_id="One Tas">One Tas</channel>
    <channel update="i" site="oztivo.net" site_id="WIN-Grif" xmltv_id="WIN Griffith">WIN Griffith</channel>
    <channel update="i" site="oztivo.net" site_id="CCTV4" xmltv_id="CCTV International Mandarin">CCTV International Mandarin</channel>
    <channel update="i" site="oztivo.net" site_id="StarMovies" xmltv_id="Star Movies">Star Movies</channel>
    <channel update="i" site="oztivo.net" site_id="TV1" xmltv_id="TV1">TV1</channel>
    <channel update="i" site="oztivo.net" site_id="FMC" xmltv_id="Family Movie Channel">Family Movie Channel</channel>
    <channel update="i" site="oztivo.net" site_id="ABC_RadioNSW" xmltv_id="News Sport Weather">News Sport Weather</channel>
    <channel update="i" site="oztivo.net" site_id="FFC-NSW" xmltv_id="Fox Footy Channel NSW">Fox Footy Channel NSW</channel>
    <channel update="i" site="oztivo.net" site_id="ENEWS-GE" xmltv_id="EuroNews German">EuroNews German</channel>
    <channel update="i" site="oztivo.net" site_id="SENATE" xmltv_id="Senate">Senate</channel>
    <channel update="i" site="oztivo.net" site_id="RAI" xmltv_id="RAI International">RAI International</channel>
    <channel update="i" site="oztivo.net" site_id="CNNI" xmltv_id="CNN International">CNN International</channel>
    <channel update="i" site="oztivo.net" site_id="SHWC+2" xmltv_id="Showcase +2">Showcase +2</channel>
    <channel update="i" site="oztivo.net" site_id="TV1+2" xmltv_id="TV1 +2">TV1 +2</channel>
    <channel update="i" site="oztivo.net" site_id="SHWC" xmltv_id="Showcase">Showcase</channel>
    <channel update="i" site="oztivo.net" site_id="FB23" xmltv_id="Foxtel Box Office 23">Foxtel Box Office 23</channel>
    <channel update="i" site="oztivo.net" site_id="FB05" xmltv_id="Foxtel Box Office 5">Foxtel Box Office 5</channel>
    <channel update="i" site="oztivo.net" site_id="DISN" xmltv_id="Disney Channel">Disney Channel</channel>
    <channel update="i" site="oztivo.net" site_id="PrimeN" xmltv_id="Prime North">Prime North</channel>
    <channel update="i" site="oztivo.net" site_id="FFC-SA" xmltv_id="Fox Footy Channel SA">Fox Footy Channel SA</channel>
    <channel update="i" site="oztivo.net" site_id="Seven-Bris" xmltv_id="Seven Qld">Seven Qld</channel>
    <channel update="i" site="oztivo.net" site_id="FB11" xmltv_id="Foxtel Box Office 11">Foxtel Box Office 11</channel>
    <channel update="i" site="oztivo.net" site_id="BLM" xmltv_id="Bloomberg Television">Bloomberg Television</channel>
    <channel update="i" site="oztivo.net" site_id="Seven-Syd" xmltv_id="Seven Sydney">Seven Sydney</channel>
    <channel update="i" site="oztivo.net" site_id="SDRA" xmltv_id="Showtime Drama">Showtime Drama</channel>
    <channel update="i" site="oztivo.net" site_id="HBOMovie" xmltv_id="HBO Movies">HBO Movies</channel>
    <channel update="i" site="oztivo.net" site_id="BBC" xmltv_id="BBC World">BBC World</channel>
    <channel update="i" site="oztivo.net" site_id="TV5" xmltv_id="TV5">TV5</channel>
    <channel update="i" site="oztivo.net" site_id="SC10-Qld" xmltv_id="Southern Cross Ten Qld">Southern Cross Ten Qld</channel>
    <channel update="i" site="oztivo.net" site_id="ABC-NR" xmltv_id="air: ABC NewsRadio">air: ABC NewsRadio</channel>
    <channel update="i" site="oztivo.net" site_id="SBSHD-Vic" xmltv_id="SBS HD Victoria">SBS HD Victoria</channel>
    <channel update="i" site="oztivo.net" site_id="BNTV" xmltv_id="Bosnia TV">Bosnia TV</channel>
    <channel update="i" site="oztivo.net" site_id="LIFE+2" xmltv_id="LifeStyle Channel +2">LifeStyle Channel +2</channel>
    <channel update="i" site="oztivo.net" site_id="H&amp;L" xmltv_id="Discovery Home &amp; Leisure">Discovery Home &amp; Leisure</channel>
    <channel update="i" site="oztivo.net" site_id="Nine-WA" xmltv_id="Nine WA">Nine WA</channel>
    <channel update="i" site="oztivo.net" site_id="WMOV" xmltv_id="World Movies">World Movies</channel>
    <channel update="i" site="oztivo.net" site_id="PREVIEW" xmltv_id="Box Office Preview">Box Office Preview</channel>
    <channel update="i" site="oztivo.net" site_id="Seven-Qld" xmltv_id="Seven Regional Qld">Seven Regional Qld</channel>
    <channel update="i" site="oztivo.net" site_id="FB02" xmltv_id="Foxtel Box Office 2">Foxtel Box Office 2</channel>
    <channel update="i" site="oztivo.net" site_id="A-PAC" xmltv_id="Australia's Public Affairs Channel">Australia's Public Affairs Channel</channel>
    <channel update="i" site="oztivo.net" site_id="TCM" xmltv_id="Turner Classic Movies">Turner Classic Movies</channel>
    <channel update="i" site="oztivo.net" site_id="One-SA" xmltv_id="One SA">One SA</channel>
    <channel update="i" site="oztivo.net" site_id="SCIENCE" xmltv_id="Discovery Science">Discovery Science</channel>
    <channel update="i" site="oztivo.net" site_id="MOV1+2" xmltv_id="Movie One Take Two">Movie One Take Two</channel>
    <channel update="i" site="oztivo.net" site_id="FX" xmltv_id="FX">FX</channel>
    <channel update="i" site="oztivo.net" site_id="ELEVEN" xmltv_id="ELEVEN">ELEVEN</channel>
    <channel update="i" site="oztivo.net" site_id="ABC-News24" xmltv_id="ABC News 24">ABC News 24</channel>
    <channel update="i" site="oztivo.net" site_id="EUROSPORT" xmltv_id="EUROSPORT">EUROSPORT</channel>
    <channel update="i" site="oztivo.net" site_id="Ten-SA" xmltv_id="Ten SA">Ten SA</channel>
    <channel update="i" site="oztivo.net" site_id="FS3" xmltv_id="Fox Sports Three">Fox Sports Three</channel>
    <channel update="i" site="oztivo.net" site_id="ABC-RN" xmltv_id="ABC Radio National">ABC Radio National</channel>
    <channel update="i" site="oztivo.net" site_id="UKTV" xmltv_id="UKTV">UKTV</channel>
    <channel update="i" site="oztivo.net" site_id="FB09" xmltv_id="Foxtel Box Office 9">Foxtel Box Office 9</channel>
    <channel update="i" site="oztivo.net" site_id="max" xmltv_id="musicMAX">musicMAX</channel>
    <channel update="i" site="oztivo.net" site_id="TVN" xmltv_id="Thoroughbred Racing">Thoroughbred Racing</channel>
    <channel update="i" site="oztivo.net" site_id="ABC-Tas" xmltv_id="ABC Tas">ABC Tas</channel>
    <channel update="i" site="oztivo.net" site_id="CBEEB" xmltv_id="CBeebies">CBeebies</channel>
    <channel update="i" site="oztivo.net" site_id="HIST+2" xmltv_id="History Channel +2">History Channel +2</channel>
    <channel update="i" site="oztivo.net" site_id="FB12" xmltv_id="Foxtel Box Office 12">Foxtel Box Office 12</channel>
    <channel update="i" site="oztivo.net" site_id="KIDSCO" xmltv_id="KidsCo">KidsCo</channel>
    <channel update="i" site="oztivo.net" site_id="CNNfn" xmltv_id="CNN Financial Network">CNN Financial Network</channel>
    <channel update="i" site="oztivo.net" site_id="31-Mel" xmltv_id="Ch31 Melbourne">Ch31 Melbourne</channel>
    <channel update="i" site="oztivo.net" site_id="SBS-Tas" xmltv_id="SBS Tas">SBS Tas</channel>
    <channel update="i" site="oztivo.net" site_id="MTV" xmltv_id="MTV">MTV</channel>
    <channel update="i" site="oztivo.net" site_id="FB16" xmltv_id="Foxtel Box Office 16">Foxtel Box Office 16</channel>
    <channel update="i" site="oztivo.net" site_id="ODY" xmltv_id="Odyssey">Odyssey</channel>
    <channel update="i" site="oztivo.net" site_id="FB19" xmltv_id="Foxtel Box Office 19">Foxtel Box Office 19</channel>
    <channel update="i" site="oztivo.net" site_id="LBC" xmltv_id="Lebanese Broadcasting">Lebanese Broadcasting</channel>
    <channel update="i" site="oztivo.net" site_id="ABC-NSW" xmltv_id="ABC NSW">ABC NSW</channel>
    <channel update="i" site="oztivo.net" site_id="MOVX" xmltv_id="Movie Extra">Movie Extra</channel>
    <channel update="i" site="oztivo.net" site_id="FB25" xmltv_id="Foxtel Box Office 25">Foxtel Box Office 25</channel>
    <channel update="i" site="oztivo.net" site_id="FOX8+2" xmltv_id="FOX8 +2">FOX8 +2</channel>
    <channel update="i" site="oztivo.net" site_id="HIST" xmltv_id="History Channel">History Channel</channel>
    <channel update="i" site="oztivo.net" site_id="MACQD" xmltv_id="Macquarie Digital">Macquarie Digital</channel>
    <channel update="i" site="oztivo.net" site_id="ESNEWS" xmltv_id="European Sports News">European Sports News</channel>
    <channel update="i" site="oztivo.net" site_id="FB08" xmltv_id="Foxtel Box Office 8">Foxtel Box Office 8</channel>
    <channel update="i" site="oztivo.net" site_id="WIN-NSW" xmltv_id="WIN NSW">WIN NSW</channel>
    <channel update="i" site="oztivo.net" site_id="UNIV" xmltv_id="Universal Channel">Universal Channel</channel>
    <channel update="i" site="oztivo.net" site_id="ABC-Vic" xmltv_id="ABC Vic">ABC Vic</channel>
    <channel update="i" site="oztivo.net" site_id="SBS-SA" xmltv_id="SBS SA">SBS SA</channel>
    <channel update="i" site="oztivo.net" site_id="MOV1" xmltv_id="Movie One">Movie One</channel>
    <channel update="i" site="oztivo.net" site_id="SC10-Vic" xmltv_id="Southern Cross Ten Victoria">Southern Cross Ten Victoria</channel>
    <channel update="i" site="oztivo.net" site_id="MCMTOP" xmltv_id="MCM Top Music">MCM Top Music</channel>
    <channel update="i" site="oztivo.net" site_id="Sci-Fi+2" xmltv_id="Sci Fi +2">Sci Fi +2</channel>
    <channel update="i" site="oztivo.net" site_id="PHDISN" xmltv_id="Playhouse Disney">Playhouse Disney</channel>
    <channel update="i" site="oztivo.net" site_id="FB01" xmltv_id="Foxtel Box Office 1">Foxtel Box Office 1</channel>
    <channel update="i" site="oztivo.net" site_id="ENEWSI" xmltv_id="EuroNews Italian">EuroNews Italian</channel>
    <channel update="i" site="oztivo.net" site_id="DIG-jazz" xmltv_id="dig jazz">dig jazz</channel>
    <channel update="i" site="oztivo.net" site_id="SKYN" xmltv_id="Sky News Australia">Sky News Australia</channel>
    <channel update="i" site="oztivo.net" site_id="SBS-Vic" xmltv_id="SBS Vic">SBS Vic</channel>
    <channel update="i" site="oztivo.net" site_id="GTS-BKN" xmltv_id="Central GTS/BKN">Central GTS/BKN</channel>
    <channel update="i" site="oztivo.net" site_id="VTV" xmltv_id="VTV Uruguay">VTV Uruguay</channel>
    <channel update="i" site="oztivo.net" site_id="HEALTH" xmltv_id="Discovery Health">Discovery Health</channel>
    <channel update="i" site="oztivo.net" site_id="STAS" xmltv_id="Setanta Sports">Setanta Sports</channel>
    <channel update="i" site="oztivo.net" site_id="STVDIO" xmltv_id="STYDIO">STYDIO</channel>
    <channel update="i" site="oztivo.net" site_id="A&amp;E" xmltv_id="A&amp;E">A&amp;E</channel>
    <channel update="i" site="oztivo.net" site_id="Ten-Vic" xmltv_id="Ten Melbourne">Ten Melbourne</channel>
    <channel update="i" site="oztivo.net" site_id="SHWGRTS" xmltv_id="Showtime Greats">Showtime Greats</channel>
    <channel update="i" site="oztivo.net" site_id="SPICS" xmltv_id="STARPICS">STARPICS</channel>
    <channel update="i" site="oztivo.net" site_id="NICKJR" xmltv_id="Nick Jr">Nick Jr</channel>
    <channel update="i" site="oztivo.net" site_id="MOVG" xmltv_id="Movie Greats">Movie Greats</channel>
    <channel update="i" site="oztivo.net" site_id="One-NSW" xmltv_id="One NSW">One NSW</channel>
    <channel update="i" site="oztivo.net" site_id="FFC-Qld" xmltv_id="Fox Footy Channel Qld">Fox Footy Channel Qld</channel>
  </channels>
</site>