﻿<?xml version="1.0" encoding="UTF-8"?>
<site generator-info-name="WebGrab+Plus/w MDB &amp; REX Postprocess -- version 1.1.1/47 -- Jan van Straaten" site="humo.be">
  <channels>
    <channel update="i" site="humo.be" site_id="main" site_channel="7" xmltv_id="EEN">EEN</channel>
    <channel update="i" site="humo.be" site_id="main" site_channel="41" xmltv_id="CANVAS">CANVAS</channel>
    <channel update="i" site="humo.be" site_id="main" site_channel="25" xmltv_id="VIER">VIER</channel>
    <channel update="i" site="humo.be" site_id="main" site_channel="23" xmltv_id="VTM">VTM</channel>
    <channel update="i" site="humo.be" site_id="main" site_channel="47" xmltv_id="2BE">2BE</channel>
    <channel update="i" site="humo.be" site_id="main" site_channel="31" xmltv_id="VIJF">VIJF</channel>
    <channel update="i" site="humo.be" site_id="main" site_channel="129" xmltv_id="NBCNGC">NBCNGC</channel>
    <channel update="i" site="humo.be" site_id="main" site_channel="175" xmltv_id="DISCOVERY">DISCOVERY</channel>
    <channel update="i" site="humo.be" site_id="main" site_channel="27" xmltv_id="VITAYA">VITAYA</channel>
    <channel update="i" site="humo.be" site_id="main" site_channel="107" xmltv_id="ACHT">ACHT</channel>
    <channel update="i" site="humo.be" site_id="main" site_channel="315" xmltv_id="OP12">OP12</channel>
    <channel update="i" site="humo.be" site_id="main" site_channel="37" xmltv_id="NED1">NED1</channel>
    <channel update="i" site="humo.be" site_id="main" site_channel="35" xmltv_id="NED2">NED2</channel>
    <channel update="i" site="humo.be" site_id="main" site_channel="33" xmltv_id="NED3">NED3</channel>
    <channel update="i" site="humo.be" site_id="main" site_channel="267" xmltv_id="EUROSPORT1">EUROSPORT1</channel>
    <channel update="i" site="humo.be" site_id="main" site_channel="265" xmltv_id="NJAM">NJAM</channel>
    <channel update="i" site="humo.be" site_id="main" site_channel="275" xmltv_id="BBC1 NL">BBC1 NL</channel>
    <channel update="i" site="humo.be" site_id="main" site_channel="277" xmltv_id="BBC2 NL">BBC2 NL</channel>
    <channel update="i" site="humo.be" site_id="main" site_channel="57" xmltv_id="ARTE">ARTE</channel>
    <channel update="i" site="humo.be" site_id="main" site_channel="6" xmltv_id="LA UNE">LA UNE</channel>
    <channel update="i" site="humo.be" site_id="main" site_channel="51" xmltv_id="LA DEUX">LA DEUX</channel>
    <channel update="i" site="humo.be" site_id="main" site_channel="55" xmltv_id="FRANCE2">FRANCE2</channel>
    <channel update="i" site="humo.be" site_id="main" site_channel="53" xmltv_id="FRANCE3">FRANCE3</channel>
    <channel update="i" site="humo.be" site_id="main" site_channel="109" xmltv_id="ARD">ARD</channel>
    <channel update="i" site="humo.be" site_id="main" site_channel="19" xmltv_id="ZDF">ZDF</channel>
    <channel update="i" site="humo.be" site_id="main" site_channel="123" xmltv_id="JIM">JIM</channel>
    <channel update="i" site="humo.be" site_id="main" site_channel="209" xmltv_id="TMF">TMF</channel>
    <channel update="i" site="humo.be" site_id="main" site_channel="197" xmltv_id="MTVNL">MTVNL</channel>
    <channel update="i" site="humo.be" site_id="main" site_channel="39" xmltv_id="KETNET">KETNET</channel>
    <channel update="i" site="humo.be" site_id="main" site_channel="157" xmltv_id="vtmKzoom">vtmKzoom</channel>
    <channel update="i" site="humo.be" site_id="main" site_channel="207" xmltv_id="STUDIO100TV">STUDIO100TV</channel>
    <channel update="i" site="humo.be" site_id="main" site_channel="179" xmltv_id="DISNEY CHANNEL">DISNEY CHANNEL</channel>
    <channel update="i" site="humo.be" site_id="main" site_channel="281" xmltv_id="NICKELODEON NL">NICKELODEON NL</channel>
    
    <channel update="i" site="humo.be" site_id="rest" site_channel="299" xmltv_id="SPORTING TELENET 1">SPORTING TELENET 1</channel>
    <channel update="i" site="humo.be" site_id="rest" site_channel="191" xmltv_id="HISTORY_CHANNEL">HISTORY_CHANNEL</channel>
    <channel update="i" site="humo.be" site_id="rest" site_channel="187" xmltv_id="EXTREME">EXTREME</channel>
    <channel update="i" site="humo.be" site_id="rest" site_channel="185" xmltv_id="EXQI CULTURE">EXQI CULTURE</channel>
    <channel update="i" site="humo.be" site_id="rest" site_channel="183" xmltv_id="ESPN">ESPN</channel>
    <channel update="i" site="humo.be" site_id="rest" site_channel="181" xmltv_id="ESPN AMERICA">ESPN AMERICA</channel>
    <channel update="i" site="humo.be" site_id="rest" site_channel="177" xmltv_id="DISCOVERYHD">DISCOVERYHD</channel>
    <channel update="i" site="humo.be" site_id="rest" site_channel="173" xmltv_id="DISC-WORLD">DISC-WORLD</channel>
    <channel update="i" site="humo.be" site_id="rest" site_channel="171" xmltv_id="DISC-TRAVELLIVING">DISC-TRAVELLIVING</channel>
    <channel update="i" site="humo.be" site_id="rest" site_channel="169" xmltv_id="DISC-SCIENCE">DISC-SCIENCE</channel>
    <channel update="i" site="humo.be" site_id="rest" site_channel="167" xmltv_id="CARTOONNETWORK">CARTOONNETWORK</channel>
    <channel update="i" site="humo.be" site_id="rest" site_channel="163" xmltv_id="ANIMAL">ANIMAL</channel>
    <channel update="i" site="humo.be" site_id="rest" site_channel="193" xmltv_id="LIFE!TV">LIFE!TV</channel>
    <channel update="i" site="humo.be" site_id="rest" site_channel="195" xmltv_id="MGMMOVIECHANNEL">MGMMOVIECHANNEL</channel>
    <channel update="i" site="humo.be" site_id="rest" site_channel="199" xmltv_id="PRIMEACTION">PRIMEACTION</channel>
    <channel update="i" site="humo.be" site_id="rest" site_channel="297" xmltv_id="SPORTING TELENET 2">SPORTING TELENET 2</channel>
    <channel update="i" site="humo.be" site_id="rest" site_channel="269" xmltv_id="TCM NL">TCM NL</channel>
    <channel update="i" site="humo.be" site_id="rest" site_channel="263" xmltv_id="FRANCE5">FRANCE5</channel>
    <channel update="i" site="humo.be" site_id="rest" site_channel="257" xmltv_id="USHUAIA">USHUAIA</channel>
    <channel update="i" site="humo.be" site_id="rest" site_channel="253" xmltv_id="SYFY">SYFY</channel>
    <channel update="i" site="humo.be" site_id="rest" site_channel="239" xmltv_id="E8 ENTERTAINMENT">E8 ENTERTAINMENT</channel>
    <channel update="i" site="humo.be" site_id="rest" site_channel="213" xmltv_id="AB4">AB4</channel>
    <channel update="i" site="humo.be" site_id="rest" site_channel="211" xmltv_id="AB3">AB3</channel>
    <channel update="i" site="humo.be" site_id="rest" site_channel="205" xmltv_id="PRIMESTAR">PRIMESTAR</channel>
    <channel update="i" site="humo.be" site_id="rest" site_channel="203" xmltv_id="PRIMESERIES">PRIMESERIES</channel>
    <channel update="i" site="humo.be" site_id="rest" site_channel="201" xmltv_id="PRIMEFEZZTIVAL">PRIMEFEZZTIVAL</channel>
    <channel update="i" site="humo.be" site_id="rest" site_channel="161" xmltv_id="ACTUATV">ACTUATV</channel>
    <channel update="i" site="humo.be" site_id="rest" site_channel="159" xmltv_id="13THSTREET">13THSTREET</channel>
    <channel update="i" site="humo.be" site_id="rest" site_channel="151" xmltv_id="TRT">TRT</channel>
    <channel update="i" site="humo.be" site_id="rest" site_channel="89" xmltv_id="RTL TVI">RTL TVI</channel>
    <channel update="i" site="humo.be" site_id="rest" site_channel="73" xmltv_id="LA TROIS">LA TROIS</channel>
    <channel update="i" site="humo.be" site_id="rest" site_channel="71" xmltv_id="FRANCE4">FRANCE4</channel>
    <channel update="i" site="humo.be" site_id="rest" site_channel="67" xmltv_id="BE1">BE1</channel>
    <channel update="i" site="humo.be" site_id="rest" site_channel="15" xmltv_id="CNN">CNN</channel>
    <channel update="i" site="humo.be" site_id="rest" site_channel="17" xmltv_id="BBC WORLD">BBC WORLD</channel>
    <channel update="i" site="humo.be" site_id="rest" site_channel="21" xmltv_id="WDR">WDR</channel>
    <channel update="i" site="humo.be" site_id="rest" site_channel="49" xmltv_id="TF1">TF1</channel>
    <channel update="i" site="humo.be" site_id="rest" site_channel="59" xmltv_id="BE CINE1">BE CINE1</channel>
    <channel update="i" site="humo.be" site_id="rest" site_channel="61" xmltv_id="BE CINE2">BE CINE2</channel>
    <channel update="i" site="humo.be" site_id="rest" site_channel="63" xmltv_id="BE SPORT1">BE SPORT1</channel>
    <channel update="i" site="humo.be" site_id="rest" site_channel="91" xmltv_id="RTP Internacional">RTP Internacional</channel>
    <channel update="i" site="humo.be" site_id="rest" site_channel="95" xmltv_id="TV5 EUROPE">TV5 EUROPE</channel>
    <channel update="i" site="humo.be" site_id="rest" site_channel="97" xmltv_id="TV5">TV5</channel>
    <channel update="i" site="humo.be" site_id="rest" site_channel="147" xmltv_id="SWR">SWR</channel>
    <channel update="i" site="humo.be" site_id="rest" site_channel="145" xmltv_id="SBS6">SBS6</channel>
    <channel update="i" site="humo.be" site_id="rest" site_channel="143" xmltv_id="RTL5">RTL5</channel>
    <channel update="i" site="humo.be" site_id="rest" site_channel="141" xmltv_id="RTL4">RTL4</channel>
    <channel update="i" site="humo.be" site_id="rest" site_channel="139" xmltv_id="RTL">RTL</channel>
    <channel update="i" site="humo.be" site_id="rest" site_channel="135" xmltv_id="PROSIEBEN">PROSIEBEN</channel>
    <channel update="i" site="humo.be" site_id="rest" site_channel="127" xmltv_id="NET5">NET5</channel>
    <channel update="i" site="humo.be" site_id="rest" site_channel="119" xmltv_id="EUROSPORT2">EUROSPORT2</channel>
    <channel update="i" site="humo.be" site_id="rest" site_channel="111" xmltv_id="BVN-TV">BVN-TV</channel>
    <channel update="i" site="humo.be" site_id="rest" site_channel="101" xmltv_id="TVE">TVE</channel>
    <channel update="i" site="humo.be" site_id="rest" site_channel="99" xmltv_id="TVBREIZH">TVBREIZH</channel>
    <channel update="i" site="humo.be" site_id="rest" site_channel="65" xmltv_id="BE SPORT2">BE SPORT2</channel>
  </channels>
</site>