<?xml version='1.0' encoding='UTF-8'?>
<site generator-info-name="WebGrab+Plus version 1.0.8 Beta -- Jan van Straaten" site="iceland">
 <!--contributed by Frantid, November 2011-->
  <channels>
 <!--Iceland-->
   <channel update="i" site="vodafone.is" site_id="1" xmltv_id="RUV">RUV</channel>
   <!--<channel same_as="RUV" offset="1" xmltv_id="RUV+">RUV+</channel>-->
   <channel update="i" site="vodafone.is" site_id="5" xmltv_id="BIO">BIO</channel>
   <!--<channel same_as="BIO" offset="1" xmltv_id="BIO+">BIO+</channel>-->
   <channel update="i" site="vodafone.is" site_id="3" xmltv_id="STOD2">STOD2</channel>
   <!--<channel same_as="STOD2" offset="1" xmltv_id="STOD2+">STOD2+</channel>-->
   <channel update="i" site="vodafone.is" site_id="6" xmltv_id="STOD2 Extra">STOD2 Extra</channel>
   <!--<channel same_as="STOD2 Extra" offset="1" xmltv_id="STOD2 Extra+">STOD2 Extra+</channel>-->
   <channel update="i" site="vodafone.is" site_id="7" xmltv_id="STOD2 Sport">STOD2 Sport</channel>
   <!--<channel same_as="STOD2 Sport" offset="1" xmltv_id="STOD2 Sport+">STOD2 Sport+</channel>-->
   <channel update="i" site="vodafone.is" site_id="11" xmltv_id="STOD2 Sport2">STOD2 Sport2</channel>
<!--   <channel update="i" site="vodafone.is" site_id="22" xmltv_id="Nova">Nova</channel> -->
   <channel update="i" site="vodafone.is" site_id="20" xmltv_id="Skjar Einn">Skjar Einn</channel>
   <!--<channel same_as="Skjar Einn" offset="1" xmltv_id="Skjar Einn+">Skjar Einn+</channel>-->
   <channel update="i" site="vodafone.is" site_id="80" xmltv_id="INN">INN</channel>
   <channel update="i" site="vodafone.is" site_id="25" xmltv_id="Omega">Omega</channel>
   <channel update="i" site="vodafone.is" site_id="26" xmltv_id="Discovery Channel">Discovery Channel</channel>
   <channel update="i" site="vodafone.is" site_id="27" xmltv_id="Discovery World">Discovery World</channel>
   <!--<channel same_as="Discovery Channel" offset="0" xmltv_id="Discovery HD">Discovery HD</channel>-->
   <channel update="i" site="vodafone.is" site_id="90" xmltv_id="ID Discovery">ID Discovery</channel>
   <channel update="i" site="vodafone.is" site_id="28" xmltv_id="National Geographic">National Geographic</channel>
   <channel update="i" site="vodafone.is" site_id="30" xmltv_id="Animal Planet">Animal Planet</channel>
   <channel update="i" site="vodafone.is" site_id="87" xmltv_id="Skjar Golf">Skjar Golf</channel>
   <channel update="i" site="vodafone.is" site_id="32" xmltv_id="Sky News">Sky News</channel>
   <channel update="i" site="vodafone.is" site_id="33" xmltv_id="Fox News">Fox News</channel>
   <channel update="i" site="vodafone.is" site_id="34" xmltv_id="CNN">CNN</channel>
   <channel update="i" site="vodafone.is" site_id="35" xmltv_id="CNBC">CNBC</channel>
   <channel update="i" site="vodafone.is" site_id="77" xmltv_id="CCTV">CCTV</channel>
   <channel update="i" site="vodafone.is" site_id="36" xmltv_id="BBC World">BBC World</channel>
   <channel update="i" site="vodafone.is" site_id="85" xmltv_id="Bloomberg">Bloomberg</channel>
   <channel update="i" site="vodafone.is" site_id="86" xmltv_id="Al Jazeera">Al Jazeera</channel>
   <channel update="i" site="vodafone.is" site_id="37" xmltv_id="Eurosport">Eurosport</channel>
   <channel update="i" site="vodafone.is" site_id="38" xmltv_id="Eurosport2">Eurosport2</channel>
   <channel update="i" site="vodafone.is" site_id="39" xmltv_id="Extreme Sports">Extreme Sports</channel>
   <channel update="i" site="vodafone.is" site_id="40" xmltv_id="ESPN">ESPN</channel>
  <!-- <channel update="i" site="vodafone.is" site_id="41" xmltv_id="ChelseaTV">ChelseaTV</channel> -->
   <channel update="i" site="vodafone.is" site_id="42" xmltv_id="MUTV">MUTV</channel>
   <channel update="i" site="vodafone.is" site_id="44" xmltv_id="Liverpool TV">Liverpool TV</channel>
   <channel update="i" site="vodafone.is" site_id="47" xmltv_id="BBC Entertainment">BBC Entertainment</channel>
   <channel update="i" site="vodafone.is" site_id="48" xmltv_id="BBC Lifestyle">BBC Lifestyle</channel>
   <channel update="i" site="vodafone.is" site_id="50" xmltv_id="MGM">MGM</channel>
   <channel update="i" site="vodafone.is" site_id="51" xmltv_id="TCM">TCM</channel>
   <channel update="i" site="vodafone.is" site_id="31" xmltv_id="Travel Channel">Travel Channel</channel>
   <channel update="i" site="vodafone.is" site_id="54" xmltv_id="Food Network">Food Network</channel>
   <channel update="i" site="vodafone.is" site_id="53" xmltv_id="E">E</channel>
   <channel update="i" site="vodafone.is" site_id="84" xmltv_id="Style Network">Style Network</channel>
   <channel update="i" site="vodafone.is" site_id="55" xmltv_id="Fashion TV">Fashion TV</channel>
   <channel update="i" site="vodafone.is" site_id="79" xmltv_id="Disney Channel">Disney Channel</channel>
   <channel update="i" site="vodafone.is" site_id="52" xmltv_id="JimJam">JimJam</channel>
   <channel update="i" site="vodafone.is" site_id="56" xmltv_id="Cartoon Network">Cartoon Network</channel>
   <channel update="i" site="vodafone.is" site_id="59" xmltv_id="VH1">VH1</channel>
   <channel update="i" site="vodafone.is" site_id="60" xmltv_id="DR1">DR1</channel>
   <channel update="i" site="vodafone.is" site_id="61" xmltv_id="DR2">DR2</channel>
   <channel update="i" site="vodafone.is" site_id="62" xmltv_id="SVT1">SVT1</channel>
   <channel update="i" site="vodafone.is" site_id="63" xmltv_id="SVT2">SVT2</channel>
   <channel update="i" site="vodafone.is" site_id="64" xmltv_id="NRK1">NRK1</channel>
   <channel update="i" site="vodafone.is" site_id="65" xmltv_id="NRK2">NRK2</channel>
   <channel update="i" site="vodafone.is" site_id="67" xmltv_id="ARD">ARD</channel>
   <channel update="i" site="vodafone.is" site_id="68" xmltv_id="ZDF">ZDF</channel>
   <channel update="i" site="vodafone.is" site_id="69" xmltv_id="SAT1">SAT1</channel>
   <channel update="i" site="vodafone.is" site_id="72" xmltv_id="TV5">TV5</channel>
   <channel update="i" site="vodafone.is" site_id="73" xmltv_id="M6">M6</channel>
   <channel update="i" site="vodafone.is" site_id="74" xmltv_id="Rai Due">Rai Due</channel>
   <channel update="i" site="vodafone.is" site_id="75" xmltv_id="TVE">TVE</channel>
</channels>
</site>