﻿<?xml version="1.0" encoding="UTF-8"?>
<site generator-info-name="WebGrab+Plus/w MDB &amp; REX Postprocess -- version 1.1.1/53.7 -- Jan van Straaten" site="guidatv.sky.it">
  <channels>
    <channel update="i" site="guidatv.sky.it" site_id="718" xmltv_id="Sky Uno HD">Sky Uno HD</channel>
    <channel update="i" site="guidatv.sky.it" site_id="122" xmltv_id="Fox HD">Fox HD</channel>
    <channel update="i" site="guidatv.sky.it" site_id="133" xmltv_id="Fox Life HD">Fox Life HD</channel>
    <channel update="i" site="guidatv.sky.it" site_id="139" xmltv_id="Fox Crime HD">Fox Crime HD</channel>
    <channel update="i" site="guidatv.sky.it" site_id="8336" xmltv_id="CI Crime+Investigation HD">CI Crime+Investigation HD</channel>
    <channel update="i" site="guidatv.sky.it" site_id="457" xmltv_id="FOX Retro">FOX Retro</channel>
    <channel update="i" site="guidatv.sky.it" site_id="443" xmltv_id="AXN HD">AXN HD</channel>
    <channel update="i" site="guidatv.sky.it" site_id="318" xmltv_id="Comedy Central">Comedy Central</channel>
    <channel update="i" site="guidatv.sky.it" site_id="522" xmltv_id="Real Time HD">Real Time HD</channel>
    <channel update="i" site="guidatv.sky.it" site_id="423" xmltv_id="Lei">Lei</channel>
    <channel update="i" site="guidatv.sky.it" site_id="473" xmltv_id="Diva Universal">Diva Universal</channel>
    <channel update="i" site="guidatv.sky.it" site_id="7707" xmltv_id="Sky Arte HD">Sky Arte HD</channel>
    <channel update="i" site="guidatv.sky.it" site_id="8007" xmltv_id="Classica HD">Classica HD</channel>
    <channel update="i" site="guidatv.sky.it" site_id="6503" xmltv_id="AXN Sci-Fi">AXN Sci-Fi</channel>
    <channel update="i" site="guidatv.sky.it" site_id="124" xmltv_id="Horror Channel">Horror Channel</channel>
    <channel update="i" site="guidatv.sky.it" site_id="6507" xmltv_id="Babel TV">Babel TV</channel>
    <channel update="i" site="guidatv.sky.it" site_id="6506" xmltv_id="Easy Baby">Easy Baby</channel>
    <channel update="i" site="guidatv.sky.it" site_id="7587" xmltv_id="Automoto TV">Automoto TV</channel>
    <channel update="i" site="guidatv.sky.it" site_id="535" xmltv_id="GXT">GXT</channel>
    <channel update="i" site="guidatv.sky.it" site_id="6887" xmltv_id="Extreme Sport Channel HD">Extreme Sport Channel HD</channel>
    <channel update="i" site="guidatv.sky.it" site_id="6440" xmltv_id="MAN-GA">MAN-GA</channel>
    <channel update="i" site="guidatv.sky.it" site_id="6761" xmltv_id="Sky 3D - Ch 150">Sky 3D - Ch 150</channel>
    <channel update="i" site="guidatv.sky.it" site_id="6400" xmltv_id="La3">La3</channel>
    <channel update="i" site="guidatv.sky.it" site_id="929" xmltv_id="Sky Sport24 HD">Sky Sport24 HD</channel>
    <channel update="i" site="guidatv.sky.it" site_id="920" xmltv_id="Sky Sport 1 HD">Sky Sport 1 HD</channel>
    <channel update="i" site="guidatv.sky.it" site_id="7507" xmltv_id="Sky Sport 2 HD">Sky Sport 2 HD</channel>
    <channel update="i" site="guidatv.sky.it" site_id="7508" xmltv_id="Sky Sport 3 HD">Sky Sport 3 HD</channel>
    <channel update="i" site="guidatv.sky.it" site_id="7509" xmltv_id="Sky Supercalcio HD">Sky Supercalcio HD</channel>
    <channel update="i" site="guidatv.sky.it" site_id="8027" xmltv_id="Fox Sports HD">Fox Sports HD</channel>
    <channel update="i" site="guidatv.sky.it" site_id="7887" xmltv_id="Sky Sport F1 HD">Sky Sport F1 HD</channel>
    <channel update="i" site="guidatv.sky.it" site_id="8028" xmltv_id="Fox Sports Plus HD">Fox Sports Plus HD</channel>
    <channel update="i" site="guidatv.sky.it" site_id="307" xmltv_id="Eurosport HD">Eurosport HD</channel>
    <channel update="i" site="guidatv.sky.it" site_id="391" xmltv_id="Eurosport 2 HD">Eurosport 2 HD</channel>
    <channel update="i" site="guidatv.sky.it" site_id="7847" xmltv_id="Bike Channel">Bike Channel</channel>
    <channel update="i" site="guidatv.sky.it" site_id="101" xmltv_id="Sky Cinema 1 HD">Sky Cinema 1 HD</channel>
    <channel update="i" site="guidatv.sky.it" site_id="724" xmltv_id="Sky Cinema Hits HD">Sky Cinema Hits HD</channel>
    <channel update="i" site="guidatv.sky.it" site_id="105" xmltv_id="Sky Cinema Family HD">Sky Cinema Family HD</channel>
    <channel update="i" site="guidatv.sky.it" site_id="6581" xmltv_id="Sky Cinema Passion HD">Sky Cinema Passion HD</channel>
    <channel update="i" site="guidatv.sky.it" site_id="6561" xmltv_id="Sky Cinema Comedy HD">Sky Cinema Comedy HD</channel>
    <channel update="i" site="guidatv.sky.it" site_id="115" xmltv_id="Sky Cinema Max HD">Sky Cinema Max HD</channel>
    <channel update="i" site="guidatv.sky.it" site_id="6141" xmltv_id="Sky Cinema Cult HD">Sky Cinema Cult HD</channel>
    <channel update="i" site="guidatv.sky.it" site_id="723" xmltv_id="Sky Cinema Classics HD">Sky Cinema Classics HD</channel>
    <channel update="i" site="guidatv.sky.it" site_id="7667" xmltv_id="Primafila 1">Primafila 1</channel>
    <channel update="i" site="guidatv.sky.it" site_id="931" xmltv_id="Discovery Channel HD">Discovery Channel HD</channel>
    <channel update="i" site="guidatv.sky.it" site_id="641" xmltv_id="National Geo HD">National Geo HD</channel>
    <channel update="i" site="guidatv.sky.it" site_id="467" xmltv_id="Discovery Science HD">Discovery Science HD</channel>
    <channel update="i" site="guidatv.sky.it" site_id="465" xmltv_id="Discovery Travel &amp; Living HD">Discovery Travel &amp; Living HD</channel>
    <channel update="i" site="guidatv.sky.it" site_id="639" xmltv_id="History Channel HD">History Channel HD</channel>
    <channel update="i" site="guidatv.sky.it" site_id="126" xmltv_id="Nat Geo Wild HD">Nat Geo Wild HD</channel>
    <channel update="i" site="guidatv.sky.it" site_id="7407" xmltv_id="Nat Geo Adventure HD">Nat Geo Adventure HD</channel>
    <channel update="i" site="guidatv.sky.it" site_id="524" xmltv_id="Gambero Rosso HD">Gambero Rosso HD</channel>
    <channel update="i" site="guidatv.sky.it" site_id="6360" xmltv_id="Dove TV">Dove TV</channel>
    <channel update="i" site="guidatv.sky.it" site_id="7687" xmltv_id="DeA Sapere HD">DeA Sapere HD</channel>
    <channel update="i" site="guidatv.sky.it" site_id="519" xmltv_id="Animal Planet">Animal Planet</channel>
    <channel update="i" site="guidatv.sky.it" site_id="362" xmltv_id="Sky TG24 HD">Sky TG24 HD</channel>
    <channel update="i" site="guidatv.sky.it" site_id="460" xmltv_id="DeAKids">DeAKids</channel>
    <channel update="i" site="guidatv.sky.it" site_id="461" xmltv_id="Nick Junior">Nick Junior</channel>
    <channel update="i" site="guidatv.sky.it" site_id="320" xmltv_id="Nickelodeon">Nickelodeon</channel>
    <channel update="i" site="guidatv.sky.it" site_id="129" xmltv_id="Cartoon Network">Cartoon Network</channel>
    <channel update="i" site="guidatv.sky.it" site_id="472" xmltv_id="Boomerang">Boomerang</channel>
    <channel update="i" site="guidatv.sky.it" site_id="453" xmltv_id="Disney Junior">Disney Junior</channel>
    <channel update="i" site="guidatv.sky.it" site_id="118" xmltv_id="Disney Channel HD">Disney Channel HD</channel>
    <channel update="i" site="guidatv.sky.it" site_id="131" xmltv_id="Disney XD HD">Disney XD HD</channel>
    <channel update="i" site="guidatv.sky.it" site_id="7727" xmltv_id="Planet Kids">Planet Kids</channel>
    <channel update="i" site="guidatv.sky.it" site_id="521" xmltv_id="Jim Jam">Jim Jam</channel>
    <channel update="i" site="guidatv.sky.it" site_id="7427" xmltv_id="DeA Junior">DeA Junior</channel>
    <channel update="i" site="guidatv.sky.it" site_id="6160" xmltv_id="Baby TV">Baby TV</channel>
    <channel update="i" site="guidatv.sky.it" site_id="6460" xmltv_id="Super!">Super!</channel>
    <channel update="i" site="guidatv.sky.it" site_id="6240" xmltv_id="K2">K2</channel>
    <channel update="i" site="guidatv.sky.it" site_id="543" xmltv_id="MTV Hits">MTV Hits</channel>
    <channel update="i" site="guidatv.sky.it" site_id="523" xmltv_id="MTV Classic">MTV Classic</channel>
    <channel update="i" site="guidatv.sky.it" site_id="542" xmltv_id="MTV Rocks">MTV Rocks</channel>
    <channel update="i" site="guidatv.sky.it" site_id="539" xmltv_id="MTV Dance">MTV Dance</channel>
    <channel update="i" site="guidatv.sky.it" site_id="528" xmltv_id="MTV Music">MTV Music</channel>
    <channel update="i" site="guidatv.sky.it" site_id="6907" xmltv_id="MTV Live HD">MTV Live HD</channel>
    <channel update="i" site="guidatv.sky.it" site_id="462" xmltv_id="My Deejay">My Deejay</channel>
    <channel update="i" site="guidatv.sky.it" site_id="333" xmltv_id="Rock TV">Rock TV</channel>
    <channel update="i" site="guidatv.sky.it" site_id="309" xmltv_id="Hip Hop TV">Hip Hop TV</channel>
    <channel update="i" site="guidatv.sky.it" site_id="899" xmltv_id="Rai Uno">Rai Uno</channel>
    <channel update="i" site="guidatv.sky.it" site_id="898" xmltv_id="Rai Due">Rai Due</channel>
    <channel update="i" site="guidatv.sky.it" site_id="897" xmltv_id="Rai Tre">Rai Tre</channel>
    <channel update="i" site="guidatv.sky.it" site_id="892" xmltv_id="Rete 4">Rete 4</channel>
    <channel update="i" site="guidatv.sky.it" site_id="893" xmltv_id="Canale 5">Canale 5</channel>
    <channel update="i" site="guidatv.sky.it" site_id="894" xmltv_id="Italia 1">Italia 1</channel>
    <channel update="i" site="guidatv.sky.it" site_id="319" xmltv_id="La7">La7</channel>
    <channel update="i" site="guidatv.sky.it" site_id="518" xmltv_id="MTV">MTV</channel>
    <channel update="i" site="guidatv.sky.it" site_id="6280" xmltv_id="Cielo">Cielo</channel>
    <channel update="i" site="guidatv.sky.it" site_id="120" xmltv_id="Sky Uno + 1 HD">Sky Uno + 1 HD</channel>
    <channel update="i" site="guidatv.sky.it" site_id="8193" xmltv_id="Sky Arte HD">Sky Arte HD</channel>
    <channel update="i" site="guidatv.sky.it" site_id="635" xmltv_id="Fox +1">Fox +1</channel>
    <channel update="i" site="guidatv.sky.it" site_id="529" xmltv_id="Fox Life +1">Fox Life +1</channel>
    <channel update="i" site="guidatv.sky.it" site_id="588" xmltv_id="Fox Crime +1">Fox Crime +1</channel>
    <channel update="i" site="guidatv.sky.it" site_id="6420" xmltv_id="AXN + 1">AXN + 1</channel>
    <channel update="i" site="guidatv.sky.it" site_id="8195" xmltv_id="MTV HD">MTV HD</channel>
    <channel update="i" site="guidatv.sky.it" site_id="8353" xmltv_id="Comedy Central + 1">Comedy Central + 1</channel>
    <channel update="i" site="guidatv.sky.it" site_id="6504" xmltv_id="Real Time+1">Real Time+1</channel>
    <channel update="i" site="guidatv.sky.it" site_id="8133" xmltv_id="Cielo HD">Cielo HD</channel>
    <channel update="i" site="guidatv.sky.it" site_id="7747" xmltv_id="LEI +1">LEI +1</channel>
    <channel update="i" site="guidatv.sky.it" site_id="8196" xmltv_id="Sky Uno +2">Sky Uno +2</channel>
    <channel update="i" site="guidatv.sky.it" site_id="6501" xmltv_id="Fox +2">Fox +2</channel>
    <channel update="i" site="guidatv.sky.it" site_id="6502" xmltv_id="Fox Life +2">Fox Life +2</channel>
    <channel update="i" site="guidatv.sky.it" site_id="6505" xmltv_id="Fox Crime+2">Fox Crime+2</channel>
    <channel update="i" site="guidatv.sky.it" site_id="974" xmltv_id="Deejay TV">Deejay TV</channel>
    <channel update="i" site="guidatv.sky.it" site_id="480" xmltv_id="GXT +1">GXT +1</channel>
    <channel update="i" site="guidatv.sky.it" site_id="6884" xmltv_id="ILIKETV">ILIKETV</channel>
    <channel update="i" site="guidatv.sky.it" site_id="6781" xmltv_id="Sky 3D - Ch 209">Sky 3D - Ch 209</channel>
    <channel update="i" site="guidatv.sky.it" site_id="8333" xmltv_id="Fox Sports 2 HD">Fox Sports 2 HD</channel>
    <channel update="i" site="guidatv.sky.it" site_id="7987" xmltv_id="UnireSat">UnireSat</channel>
    <channel update="i" site="guidatv.sky.it" site_id="6611" xmltv_id="Class Horse TV">Class Horse TV</channel>
    <channel update="i" site="guidatv.sky.it" site_id="6613" xmltv_id="PokerItalia24">PokerItalia24</channel>
    <channel update="i" site="guidatv.sky.it" site_id="6000" xmltv_id="SuperTennis HD">SuperTennis HD</channel>
    <channel update="i" site="guidatv.sky.it" site_id="807" xmltv_id="Rai Sport 1">Rai Sport 1</channel>
    <channel update="i" site="guidatv.sky.it" site_id="6612" xmltv_id="Rai Sport 2">Rai Sport 2</channel>
    <channel update="i" site="guidatv.sky.it" site_id="322" xmltv_id="Milan Channel">Milan Channel</channel>
    <channel update="i" site="guidatv.sky.it" site_id="455" xmltv_id="JUVENTUS tv">JUVENTUS tv</channel>
    <channel update="i" site="guidatv.sky.it" site_id="456" xmltv_id="Inter Channel">Inter Channel</channel>
    <channel update="i" site="guidatv.sky.it" site_id="7527" xmltv_id="Lazio Style Channel">Lazio Style Channel</channel>
    <channel update="i" site="guidatv.sky.it" site_id="478" xmltv_id="Roma Channel">Roma Channel</channel>
    <channel update="i" site="guidatv.sky.it" site_id="520" xmltv_id="Caccia e Pesca">Caccia e Pesca</channel>
    <channel update="i" site="guidatv.sky.it" site_id="6220" xmltv_id="Pesca e Caccia">Pesca e Caccia</channel>
    <channel update="i" site="guidatv.sky.it" site_id="719" xmltv_id="Sky Calcio 1 HD">Sky Calcio 1 HD</channel>
    <channel update="i" site="guidatv.sky.it" site_id="215" xmltv_id="Sky Calcio 2 HD">Sky Calcio 2 HD</channel>
    <channel update="i" site="guidatv.sky.it" site_id="217" xmltv_id="Sky Calcio 3 HD">Sky Calcio 3 HD</channel>
    <channel update="i" site="guidatv.sky.it" site_id="219" xmltv_id="Sky Calcio 4 HD">Sky Calcio 4 HD</channel>
    <channel update="i" site="guidatv.sky.it" site_id="221" xmltv_id="Sky Calcio 5 HD">Sky Calcio 5 HD</channel>
    <channel update="i" site="guidatv.sky.it" site_id="223" xmltv_id="Sky Calcio 6 HD">Sky Calcio 6 HD</channel>
    <channel update="i" site="guidatv.sky.it" site_id="225" xmltv_id="Sky Calcio 7 HD">Sky Calcio 7 HD</channel>
    <channel update="i" site="guidatv.sky.it" site_id="606" xmltv_id="Sky Calcio 8 HD">Sky Calcio 8 HD</channel>
    <channel update="i" site="guidatv.sky.it" site_id="613" xmltv_id="Sky Calcio 9">Sky Calcio 9</channel>
    <channel update="i" site="guidatv.sky.it" site_id="615" xmltv_id="Sky Calcio 10">Sky Calcio 10</channel>
    <channel update="i" site="guidatv.sky.it" site_id="617" xmltv_id="Sky Calcio 11">Sky Calcio 11</channel>
    <channel update="i" site="guidatv.sky.it" site_id="618" xmltv_id="Sky Calcio 12">Sky Calcio 12</channel>
    <channel update="i" site="guidatv.sky.it" site_id="619" xmltv_id="Sky Calcio 13">Sky Calcio 13</channel>
    <channel update="i" site="guidatv.sky.it" site_id="722" xmltv_id="Sky Cinema + 1 HD">Sky Cinema + 1 HD</channel>
    <channel update="i" site="guidatv.sky.it" site_id="452" xmltv_id="Sky Cinema + 24 HD">Sky Cinema + 24 HD</channel>
    <channel update="i" site="guidatv.sky.it" site_id="7947" xmltv_id="Sky Cinema Family +1 HD">Sky Cinema Family +1 HD</channel>
    <channel update="i" site="guidatv.sky.it" site_id="451" xmltv_id="Sky Cinema Max + 1 HD">Sky Cinema Max + 1 HD</channel>
    <channel update="i" site="guidatv.sky.it" site_id="6801" xmltv_id="Sky 3D - Ch 321">Sky 3D - Ch 321</channel>
    <channel update="i" site="guidatv.sky.it" site_id="7767" xmltv_id="Sky Arte HD-400">Sky Arte HD-400</channel>
    <channel update="i" site="guidatv.sky.it" site_id="331" xmltv_id="Discovery Channel +1">Discovery Channel +1</channel>
    <channel update="i" site="guidatv.sky.it" site_id="125" xmltv_id="National Geo +1">National Geo +1</channel>
    <channel update="i" site="guidatv.sky.it" site_id="123" xmltv_id="History Ch +1">History Ch +1</channel>
    <channel update="i" site="guidatv.sky.it" site_id="8107" xmltv_id="La Sposa">La Sposa</channel>
    <channel update="i" site="guidatv.sky.it" site_id="578" xmltv_id="Yacht &amp; Sail">Yacht &amp; Sail</channel>
    <channel update="i" site="guidatv.sky.it" site_id="7402" xmltv_id="Doctor's Life">Doctor's Life</channel>
    <channel update="i" site="guidatv.sky.it" site_id="6626" xmltv_id="QVC">QVC</channel>
    <channel update="i" site="guidatv.sky.it" site_id="321" xmltv_id="Sky TG 24 Meteo">Sky TG 24 Meteo</channel>
    <channel update="i" site="guidatv.sky.it" site_id="6510" xmltv_id="TG24 Primo Piano">TG24 Primo Piano</channel>
    <channel update="i" site="guidatv.sky.it" site_id="6511" xmltv_id="TG24 Eventi">TG24 Eventi</channel>
    <channel update="i" site="guidatv.sky.it" site_id="6512" xmltv_id="TG24 Rassegne">TG24 Rassegne</channel>
    <channel update="i" site="guidatv.sky.it" site_id="308" xmltv_id="Class-Cnbc">Class-Cnbc</channel>
    <channel update="i" site="guidatv.sky.it" site_id="895" xmltv_id="Rai News">Rai News</channel>
    <channel update="i" site="guidatv.sky.it" site_id="6481" xmltv_id="TG Norba24">TG Norba24</channel>
    <channel update="i" site="guidatv.sky.it" site_id="864" xmltv_id="Roma Uno">Roma Uno</channel>
    <channel update="i" site="guidatv.sky.it" site_id="6861" xmltv_id="SMtv San Marino">SMtv San Marino</channel>
    <channel update="i" site="guidatv.sky.it" site_id="445" xmltv_id="Sky News">Sky News</channel>
    <channel update="i" site="guidatv.sky.it" site_id="446" xmltv_id="Fox News">Fox News</channel>
    <channel update="i" site="guidatv.sky.it" site_id="312" xmltv_id="CNN Intl">CNN Intl</channel>
    <channel update="i" site="guidatv.sky.it" site_id="6741" xmltv_id="Fox Business">Fox Business</channel>
    <channel update="i" site="guidatv.sky.it" site_id="444" xmltv_id="CNBC">CNBC</channel>
    <channel update="i" site="guidatv.sky.it" site_id="349" xmltv_id="Bloomberg ">Bloomberg </channel>
    <channel update="i" site="guidatv.sky.it" site_id="7968" xmltv_id="France 24 English  ">France 24 English  </channel>
    <channel update="i" site="guidatv.sky.it" site_id="6886" xmltv_id="Russia Today">Russia Today</channel>
    <channel update="i" site="guidatv.sky.it" site_id="8273" xmltv_id="I24news">I24news</channel>
    <channel update="i" site="guidatv.sky.it" site_id="5119" xmltv_id="France 24 ">France 24 </channel>
    <channel update="i" site="guidatv.sky.it" site_id="364" xmltv_id="DeAKids+1">DeAKids+1</channel>
    <channel update="i" site="guidatv.sky.it" site_id="6701" xmltv_id="Nick Junior + 1">Nick Junior + 1</channel>
    <channel update="i" site="guidatv.sky.it" site_id="6140" xmltv_id="Nickelodeon + 1">Nickelodeon + 1</channel>
    <channel update="i" site="guidatv.sky.it" site_id="476" xmltv_id="Cartoon Network +1 ">Cartoon Network +1 </channel>
    <channel update="i" site="guidatv.sky.it" site_id="479" xmltv_id="Boomerang + 1">Boomerang + 1</channel>
    <channel update="i" site="guidatv.sky.it" site_id="132" xmltv_id="Disney Junior + 1">Disney Junior + 1</channel>
    <channel update="i" site="guidatv.sky.it" site_id="450" xmltv_id="Disney Channel +1">Disney Channel +1</channel>
    <channel update="i" site="guidatv.sky.it" site_id="6821" xmltv_id="Disney Channel +2">Disney Channel +2</channel>
    <channel update="i" site="guidatv.sky.it" site_id="475" xmltv_id="Disney XD +1">Disney XD +1</channel>
    <channel update="i" site="guidatv.sky.it" site_id="6822" xmltv_id="Disney XD +2">Disney XD +2</channel>
    <channel update="i" site="guidatv.sky.it" site_id="454" xmltv_id="Disney in English">Disney in English</channel>
    <channel update="i" site="guidatv.sky.it" site_id="6721" xmltv_id="Jim Jam + 1">Jim Jam + 1</channel>
    <channel update="i" site="guidatv.sky.it" site_id="6610" xmltv_id="Frisbee">Frisbee</channel>
    <channel update="i" site="guidatv.sky.it" site_id="6300" xmltv_id="Sky Radio">Sky Radio</channel>
    <channel update="i" site="guidatv.sky.it" site_id="334" xmltv_id="Sky Music">Sky Music</channel>
    <channel update="i" site="guidatv.sky.it" site_id="8233" xmltv_id="Radio Italia Tv">Radio Italia Tv</channel>
    <channel update="i" site="guidatv.sky.it" site_id="8213" xmltv_id="Radionorba TV">Radionorba TV</channel>
    <channel update="i" site="guidatv.sky.it" site_id="6885" xmltv_id="RTL 102.5 TV">RTL 102.5 TV</channel>
    <channel update="i" site="guidatv.sky.it" site_id="942" xmltv_id="Primafila 2">Primafila 2</channel>
    <channel update="i" site="guidatv.sky.it" site_id="944" xmltv_id="Primafila 4">Primafila 4</channel>
    <channel update="i" site="guidatv.sky.it" site_id="203" xmltv_id="Primafila 5">Primafila 5</channel>
    <channel update="i" site="guidatv.sky.it" site_id="945" xmltv_id="Primafila 6">Primafila 6</channel>
    <channel update="i" site="guidatv.sky.it" site_id="609" xmltv_id="Primafila 8">Primafila 8</channel>
    <channel update="i" site="guidatv.sky.it" site_id="947" xmltv_id="Primafila 9">Primafila 9</channel>
    <channel update="i" site="guidatv.sky.it" site_id="948" xmltv_id="Primafila 10">Primafila 10</channel>
    <channel update="i" site="guidatv.sky.it" site_id="205" xmltv_id="Primafila 11">Primafila 11</channel>
    <channel update="i" site="guidatv.sky.it" site_id="943" xmltv_id="Primafila 12">Primafila 12</channel>
    <channel update="i" site="guidatv.sky.it" site_id="84" xmltv_id="Primafila 13">Primafila 13</channel>
    <channel update="i" site="guidatv.sky.it" site_id="75" xmltv_id="Primafila 14">Primafila 14</channel>
    <channel update="i" site="guidatv.sky.it" site_id="76" xmltv_id="Primafila 15">Primafila 15</channel>
    <channel update="i" site="guidatv.sky.it" site_id="601" xmltv_id="Primafila 16">Primafila 16</channel>
    <channel update="i" site="guidatv.sky.it" site_id="605" xmltv_id="Primafila 17">Primafila 17</channel>
    <channel update="i" site="guidatv.sky.it" site_id="79" xmltv_id="Primafila 18">Primafila 18</channel>
    <channel update="i" site="guidatv.sky.it" site_id="390" xmltv_id="Primafila 19">Primafila 19</channel>
    <channel update="i" site="guidatv.sky.it" site_id="6601" xmltv_id="Rai 1 (DTT)">Rai 1 (DTT)</channel>
    <channel update="i" site="guidatv.sky.it" site_id="6621" xmltv_id="Rai 2 (DTT)">Rai 2 (DTT)</channel>
    <channel update="i" site="guidatv.sky.it" site_id="6602" xmltv_id="Rai 3 (DTT)">Rai 3 (DTT)</channel>
    <channel update="i" site="guidatv.sky.it" site_id="6603" xmltv_id="Rete 4 (DTT)">Rete 4 (DTT)</channel>
    <channel update="i" site="guidatv.sky.it" site_id="6604" xmltv_id="Canale 5 (DTT)">Canale 5 (DTT)</channel>
    <channel update="i" site="guidatv.sky.it" site_id="6605" xmltv_id="Italia 1 (DTT)">Italia 1 (DTT)</channel>
    <channel update="i" site="guidatv.sky.it" site_id="8329" xmltv_id="La7 DTT">La7 DTT</channel>
    <channel update="i" site="guidatv.sky.it" site_id="8327" xmltv_id="MTV DTT">MTV DTT</channel>
    <channel update="i" site="guidatv.sky.it" site_id="8328" xmltv_id="Deejay TV DTT">Deejay TV DTT</channel>
    <channel update="i" site="guidatv.sky.it" site_id="6622" xmltv_id="Rai 4">Rai 4</channel>
    <channel update="i" site="guidatv.sky.it" site_id="6606" xmltv_id="Iris">Iris</channel>
    <channel update="i" site="guidatv.sky.it" site_id="6607" xmltv_id="Rai 5">Rai 5</channel>
    <channel update="i" site="guidatv.sky.it" site_id="6608" xmltv_id="Rai Movie">Rai Movie</channel>
    <channel update="i" site="guidatv.sky.it" site_id="6623" xmltv_id="Rai Premium">Rai Premium</channel>
    <channel update="i" site="guidatv.sky.it" site_id="8324" xmltv_id="Cielo DTT">Cielo DTT</channel>
    <channel update="i" site="guidatv.sky.it" site_id="8325" xmltv_id="TV2000 DTT">TV2000 DTT</channel>
    <channel update="i" site="guidatv.sky.it" site_id="6624" xmltv_id="La7D">La7D</channel>
    <channel update="i" site="guidatv.sky.it" site_id="6625" xmltv_id="La5">La5</channel>
    <channel update="i" site="guidatv.sky.it" site_id="8323" xmltv_id="Real Time DTT">Real Time DTT</channel>
    <channel update="i" site="guidatv.sky.it" site_id="8321" xmltv_id="QVC DTT">QVC DTT</channel>
    <channel update="i" site="guidatv.sky.it" site_id="6627" xmltv_id="Mediaset Extra">Mediaset Extra</channel>
    <channel update="i" site="guidatv.sky.it" site_id="7967" xmltv_id="Mediaset Italia Due DTT">Mediaset Italia Due DTT</channel>
    <channel update="i" site="guidatv.sky.it" site_id="8320" xmltv_id="RTL 102.5 TV DTT">RTL 102.5 TV DTT</channel>
    <channel update="i" site="guidatv.sky.it" site_id="8131" xmltv_id="Giallo">Giallo</channel>
    <channel update="i" site="guidatv.sky.it" site_id="8127" xmltv_id="Top Crime">Top Crime</channel>
    <channel update="i" site="guidatv.sky.it" site_id="6628" xmltv_id="Boing">Boing</channel>
    <channel update="i" site="guidatv.sky.it" site_id="8318" xmltv_id="K2 Kids Tv DTT">K2 Kids Tv DTT</channel>
    <channel update="i" site="guidatv.sky.it" site_id="6629" xmltv_id="Rai Gulp">Rai Gulp</channel>
    <channel update="i" site="guidatv.sky.it" site_id="6609" xmltv_id="Rai Yoyo">Rai Yoyo</channel>
    <channel update="i" site="guidatv.sky.it" site_id="8316" xmltv_id="Frisbee DTT">Frisbee DTT</channel>
    <channel update="i" site="guidatv.sky.it" site_id="8132" xmltv_id="Cartoonito">Cartoonito</channel>
    <channel update="i" site="guidatv.sky.it" site_id="8314" xmltv_id="Super! DTT">Super! DTT</channel>
    <channel update="i" site="guidatv.sky.it" site_id="8319" xmltv_id="Rai News DTT">Rai News DTT</channel>
    <channel update="i" site="guidatv.sky.it" site_id="8128" xmltv_id="Laeffe">Laeffe</channel>
    <channel update="i" site="guidatv.sky.it" site_id="8129" xmltv_id="Dmax">Dmax</channel>
    <channel update="i" site="guidatv.sky.it" site_id="6630" xmltv_id="Rai Storia">Rai Storia</channel>
    <channel update="i" site="guidatv.sky.it" site_id="8130" xmltv_id="Focus Tv">Focus Tv</channel>
    <channel update="i" site="guidatv.sky.it" site_id="8317" xmltv_id="Rai Sport 1 DTT">Rai Sport 1 DTT</channel>
    <channel update="i" site="guidatv.sky.it" site_id="8315" xmltv_id="Rai Sport 2 DTT">Rai Sport 2 DTT</channel>
    <channel update="i" site="guidatv.sky.it" site_id="8322" xmltv_id="SuperTennis DTT">SuperTennis DTT</channel>
    <channel update="i" site="guidatv.sky.it" site_id="8313" xmltv_id="MTV Music DTT">MTV Music DTT</channel>
    <channel update="i" site="guidatv.sky.it" site_id="8326" xmltv_id="France 24 DTT">France 24 DTT</channel>
  </channels>
</site>