﻿<?xml version="1.0" encoding="UTF-8"?>
<site generator-info-name="WebGrab+Plus/w MDB &amp; REX Postprocess -- version 1.53.13/0.05 -- Jan van Straaten" site="laguidatv.it/">
  <channels>
    <channel update="i" site="laguidatv.it" site_id="rai-1" xmltv_id="Rai 1">Rai 1</channel>
    <channel update="i" site="laguidatv.it" site_id="rai-2" xmltv_id="Rai 2">Rai 2</channel>
    <channel update="i" site="laguidatv.it" site_id="rai-3" xmltv_id="Rai 3">Rai 3</channel>
    <channel update="i" site="laguidatv.it" site_id="rete-4" xmltv_id="Rete 4">Rete 4</channel>
    <channel update="i" site="laguidatv.it" site_id="canale-5" xmltv_id="Canale 5">Canale 5</channel>
    <channel update="i" site="laguidatv.it" site_id="italia-1" xmltv_id="Italia 1">Italia 1</channel>
    <channel update="i" site="laguidatv.it" site_id="dmax" xmltv_id="DMax">DMax</channel>
    <channel update="i" site="laguidatv.it" site_id="la7dtt" xmltv_id="La7 DTT">La7 DTT</channel>
    <channel update="i" site="laguidatv.it" site_id="mtvdtt" xmltv_id="MTV DTT">MTV DTT</channel>
    <channel update="i" site="laguidatv.it" site_id="deejaytvdtt" xmltv_id="Deejay TV DTT">Deejay TV DTT</channel>
    <channel update="i" site="laguidatv.it" site_id="cielodtt" xmltv_id="Cielo DTT">Cielo DTT</channel>
    <channel update="i" site="laguidatv.it" site_id="tv2000dtt" xmltv_id="TV2000 DTT">TV2000 DTT</channel>
    <channel update="i" site="laguidatv.it" site_id="la7d" xmltv_id="La7D">La7D</channel>
    <channel update="i" site="laguidatv.it" site_id="realtimedtt" xmltv_id="Real Time DTT">Real Time DTT</channel>
    <channel update="i" site="laguidatv.it" site_id="qvcdtt" xmltv_id="QVC DTT">QVC DTT</channel>
    <channel update="i" site="laguidatv.it" site_id="mediasetitaliaduedtt" xmltv_id="Mediaset Italia Due DTT">Mediaset Italia Due DTT</channel>
    <channel update="i" site="laguidatv.it" site_id="rtl1025tvdtt" xmltv_id="RTL 102.5 TV DTT">RTL 102.5 TV DTT</channel>
    <channel update="i" site="laguidatv.it" site_id="giallo" xmltv_id="Giallo">Giallo</channel>
    <channel update="i" site="laguidatv.it" site_id="topcrime" xmltv_id="Top Crime">Top Crime</channel>
    <channel update="i" site="laguidatv.it" site_id="boing" xmltv_id="Boing">Boing</channel>
    <channel update="i" site="laguidatv.it" site_id="k2kidstvdtt" xmltv_id="K2 Kids Tv DTT">K2 Kids Tv DTT</channel>
    <channel update="i" site="laguidatv.it" site_id="frisbeedtt" xmltv_id="Frisbee DTT">Frisbee DTT</channel>
    <channel update="i" site="laguidatv.it" site_id="cartoonito" xmltv_id="Cartoonito">Cartoonito</channel>
    <channel update="i" site="laguidatv.it" site_id="super%21dtt" xmltv_id="Super! DTT">Super! DTT</channel>
    <channel update="i" site="laguidatv.it" site_id="rainewsdtt" xmltv_id="Rai News DTT">Rai News DTT</channel>
    <channel update="i" site="laguidatv.it" site_id="laeffe" xmltv_id="Laeffe">Laeffe</channel>
    <channel update="i" site="laguidatv.it" site_id="focustv" xmltv_id="Focus Tv">Focus Tv</channel>
    <channel update="i" site="laguidatv.it" site_id="raisport1dtt" xmltv_id="Rai Sport 1 DTT">Rai Sport 1 DTT</channel>
    <channel update="i" site="laguidatv.it" site_id="raisport2dtt" xmltv_id="Rai Sport 2 DTT">Rai Sport 2 DTT</channel>
    <channel update="i" site="laguidatv.it" site_id="supertennisdtt" xmltv_id="SuperTennis DTT">SuperTennis DTT</channel>
    <channel update="i" site="laguidatv.it" site_id="mtvmusicdtt" xmltv_id="MTV Music DTT">MTV Music DTT</channel>
    <channel update="i" site="laguidatv.it" site_id="france24dtt" xmltv_id="France 24 DTT">France 24 DTT</channel>
    <channel update="i" site="laguidatv.it" site_id="skyunohd" xmltv_id="Sky Uno HD">Sky Uno HD</channel>
    <channel update="i" site="laguidatv.it" site_id="skyuno%2b1hd" xmltv_id="Sky Uno + 1 HD">Sky Uno + 1 HD</channel>
    <channel update="i" site="laguidatv.it" site_id="foxhd" xmltv_id="Fox HD">Fox HD</channel>
    <channel update="i" site="laguidatv.it" site_id="fox%2b1" xmltv_id="Fox +1">Fox +1</channel>
    <channel update="i" site="laguidatv.it" site_id="foxlifehd" xmltv_id="Fox Life HD">Fox Life HD</channel>
    <channel update="i" site="laguidatv.it" site_id="foxlife%2b1" xmltv_id="Fox Life +1">Fox Life +1</channel>
    <channel update="i" site="laguidatv.it" site_id="foxcrimehd" xmltv_id="Fox Crime HD">Fox Crime HD</channel>
    <channel update="i" site="laguidatv.it" site_id="foxcrime%2b1" xmltv_id="Fox Crime +1">Fox Crime +1</channel>
    <channel update="i" site="laguidatv.it" site_id="cicrime%2binvestigationhd" xmltv_id="CI Crime+Investigation HD">CI Crime+Investigation HD</channel>
    <channel update="i" site="laguidatv.it" site_id="foxretro" xmltv_id="FOX Retro">FOX Retro</channel>
    <channel update="i" site="laguidatv.it" site_id="axnhd" xmltv_id="AXN HD">AXN HD</channel>
    <channel update="i" site="laguidatv.it" site_id="axn%2b1" xmltv_id="AXN + 1">AXN + 1</channel>
    <channel update="i" site="laguidatv.it" site_id="mtvhd" xmltv_id="MTV HD">MTV HD</channel>
    <channel update="i" site="laguidatv.it" site_id="comedycentral" xmltv_id="Comedy Central">Comedy Central</channel>
    <channel update="i" site="laguidatv.it" site_id="comedycentral%2b1" xmltv_id="Comedy Central + 1">Comedy Central + 1</channel>
    <channel update="i" site="laguidatv.it" site_id="realtimehd" xmltv_id="Real Time HD">Real Time HD</channel>
    <channel update="i" site="laguidatv.it" site_id="realtime%2b1" xmltv_id="Real Time+1">Real Time+1</channel>
    <channel update="i" site="laguidatv.it" site_id="lei" xmltv_id="Lei">Lei</channel>
    <channel update="i" site="laguidatv.it" site_id="lei%2b1" xmltv_id="LEI +1">LEI +1</channel>
    <channel update="i" site="laguidatv.it" site_id="divauniversal" xmltv_id="Diva Universal">Diva Universal</channel>
    <channel update="i" site="laguidatv.it" site_id="classicahd" xmltv_id="Classica HD">Classica HD</channel>
    <channel update="i" site="laguidatv.it" site_id="axnsci-fi" xmltv_id="AXN Sci-Fi">AXN Sci-Fi</channel>
    <channel update="i" site="laguidatv.it" site_id="horrorchannel" xmltv_id="Horror Channel">Horror Channel</channel>
    <channel update="i" site="laguidatv.it" site_id="babeltv" xmltv_id="Babel TV">Babel TV</channel>
    <channel update="i" site="laguidatv.it" site_id="easybaby" xmltv_id="Easy Baby">Easy Baby</channel>
    <channel update="i" site="laguidatv.it" site_id="tv2000" xmltv_id="TV2000">TV2000</channel>
    <channel update="i" site="laguidatv.it" site_id="automototv" xmltv_id="Automoto TV">Automoto TV</channel>
    <channel update="i" site="laguidatv.it" site_id="skyuno%2b2" xmltv_id="Sky Uno +2">Sky Uno +2</channel>
    <channel update="i" site="laguidatv.it" site_id="fox%2b2" xmltv_id="Fox +2">Fox +2</channel>
    <channel update="i" site="laguidatv.it" site_id="foxlife%2b2" xmltv_id="Fox Life +2">Fox Life +2</channel>
    <channel update="i" site="laguidatv.it" site_id="foxcrime%2b2" xmltv_id="Fox Crime+2">Fox Crime+2</channel>
    <channel update="i" site="laguidatv.it" site_id="gxt" xmltv_id="GXT">GXT</channel>
    <channel update="i" site="laguidatv.it" site_id="gxt%2b1" xmltv_id="GXT +1">GXT +1</channel>
    <channel update="i" site="laguidatv.it" site_id="man-ga" xmltv_id="MAN-GA">MAN-GA</channel>
    <channel update="i" site="laguidatv.it" site_id="sky3d-ch150" xmltv_id="Sky 3D - Ch 150">Sky 3D - Ch 150</channel>
    <channel update="i" site="laguidatv.it" site_id="la3" xmltv_id="La3">La3</channel>
    <channel update="i" site="laguidatv.it" site_id="iliketv" xmltv_id="ILIKETV">ILIKETV</channel>
    <channel update="i" site="laguidatv.it" site_id="skysport24hd" xmltv_id="Sky Sport24 HD">Sky Sport24 HD</channel>
    <channel update="i" site="laguidatv.it" site_id="skysport1hd" xmltv_id="Sky Sport 1 HD">Sky Sport 1 HD</channel>
    <channel update="i" site="laguidatv.it" site_id="skysport2hd" xmltv_id="Sky Sport 2 HD">Sky Sport 2 HD</channel>
    <channel update="i" site="laguidatv.it" site_id="skysupercalciohd" xmltv_id="Sky Supercalcio HD">Sky Supercalcio HD</channel>
    <channel update="i" site="laguidatv.it" site_id="foxsportshd" xmltv_id="Fox Sports HD">Fox Sports HD</channel>
    <channel update="i" site="laguidatv.it" site_id="olimpiadi1hd" xmltv_id="Olimpiadi 1 HD">Olimpiadi 1 HD</channel>
    <channel update="i" site="laguidatv.it" site_id="olimpiadi2hd" xmltv_id="Olimpiadi 2 HD">Olimpiadi 2 HD</channel>
    <channel update="i" site="laguidatv.it" site_id="olimpiadi3hd" xmltv_id="Olimpiadi 3 HD">Olimpiadi 3 HD</channel>
    <channel update="i" site="laguidatv.it" site_id="olimpiadi4hd" xmltv_id="Olimpiadi 4 HD">Olimpiadi 4 HD</channel>
    <channel update="i" site="laguidatv.it" site_id="olimpiadi5hd" xmltv_id="Olimpiadi 5 HD">Olimpiadi 5 HD</channel>
    <channel update="i" site="laguidatv.it" site_id="foxsportsplushd" xmltv_id="Fox Sports Plus HD">Fox Sports Plus HD</channel>
    <channel update="i" site="laguidatv.it" site_id="foxsports2hd" xmltv_id="Fox Sports 2 HD">Fox Sports 2 HD</channel>
    <channel update="i" site="laguidatv.it" site_id="bikechannel" xmltv_id="Bike Channel">Bike Channel</channel>
    <channel update="i" site="laguidatv.it" site_id="sky3d-ch209" xmltv_id="Sky 3D - Ch 209">Sky 3D - Ch 209</channel>
    <channel update="i" site="laguidatv.it" site_id="eurosporthd" xmltv_id="Eurosport HD">Eurosport HD</channel>
    <channel update="i" site="laguidatv.it" site_id="eurosport2hd" xmltv_id="Eurosport 2 HD">Eurosport 2 HD</channel>
    <channel update="i" site="laguidatv.it" site_id="extremesportchannelhd" xmltv_id="Extreme Sport Channel HD">Extreme Sport Channel HD</channel>
    <channel update="i" site="laguidatv.it" site_id="uniresat" xmltv_id="UnireSat">UnireSat</channel>
    <channel update="i" site="laguidatv.it" site_id="classhorsetv" xmltv_id="Class Horse TV">Class Horse TV</channel>
    <channel update="i" site="laguidatv.it" site_id="pokeritalia24" xmltv_id="PokerItalia24">PokerItalia24</channel>
    <channel update="i" site="laguidatv.it" site_id="supertennishd" xmltv_id="SuperTennis HD">SuperTennis HD</channel>
    <channel update="i" site="laguidatv.it" site_id="milanchannel" xmltv_id="Milan Channel">Milan Channel</channel>
    <channel update="i" site="laguidatv.it" site_id="juventustv" xmltv_id="JUVENTUS tv">JUVENTUS tv</channel>
    <channel update="i" site="laguidatv.it" site_id="interchannel" xmltv_id="Inter Channel">Inter Channel</channel>
    <channel update="i" site="laguidatv.it" site_id="laziostylechannel" xmltv_id="Lazio Style Channel">Lazio Style Channel</channel>
    <channel update="i" site="laguidatv.it" site_id="romachannel" xmltv_id="Roma Channel">Roma Channel</channel>
    <channel update="i" site="laguidatv.it" site_id="cacciaepesca" xmltv_id="Caccia e Pesca">Caccia e Pesca</channel>
    <channel update="i" site="laguidatv.it" site_id="pescaecaccia" xmltv_id="Pesca e Caccia">Pesca e Caccia</channel>
    <channel update="i" site="laguidatv.it" site_id="skycalcio1hd" xmltv_id="Sky Calcio 1 HD">Sky Calcio 1 HD</channel>
    <channel update="i" site="laguidatv.it" site_id="skycalcio2hd" xmltv_id="Sky Calcio 2 HD">Sky Calcio 2 HD</channel>
    <channel update="i" site="laguidatv.it" site_id="skycalcio3hd" xmltv_id="Sky Calcio 3 HD">Sky Calcio 3 HD</channel>
    <channel update="i" site="laguidatv.it" site_id="skycalcio4hd" xmltv_id="Sky Calcio 4 HD">Sky Calcio 4 HD</channel>
    <channel update="i" site="laguidatv.it" site_id="skycalcio5hd" xmltv_id="Sky Calcio 5 HD">Sky Calcio 5 HD</channel>
    <channel update="i" site="laguidatv.it" site_id="skycalcio6hd" xmltv_id="Sky Calcio 6 HD">Sky Calcio 6 HD</channel>
    <channel update="i" site="laguidatv.it" site_id="skycalcio7hd" xmltv_id="Sky Calcio 7 HD">Sky Calcio 7 HD</channel>
    <channel update="i" site="laguidatv.it" site_id="skycalcio8hd" xmltv_id="Sky Calcio 8 HD">Sky Calcio 8 HD</channel>
    <channel update="i" site="laguidatv.it" site_id="skycalcio9" xmltv_id="Sky Calcio 9">Sky Calcio 9</channel>
    <channel update="i" site="laguidatv.it" site_id="skycalcio10" xmltv_id="Sky Calcio 10">Sky Calcio 10</channel>
    <channel update="i" site="laguidatv.it" site_id="skycalcio11" xmltv_id="Sky Calcio 11">Sky Calcio 11</channel>
    <channel update="i" site="laguidatv.it" site_id="skycalcio12" xmltv_id="Sky Calcio 12">Sky Calcio 12</channel>
    <channel update="i" site="laguidatv.it" site_id="skycalcio13" xmltv_id="Sky Calcio 13">Sky Calcio 13</channel>
    <channel update="i" site="laguidatv.it" site_id="skycinema1hd" xmltv_id="Sky Cinema 1 HD">Sky Cinema 1 HD</channel>
    <channel update="i" site="laguidatv.it" site_id="skycinema%2b1hd" xmltv_id="Sky Cinema + 1 HD">Sky Cinema + 1 HD</channel>
    <channel update="i" site="laguidatv.it" site_id="skycinema%2b24hd" xmltv_id="Sky Cinema + 24 HD">Sky Cinema + 24 HD</channel>
    <channel update="i" site="laguidatv.it" site_id="skycinemahitshd" xmltv_id="Sky Cinema Hits HD">Sky Cinema Hits HD</channel>
    <channel update="i" site="laguidatv.it" site_id="skycinemafamilyhd" xmltv_id="Sky Cinema Family HD">Sky Cinema Family HD</channel>
    <channel update="i" site="laguidatv.it" site_id="skycinemafamily%2b1hd" xmltv_id="Sky Cinema Family +1 HD">Sky Cinema Family +1 HD</channel>
    <channel update="i" site="laguidatv.it" site_id="skycinemapassionhd" xmltv_id="Sky Cinema Passion HD">Sky Cinema Passion HD</channel>
    <channel update="i" site="laguidatv.it" site_id="skycinemacomedyhd" xmltv_id="Sky Cinema Comedy HD">Sky Cinema Comedy HD</channel>
    <channel update="i" site="laguidatv.it" site_id="skycinemamaxhd" xmltv_id="Sky Cinema Max HD">Sky Cinema Max HD</channel>
    <channel update="i" site="laguidatv.it" site_id="skycinemamax%2b1hd" xmltv_id="Sky Cinema Max + 1 HD">Sky Cinema Max + 1 HD</channel>
    <channel update="i" site="laguidatv.it" site_id="skycinemaculthd" xmltv_id="Sky Cinema Cult HD">Sky Cinema Cult HD</channel>
    <channel update="i" site="laguidatv.it" site_id="skycinemaclassicshd" xmltv_id="Sky Cinema Classics HD">Sky Cinema Classics HD</channel>
    <channel update="i" site="laguidatv.it" site_id="sky3d-ch321" xmltv_id="Sky 3D - Ch 321">Sky 3D - Ch 321</channel>
    <channel update="i" site="laguidatv.it" site_id="skyartehd-400" xmltv_id="Sky Arte HD-400">Sky Arte HD-400</channel>
    <channel update="i" site="laguidatv.it" site_id="discoverychannelhd" xmltv_id="Discovery Channel HD">Discovery Channel HD</channel>
    <channel update="i" site="laguidatv.it" site_id="discoverychannel%2b1" xmltv_id="Discovery Channel +1">Discovery Channel +1</channel>
    <channel update="i" site="laguidatv.it" site_id="nationalgeohd" xmltv_id="National Geo HD">National Geo HD</channel>
    <channel update="i" site="laguidatv.it" site_id="nationalgeo%2b1" xmltv_id="National Geo +1">National Geo +1</channel>
    <channel update="i" site="laguidatv.it" site_id="discoverysciencehd" xmltv_id="Discovery Science HD">Discovery Science HD</channel>
    <channel update="i" site="laguidatv.it" site_id="discoverytravel%26livinghd" xmltv_id="Discovery Travel &amp; Living HD">Discovery Travel &amp; Living HD</channel>
    <channel update="i" site="laguidatv.it" site_id="historychannelhd" xmltv_id="History Channel HD">History Channel HD</channel>
    <channel update="i" site="laguidatv.it" site_id="historych%2b1" xmltv_id="History Ch +1">History Ch +1</channel>
    <channel update="i" site="laguidatv.it" site_id="natgeowildhd" xmltv_id="Nat Geo Wild HD">Nat Geo Wild HD</channel>
    <channel update="i" site="laguidatv.it" site_id="natgeoadventurehd" xmltv_id="Nat Geo Adventure HD">Nat Geo Adventure HD</channel>
    <channel update="i" site="laguidatv.it" site_id="gamberorossohd" xmltv_id="Gambero Rosso HD">Gambero Rosso HD</channel>
    <channel update="i" site="laguidatv.it" site_id="dovetv" xmltv_id="Dove TV">Dove TV</channel>
    <channel update="i" site="laguidatv.it" site_id="deasaperehd" xmltv_id="DeA Sapere HD">DeA Sapere HD</channel>
    <channel update="i" site="laguidatv.it" site_id="animalplanet" xmltv_id="Animal Planet">Animal Planet</channel>
    <channel update="i" site="laguidatv.it" site_id="lasposa" xmltv_id="La Sposa">La Sposa</channel>
    <channel update="i" site="laguidatv.it" site_id="yacht%26sail" xmltv_id="Yacht &amp; Sail">Yacht &amp; Sail</channel>
    <channel update="i" site="laguidatv.it" site_id="doctor%5c%27slife" xmltv_id="Doctor's Life">Doctor's Life</channel>
    <channel update="i" site="laguidatv.it" site_id="qvc" xmltv_id="QVC">QVC</channel>
    <channel update="i" site="laguidatv.it" site_id="skytg24hd" xmltv_id="Sky TG24 HD">Sky TG24 HD</channel>
    <channel update="i" site="laguidatv.it" site_id="skytg24meteo" xmltv_id="Sky TG 24 Meteo">Sky TG 24 Meteo</channel>
    <channel update="i" site="laguidatv.it" site_id="tg24primopiano" xmltv_id="TG24 Primo Piano">TG24 Primo Piano</channel>
    <channel update="i" site="laguidatv.it" site_id="tg24eventi" xmltv_id="TG24 Eventi">TG24 Eventi</channel>
    <channel update="i" site="laguidatv.it" site_id="tg24rassegne" xmltv_id="TG24 Rassegne">TG24 Rassegne</channel>
    <channel update="i" site="laguidatv.it" site_id="class-cnbc" xmltv_id="Class-Cnbc">Class-Cnbc</channel>
    <channel update="i" site="laguidatv.it" site_id="tgnorba24" xmltv_id="TG Norba24">TG Norba24</channel>
    <channel update="i" site="laguidatv.it" site_id="romauno" xmltv_id="Roma Uno">Roma Uno</channel>
    <channel update="i" site="laguidatv.it" site_id="smtvsanmarino" xmltv_id="SMtv San Marino">SMtv San Marino</channel>
    <channel update="i" site="laguidatv.it" site_id="skynews" xmltv_id="Sky News">Sky News</channel>
    <channel update="i" site="laguidatv.it" site_id="foxnews" xmltv_id="Fox News">Fox News</channel>
    <channel update="i" site="laguidatv.it" site_id="cnnintl" xmltv_id="CNN Intl">CNN Intl</channel>
    <channel update="i" site="laguidatv.it" site_id="foxbusiness" xmltv_id="Fox Business">Fox Business</channel>
    <channel update="i" site="laguidatv.it" site_id="cnbc" xmltv_id="CNBC">CNBC</channel>
    <channel update="i" site="laguidatv.it" site_id="bloomberg" xmltv_id="Bloomberg">Bloomberg</channel>
    <channel update="i" site="laguidatv.it" site_id="france24english" xmltv_id="France 24 English">France 24 English</channel>
    <channel update="i" site="laguidatv.it" site_id="russiatoday" xmltv_id="Russia Today">Russia Today</channel>
    <channel update="i" site="laguidatv.it" site_id="i24news" xmltv_id="I24news">I24news</channel>
    <channel update="i" site="laguidatv.it" site_id="france24" xmltv_id="France 24">France 24</channel>
    <channel update="i" site="laguidatv.it" site_id="deakids" xmltv_id="DeAKids">DeAKids</channel>
    <channel update="i" site="laguidatv.it" site_id="deakids%2b1" xmltv_id="DeAKids+1">DeAKids+1</channel>
    <channel update="i" site="laguidatv.it" site_id="nickjunior" xmltv_id="Nick Junior">Nick Junior</channel>
    <channel update="i" site="laguidatv.it" site_id="nickjunior%2b1" xmltv_id="Nick Junior + 1">Nick Junior + 1</channel>
    <channel update="i" site="laguidatv.it" site_id="nickelodeon" xmltv_id="Nickelodeon">Nickelodeon</channel>
    <channel update="i" site="laguidatv.it" site_id="nickelodeon%2b1" xmltv_id="Nickelodeon + 1">Nickelodeon + 1</channel>
    <channel update="i" site="laguidatv.it" site_id="cartoonnetwork" xmltv_id="Cartoon Network">Cartoon Network</channel>
    <channel update="i" site="laguidatv.it" site_id="cartoonnetwork%2b1" xmltv_id="Cartoon Network +1">Cartoon Network +1</channel>
    <channel update="i" site="laguidatv.it" site_id="boomerang" xmltv_id="Boomerang">Boomerang</channel>
    <channel update="i" site="laguidatv.it" site_id="boomerang%2b1" xmltv_id="Boomerang + 1">Boomerang + 1</channel>
    <channel update="i" site="laguidatv.it" site_id="disneyjunior" xmltv_id="Disney Junior">Disney Junior</channel>
    <channel update="i" site="laguidatv.it" site_id="disneyjunior%2b1" xmltv_id="Disney Junior + 1">Disney Junior + 1</channel>
    <channel update="i" site="laguidatv.it" site_id="disneychannelhd" xmltv_id="Disney Channel HD">Disney Channel HD</channel>
    <channel update="i" site="laguidatv.it" site_id="disneychannel%2b1" xmltv_id="Disney Channel +1">Disney Channel +1</channel>
    <channel update="i" site="laguidatv.it" site_id="disneychannel%2b2" xmltv_id="Disney Channel +2">Disney Channel +2</channel>
    <channel update="i" site="laguidatv.it" site_id="disneyxdhd" xmltv_id="Disney XD HD">Disney XD HD</channel>
    <channel update="i" site="laguidatv.it" site_id="disneyxd%2b1" xmltv_id="Disney XD +1">Disney XD +1</channel>
    <channel update="i" site="laguidatv.it" site_id="disneyxd%2b2" xmltv_id="Disney XD +2">Disney XD +2</channel>
    <channel update="i" site="laguidatv.it" site_id="disneyinenglish" xmltv_id="Disney in English">Disney in English</channel>
    <channel update="i" site="laguidatv.it" site_id="planetkids" xmltv_id="Planet Kids">Planet Kids</channel>
    <channel update="i" site="laguidatv.it" site_id="jimjam" xmltv_id="Jim Jam">Jim Jam</channel>
    <channel update="i" site="laguidatv.it" site_id="jimjam%2b1" xmltv_id="Jim Jam + 1">Jim Jam + 1</channel>
    <channel update="i" site="laguidatv.it" site_id="deajunior" xmltv_id="DeA Junior">DeA Junior</channel>
    <channel update="i" site="laguidatv.it" site_id="babytv" xmltv_id="Baby TV">Baby TV</channel>
    <channel update="i" site="laguidatv.it" site_id="super%21" xmltv_id="Super!">Super!</channel>
    <channel update="i" site="laguidatv.it" site_id="k2" xmltv_id="K2">K2</channel>
    <channel update="i" site="laguidatv.it" site_id="frisbee" xmltv_id="Frisbee">Frisbee</channel>
    <channel update="i" site="laguidatv.it" site_id="skyradio" xmltv_id="Sky Radio">Sky Radio</channel>
    <channel update="i" site="laguidatv.it" site_id="skymusic" xmltv_id="Sky Music">Sky Music</channel>
    <channel update="i" site="laguidatv.it" site_id="mtvhits" xmltv_id="MTV Hits">MTV Hits</channel>
    <channel update="i" site="laguidatv.it" site_id="mtvclassic" xmltv_id="MTV Classic">MTV Classic</channel>
    <channel update="i" site="laguidatv.it" site_id="mtvrocks" xmltv_id="MTV Rocks">MTV Rocks</channel>
    <channel update="i" site="laguidatv.it" site_id="mtvdance" xmltv_id="MTV Dance">MTV Dance</channel>
    <channel update="i" site="laguidatv.it" site_id="mtvmusic" xmltv_id="MTV Music">MTV Music</channel>
    <channel update="i" site="laguidatv.it" site_id="mtvlivehd" xmltv_id="MTV Live HD">MTV Live HD</channel>
    <channel update="i" site="laguidatv.it" site_id="mydeejay" xmltv_id="My Deejay">My Deejay</channel>
    <channel update="i" site="laguidatv.it" site_id="rocktv" xmltv_id="Rock TV">Rock TV</channel>
    <channel update="i" site="laguidatv.it" site_id="hiphoptv" xmltv_id="Hip Hop TV">Hip Hop TV</channel>
    <channel update="i" site="laguidatv.it" site_id="radioitaliatv" xmltv_id="Radio Italia Tv">Radio Italia Tv</channel>
    <channel update="i" site="laguidatv.it" site_id="radionorbatv" xmltv_id="Radionorba TV">Radionorba TV</channel>
    <channel update="i" site="laguidatv.it" site_id="rtl1025tv" xmltv_id="RTL 102.5 TV">RTL 102.5 TV</channel>
    <channel update="i" site="laguidatv.it" site_id="primafila1" xmltv_id="Primafila 1">Primafila 1</channel>
    <channel update="i" site="laguidatv.it" site_id="primafila2" xmltv_id="Primafila 2">Primafila 2</channel>
    <channel update="i" site="laguidatv.it" site_id="primafila4" xmltv_id="Primafila 4">Primafila 4</channel>
    <channel update="i" site="laguidatv.it" site_id="primafila5" xmltv_id="Primafila 5">Primafila 5</channel>
    <channel update="i" site="laguidatv.it" site_id="primafila6" xmltv_id="Primafila 6">Primafila 6</channel>
    <channel update="i" site="laguidatv.it" site_id="primafila8" xmltv_id="Primafila 8">Primafila 8</channel>
    <channel update="i" site="laguidatv.it" site_id="primafila9" xmltv_id="Primafila 9">Primafila 9</channel>
    <channel update="i" site="laguidatv.it" site_id="primafila10" xmltv_id="Primafila 10">Primafila 10</channel>
    <channel update="i" site="laguidatv.it" site_id="primafila11" xmltv_id="Primafila 11">Primafila 11</channel>
    <channel update="i" site="laguidatv.it" site_id="primafila12" xmltv_id="Primafila 12">Primafila 12</channel>
    <channel update="i" site="laguidatv.it" site_id="primafila13" xmltv_id="Primafila 13">Primafila 13</channel>
    <channel update="i" site="laguidatv.it" site_id="primafila14" xmltv_id="Primafila 14">Primafila 14</channel>
    <channel update="i" site="laguidatv.it" site_id="primafila15" xmltv_id="Primafila 15">Primafila 15</channel>
    <channel update="i" site="laguidatv.it" site_id="primafila16" xmltv_id="Primafila 16">Primafila 16</channel>
    <channel update="i" site="laguidatv.it" site_id="primafila17" xmltv_id="Primafila 17">Primafila 17</channel>
    <channel update="i" site="laguidatv.it" site_id="primafila18" xmltv_id="Primafila 18">Primafila 18</channel>
    <channel update="i" site="laguidatv.it" site_id="primafila19" xmltv_id="Primafila 19">Primafila 19</channel>
    <channel update="i" site="laguidatv.it" site_id="rai-4" xmltv_id="Rai 4">Rai 4</channel>
    <channel update="i" site="laguidatv.it" site_id="rai-5" xmltv_id="Rai 5">Rai 5</channel>
    <channel update="i" site="laguidatv.it" site_id="rai-movie" xmltv_id="Rai Movie">Rai Movie</channel>
    <channel update="i" site="laguidatv.it" site_id="rai-premium" xmltv_id="Rai Premium">Rai Premium</channel>
    <channel update="i" site="laguidatv.it" site_id="rai-gulp" xmltv_id="Rai Gulp">Rai Gulp</channel>
    <channel update="i" site="laguidatv.it" site_id="rai-yoyo" xmltv_id="Rai Yoyo">Rai Yoyo</channel>
    <channel update="i" site="laguidatv.it" site_id="rai-storia" xmltv_id="Rai Storia">Rai Storia</channel>
    <channel update="i" site="laguidatv.it" site_id="rai-scuola" xmltv_id="Rai Scuola">Rai Scuola</channel>
    <channel update="i" site="laguidatv.it" site_id="rai-news" xmltv_id="Rai News">Rai News</channel>
    <channel update="i" site="laguidatv.it" site_id="raisport-1" xmltv_id="Raisport 1">Raisport 1</channel>
    <channel update="i" site="laguidatv.it" site_id="raisport-2" xmltv_id="Raisport 2">Raisport 2</channel>
    <channel update="i" site="laguidatv.it" site_id="rai-euronews" xmltv_id="Rai EuroNews">Rai EuroNews</channel>
    <channel update="i" site="laguidatv.it" site_id="la-5" xmltv_id="La 5">La 5</channel>
    <channel update="i" site="laguidatv.it" site_id="italia-2" xmltv_id="Italia 2">Italia 2</channel>
    <channel update="i" site="laguidatv.it" site_id="iris" xmltv_id="Iris">Iris</channel>
    <channel update="i" site="laguidatv.it" site_id="top-crime" xmltv_id="Top crime">Top crime</channel>
    <channel update="i" site="laguidatv.it" site_id="mediaset-extra" xmltv_id="Mediaset Extra">Mediaset Extra</channel>
    <channel update="i" site="laguidatv.it" site_id="tgcom24" xmltv_id="Tgcom24">Tgcom24</channel>
    <channel update="i" site="laguidatv.it" site_id="premium-cinema" xmltv_id="Premium Cinema">Premium Cinema</channel>
    <channel update="i" site="laguidatv.it" site_id="premium-cinema-emotion" xmltv_id="Premium Cinema Emotion">Premium Cinema Emotion</channel>
    <channel update="i" site="laguidatv.it" site_id="premium-cinema-energy" xmltv_id="Premium Cinema Energy">Premium Cinema Energy</channel>
    <channel update="i" site="laguidatv.it" site_id="premium-cinema-comedy" xmltv_id="Premium Cinema Comedy">Premium Cinema Comedy</channel>
    <channel update="i" site="laguidatv.it" site_id="studio-universal" xmltv_id="Studio Universal">Studio Universal</channel>
    <channel update="i" site="laguidatv.it" site_id="joi" xmltv_id="Joi">Joi</channel>
    <channel update="i" site="laguidatv.it" site_id="mya" xmltv_id="Mya">Mya</channel>
    <channel update="i" site="laguidatv.it" site_id="action" xmltv_id="Action">Action</channel>
    <channel update="i" site="laguidatv.it" site_id="premium-crime" xmltv_id="Premium Crime">Premium Crime</channel>
    <channel update="i" site="laguidatv.it" site_id="discovery-world" xmltv_id="Discovery World">Discovery World</channel>
    <channel update="i" site="laguidatv.it" site_id="bbc-knowledge" xmltv_id="BBC Knowledge">BBC Knowledge</channel>
    <channel update="i" site="laguidatv.it" site_id="premium-calcio" xmltv_id="Premium Calcio">Premium Calcio</channel>
    <channel update="i" site="laguidatv.it" site_id="fox-sports" xmltv_id="Fox Sports">Fox Sports</channel>
    <channel update="i" site="laguidatv.it" site_id="fox-sports-plus" xmltv_id="Fox Sports plus">Fox Sports plus</channel>
    <channel update="i" site="laguidatv.it" site_id="eurosport" xmltv_id="Eurosport">Eurosport</channel>
    <channel update="i" site="laguidatv.it" site_id="eurosport-2" xmltv_id="Eurosport 2">Eurosport 2</channel>
  </channels>
</site>