﻿<?xml version="1.0" encoding="UTF-8"?>
<site generator-info-name="WebGrab+Plus/w MDB &amp; REX Postprocess -- version 1.1.1/53.15 -- Jan van Straaten" site="rtvslo.si">
  <channels>
    <channel update="i" site="rtvslo.si" site_id="tvs1/tv-slovenija-1" xmltv_id="TV Slovenija 1">TV Slovenija 1</channel>
    <channel update="i" site="rtvslo.si" site_id="tvs2/tv-slovenija-2" xmltv_id="TV Slovenija 2">TV Slovenija 2</channel>
    <channel update="i" site="rtvslo.si" site_id="tvs3/tv-slovenija-3" xmltv_id="TV Slovenija 3">TV Slovenija 3</channel>
    <channel update="i" site="rtvslo.si" site_id="tvkp/tv-koper-capodistria" xmltv_id="TV Koper">TV Koper</channel>
    <channel update="i" site="rtvslo.si" site_id="tvmb/tv-maribor" xmltv_id="TV Maribor">TV Maribor</channel>
    <channel update="i" site="rtvslo.si" site_id="ra1/prvi-program" xmltv_id="Prvi program">Prvi program</channel>
    <channel update="i" site="rtvslo.si" site_id="ra2/val-202" xmltv_id="Val 202">Val 202</channel>
    <channel update="i" site="rtvslo.si" site_id="ra3/ars" xmltv_id="Ars">Ars</channel>
    <channel update="i" site="rtvslo.si" site_id="ramb/radio-maribor" xmltv_id="Radio Maribor">Radio Maribor</channel>
    <channel update="i" site="rtvslo.si" site_id="rakp/radio-koper" xmltv_id="Radio Koper">Radio Koper</channel>
    <channel update="i" site="rtvslo.si" site_id="racap/radio-capodistria" xmltv_id="Radio Capodistria">Radio Capodistria</channel>
  </channels>
</site>