﻿<?xml version="1.0" encoding="UTF-8"?>
<site generator-info-name="WebGrab+Plus/w MDB &amp; REX Postprocess -- version 1.1.1/54.03 -- Jan van Straaten" site="siol.net">
  <channels>
    <channel update="i" site="siol.net" site_id="SLO+1" xmltv_id="SLO+1">SLO+1</channel>
    <channel update="i" site="siol.net" site_id="SLO+2" xmltv_id="SLO+2">SLO+2</channel>
    <channel update="i" site="siol.net" site_id="Planet+TV" xmltv_id="Planet+TV">Planet+TV</channel>
    <channel update="i" site="siol.net" site_id="POP+TV" xmltv_id="POP+TV">POP+TV</channel>
    <channel update="i" site="siol.net" site_id="Kanal+A" xmltv_id="Kanal+A">Kanal+A</channel>
    <channel update="i" site="siol.net" site_id="Kanal+A+HD" xmltv_id="Kanal+A+HD">Kanal+A+HD</channel>
    <channel update="i" site="siol.net" site_id="Animal+Planet" xmltv_id="Animal+Planet">Animal+Planet</channel>
    <channel update="i" site="siol.net" site_id="BBC+Entertainment" xmltv_id="BBC+Entertainment">BBC+Entertainment</channel>
    <channel update="i" site="siol.net" site_id="POP+Brio" xmltv_id="POP+Brio">POP+Brio</channel>
    <channel update="i" site="siol.net" site_id="BRIO+HD" xmltv_id="BRIO+HD">BRIO+HD</channel>
    <channel update="i" site="siol.net" site_id="Cinemax" xmltv_id="Cinemax">Cinemax</channel>
    <channel update="i" site="siol.net" site_id="Cinemax+2" xmltv_id="Cinemax+2">Cinemax+2</channel>
    <channel update="i" site="siol.net" site_id="CineStar+TV" xmltv_id="CineStar+TV">CineStar+TV</channel>
    <channel update="i" site="siol.net" site_id="Discovery+World" xmltv_id="Discovery+World">Discovery+World</channel>
    <channel update="i" site="siol.net" site_id="Discovery+Channel" xmltv_id="Discovery+Channel">Discovery+Channel</channel>
    <channel update="i" site="siol.net" site_id="Discovery+Science" xmltv_id="Discovery+Science">Discovery+Science</channel>
    <channel update="i" site="siol.net" site_id="TLC" xmltv_id="TLC">TLC</channel>
    <channel update="i" site="siol.net" site_id="Disney+Channel" xmltv_id="Disney+Channel">Disney+Channel</channel>
    <channel update="i" site="siol.net" site_id="Fox+Crime" xmltv_id="Fox+Crime">Fox+Crime</channel>
    <channel update="i" site="siol.net" site_id="Fox+Life" xmltv_id="Fox+Life">Fox+Life</channel>
    <channel update="i" site="siol.net" site_id="FOX+Movies" xmltv_id="FOX+Movies">FOX+Movies</channel>
    <channel update="i" site="siol.net" site_id="Universal+Channel" xmltv_id="Universal+Channel">Universal+Channel</channel>
    <channel update="i" site="siol.net" site_id="HBO" xmltv_id="HBO">HBO</channel>
    <channel update="i" site="siol.net" site_id="HBO+Comedy" xmltv_id="HBO+Comedy">HBO+Comedy</channel>
    <channel update="i" site="siol.net" site_id="HBO+HD" xmltv_id="HBO+HD">HBO+HD</channel>
    <channel update="i" site="siol.net" site_id="HRT+1" xmltv_id="HRT+1">HRT+1</channel>
    <channel update="i" site="siol.net" site_id="HRT+2" xmltv_id="HRT+2">HRT+2</channel>
    <channel update="i" site="siol.net" site_id="Mediaset+Int." xmltv_id="Mediaset+Int.">Mediaset+Int.</channel>
    <channel update="i" site="siol.net" site_id="MGM" xmltv_id="MGM">MGM</channel>
    <channel update="i" site="siol.net" site_id="National+Geographic" xmltv_id="National+Geographic">National+Geographic</channel>
    <channel update="i" site="siol.net" site_id="Pop+TV+HD" xmltv_id="Pop+TV+HD">Pop+TV+HD</channel>
    <channel update="i" site="siol.net" site_id="Planet+TV+HD" xmltv_id="Planet+TV+HD">Planet+TV+HD</channel>
    <channel update="i" site="siol.net" site_id="Pop+Fani" xmltv_id="Pop+Fani">Pop+Fani</channel>
    <channel update="i" site="siol.net" site_id="Pop+Kino" xmltv_id="Pop+Kino">Pop+Kino</channel>
    <channel update="i" site="siol.net" site_id="Pop+Kino+2" xmltv_id="Pop+Kino+2">Pop+Kino+2</channel>
    <channel update="i" site="siol.net" site_id="KINO+HD" xmltv_id="KINO+HD">KINO+HD</channel>
    <channel update="i" site="siol.net" site_id="Pop+Oto" xmltv_id="Pop+Oto">Pop+Oto</channel>
    <channel update="i" site="siol.net" site_id="OTO+HD" xmltv_id="OTO+HD">OTO+HD</channel>
    <channel update="i" site="siol.net" site_id="Pop+Spot" xmltv_id="Pop+Spot">Pop+Spot</channel>
    <channel update="i" site="siol.net" site_id="Alternativna+TV" xmltv_id="Alternativna+TV">Alternativna+TV</channel>
    <channel update="i" site="siol.net" site_id="Animal+HD" xmltv_id="Animal+HD">Animal+HD</channel>
    <channel update="i" site="siol.net" site_id="ARD" xmltv_id="ARD">ARD</channel>
    <channel update="i" site="siol.net" site_id="TV+Atlas" xmltv_id="TV+Atlas">TV+Atlas</channel>
    <channel update="i" site="siol.net" site_id="B+92" xmltv_id="B+92">B+92</channel>
    <channel update="i" site="siol.net" site_id="B+92+Info" xmltv_id="B+92+Info">B+92+Info</channel>
    <channel update="i" site="siol.net" site_id="BBC+Knowledge" xmltv_id="BBC+Knowledge">BBC+Knowledge</channel>
    <channel update="i" site="siol.net" site_id="BBC+World" xmltv_id="BBC+World">BBC+World</channel>
    <channel update="i" site="siol.net" site_id="BHT+1" xmltv_id="BHT+1">BHT+1</channel>
    <channel update="i" site="siol.net" site_id="BK+TV" xmltv_id="BK+TV">BK+TV</channel>
    <channel update="i" site="siol.net" site_id="Bloomberg" xmltv_id="Bloomberg">Bloomberg</channel>
    <channel update="i" site="siol.net" site_id="BN+TV" xmltv_id="BN+TV">BN+TV</channel>
    <channel update="i" site="siol.net" site_id="Boomerang" xmltv_id="Boomerang">Boomerang</channel>
    <channel update="i" site="siol.net" site_id="Cartoon%2fTCM" xmltv_id="Cartoon%2fTCM">Cartoon%2fTCM</channel>
    <channel update="i" site="siol.net" site_id="Cinemax+HD" xmltv_id="Cinemax+HD">Cinemax+HD</channel>
    <channel update="i" site="siol.net" site_id="Cinemax+HD2" xmltv_id="Cinemax+HD2">Cinemax+HD2</channel>
    <channel update="i" site="siol.net" site_id="Cinestar+action%26thriller" xmltv_id="Cinestar+action%26thriller">Cinestar+action%26thriller</channel>
    <channel update="i" site="siol.net" site_id="C+music+TV" xmltv_id="C+music+TV">C+music+TV</channel>
    <channel update="i" site="siol.net" site_id="CNN+International" xmltv_id="CNN+International">CNN+International</channel>
    <channel update="i" site="siol.net" site_id="CI" xmltv_id="CI">CI</channel>
    <channel update="i" site="siol.net" site_id="Da+Vinci+Learning" xmltv_id="Da+Vinci+Learning">Da+Vinci+Learning</channel>
    <channel update="i" site="siol.net" site_id="Davinci+U" xmltv_id="Davinci+U">Davinci+U</channel>
    <channel update="i" site="siol.net" site_id="ID" xmltv_id="ID">ID</channel>
    <channel update="i" site="siol.net" site_id="Discovery+HD" xmltv_id="Discovery+HD">Discovery+HD</channel>
    <channel update="i" site="siol.net" site_id="Discovery+Science+HD" xmltv_id="Discovery+Science+HD">Discovery+Science+HD</channel>
    <channel update="i" site="siol.net" site_id="Disney+Junior" xmltv_id="Disney+Junior">Disney+Junior</channel>
    <channel update="i" site="siol.net" site_id="24Kitchen+Adria" xmltv_id="24Kitchen+Adria">24Kitchen+Adria</channel>
    <channel update="i" site="siol.net" site_id="Dorcel+TV" xmltv_id="Dorcel+TV">Dorcel+TV</channel>
    <channel update="i" site="siol.net" site_id="Dorcel+HD" xmltv_id="Dorcel+HD">Dorcel+HD</channel>
    <channel update="i" site="siol.net" site_id="SPORT1" xmltv_id="SPORT1">SPORT1</channel>
    <channel update="i" site="siol.net" site_id="TV+Duga+Novi+sad" xmltv_id="TV+Duga+Novi+sad">TV+Duga+Novi+sad</channel>
    <channel update="i" site="siol.net" site_id="Duna+Tv" xmltv_id="Duna+Tv">Duna+Tv</channel>
    <channel update="i" site="siol.net" site_id="E!" xmltv_id="E!">E!</channel>
    <channel update="i" site="siol.net" site_id="Elta+TV" xmltv_id="Elta+TV">Elta+TV</channel>
    <channel update="i" site="siol.net" site_id="EroxHD" xmltv_id="EroxHD">EroxHD</channel>
    <channel update="i" site="siol.net" site_id="EroxxHD" xmltv_id="EroxxHD">EroxxHD</channel>
    <channel update="i" site="siol.net" site_id="EroxxxHD" xmltv_id="EroxxxHD">EroxxxHD</channel>
    <channel update="i" site="siol.net" site_id="ESPN+Classic" xmltv_id="ESPN+Classic">ESPN+Classic</channel>
    <channel update="i" site="siol.net" site_id="ESPN+America+HD" xmltv_id="ESPN+America+HD">ESPN+America+HD</channel>
    <channel update="i" site="siol.net" site_id="Eurosport" xmltv_id="Eurosport">Eurosport</channel>
    <channel update="i" site="siol.net" site_id="Eurosport+2" xmltv_id="Eurosport+2">Eurosport+2</channel>
    <channel update="i" site="siol.net" site_id="Eurosport+2+HD" xmltv_id="Eurosport+2+HD">Eurosport+2+HD</channel>
    <channel update="i" site="siol.net" site_id="Eurosport+HD" xmltv_id="Eurosport+HD">Eurosport+HD</channel>
    <channel update="i" site="siol.net" site_id="EWTN" xmltv_id="EWTN">EWTN</channel>
    <channel update="i" site="siol.net" site_id="Extreme" xmltv_id="Extreme">Extreme</channel>
    <channel update="i" site="siol.net" site_id="Fashion+TV+SD" xmltv_id="Fashion+TV+SD">Fashion+TV+SD</channel>
    <channel update="i" site="siol.net" site_id="Fashion+TV+HD" xmltv_id="Fashion+TV+HD">Fashion+TV+HD</channel>
    <channel update="i" site="siol.net" site_id="Fight+Sports" xmltv_id="Fight+Sports">Fight+Sports</channel>
    <channel update="i" site="siol.net" site_id="Fight+Sports+HD" xmltv_id="Fight+Sports+HD">Fight+Sports+HD</channel>
    <channel update="i" site="siol.net" site_id="Filmbox+documenaty" xmltv_id="Filmbox+documenaty">Filmbox+documenaty</channel>
    <channel update="i" site="siol.net" site_id="Filmbox+Fasihon" xmltv_id="Filmbox+Fasihon">Filmbox+Fasihon</channel>
    <channel update="i" site="siol.net" site_id="Filmbox+Fight" xmltv_id="Filmbox+Fight">Filmbox+Fight</channel>
    <channel update="i" site="siol.net" site_id="Fishing+%26+Hunting" xmltv_id="Fishing+%26+Hunting">Fishing+%26+Hunting</channel>
    <channel update="i" site="siol.net" site_id="Fine+living+network" xmltv_id="Fine+living+network">Fine+living+network</channel>
    <channel update="i" site="siol.net" site_id="Food+Network+HD" xmltv_id="Food+Network+HD">Food+Network+HD</channel>
    <channel update="i" site="siol.net" site_id="Fox" xmltv_id="Fox">Fox</channel>
    <channel update="i" site="siol.net" site_id="Fox+Crime+HD" xmltv_id="Fox+Crime+HD">Fox+Crime+HD</channel>
    <channel update="i" site="siol.net" site_id="Fox+HD" xmltv_id="Fox+HD">Fox+HD</channel>
    <channel update="i" site="siol.net" site_id="Fox+Life+HD" xmltv_id="Fox+Life+HD">Fox+Life+HD</channel>
    <channel update="i" site="siol.net" site_id="Fox+Movies+HD" xmltv_id="Fox+Movies+HD">Fox+Movies+HD</channel>
    <channel update="i" site="siol.net" site_id="France24" xmltv_id="France24">France24</channel>
    <channel update="i" site="siol.net" site_id="Free+X+TV" xmltv_id="Free+X+TV">Free+X+TV</channel>
    <channel update="i" site="siol.net" site_id="Free+X+TV+2" xmltv_id="Free+X+TV+2">Free+X+TV+2</channel>
    <channel update="i" site="siol.net" site_id="FTV" xmltv_id="FTV">FTV</channel>
    <channel update="i" site="siol.net" site_id="Ginx" xmltv_id="Ginx">Ginx</channel>
    <channel update="i" site="siol.net" site_id="Ginx+HD" xmltv_id="Ginx+HD">Ginx+HD</channel>
    <channel update="i" site="siol.net" site_id="Happy+TV" xmltv_id="Happy+TV">Happy+TV</channel>
    <channel update="i" site="siol.net" site_id="Hayat" xmltv_id="Hayat">Hayat</channel>
    <channel update="i" site="siol.net" site_id="HBO+Comedy+HD" xmltv_id="HBO+Comedy+HD">HBO+Comedy+HD</channel>
    <channel update="i" site="siol.net" site_id="History+Channel" xmltv_id="History+Channel">History+Channel</channel>
    <channel update="i" site="siol.net" site_id="History+HD" xmltv_id="History+HD">History+HD</channel>
    <channel update="i" site="siol.net" site_id="Hustler+HD" xmltv_id="Hustler+HD">Hustler+HD</channel>
    <channel update="i" site="siol.net" site_id="i-Concerts+HD" xmltv_id="i-Concerts+HD">i-Concerts+HD</channel>
    <channel update="i" site="siol.net" site_id="Info+TV" xmltv_id="Info+TV">Info+TV</channel>
    <channel update="i" site="siol.net" site_id="TV+Istra" xmltv_id="TV+Istra">TV+Istra</channel>
    <channel update="i" site="siol.net" site_id="Jabuka+(OTV)" xmltv_id="Jabuka+(OTV)">Jabuka+(OTV)</channel>
    <channel update="i" site="siol.net" site_id="TV+Jadran" xmltv_id="TV+Jadran">TV+Jadran</channel>
    <channel update="i" site="siol.net" site_id="Disney+XD" xmltv_id="Disney+XD">Disney+XD</channel>
    <channel update="i" site="siol.net" site_id="JimJam" xmltv_id="JimJam">JimJam</channel>
    <channel update="i" site="siol.net" site_id="Jugoton" xmltv_id="Jugoton">Jugoton</channel>
    <channel update="i" site="siol.net" site_id="Kabel+1" xmltv_id="Kabel+1">Kabel+1</channel>
    <channel update="i" site="siol.net" site_id="NTV+IC+Kakanj" xmltv_id="NTV+IC+Kakanj">NTV+IC+Kakanj</channel>
    <channel update="i" site="siol.net" site_id="Kanal+5" xmltv_id="Kanal+5">Kanal+5</channel>
    <channel update="i" site="siol.net" site_id="KCN" xmltv_id="KCN">KCN</channel>
    <channel update="i" site="siol.net" site_id="KCN+Music" xmltv_id="KCN+Music">KCN+Music</channel>
    <channel update="i" site="siol.net" site_id="Kidsco" xmltv_id="Kidsco">Kidsco</channel>
    <channel update="i" site="siol.net" site_id="Klasik+Tv" xmltv_id="Klasik+Tv">Klasik+Tv</channel>
    <channel update="i" site="siol.net" site_id="Kohavision" xmltv_id="Kohavision">Kohavision</channel>
    <channel update="i" site="siol.net" site_id="Koper+Capodistria" xmltv_id="Koper+Capodistria">Koper+Capodistria</channel>
    <channel update="i" site="siol.net" site_id="Mangas" xmltv_id="Mangas">Mangas</channel>
    <channel update="i" site="siol.net" site_id="Mezzo" xmltv_id="Mezzo">Mezzo</channel>
    <channel update="i" site="siol.net" site_id="Mezzo+Live+HD" xmltv_id="Mezzo+Live+HD">Mezzo+Live+HD</channel>
    <channel update="i" site="siol.net" site_id="Minimax" xmltv_id="Minimax">Minimax</channel>
    <channel update="i" site="siol.net" site_id="MTV+1" xmltv_id="MTV+1">MTV+1</channel>
    <channel update="i" site="siol.net" site_id="MTV+2" xmltv_id="MTV+2">MTV+2</channel>
    <channel update="i" site="siol.net" site_id="Motors+TV" xmltv_id="Motors+TV">Motors+TV</channel>
    <channel update="i" site="siol.net" site_id="Motorvision" xmltv_id="Motorvision">Motorvision</channel>
    <channel update="i" site="siol.net" site_id="MTV" xmltv_id="MTV">MTV</channel>
    <channel update="i" site="siol.net" site_id="MTV+Rocks" xmltv_id="MTV+Rocks">MTV+Rocks</channel>
    <channel update="i" site="siol.net" site_id="MTV+Dance" xmltv_id="MTV+Dance">MTV+Dance</channel>
    <channel update="i" site="siol.net" site_id="MTV+Hits" xmltv_id="MTV+Hits">MTV+Hits</channel>
    <channel update="i" site="siol.net" site_id="MTV+HD" xmltv_id="MTV+HD">MTV+HD</channel>
    <channel update="i" site="siol.net" site_id="Narodna+TV" xmltv_id="Narodna+TV">Narodna+TV</channel>
    <channel update="i" site="siol.net" site_id="ESPN+America" xmltv_id="ESPN+America">ESPN+America</channel>
    <channel update="i" site="siol.net" site_id="National+Geographic+Wild+HD" xmltv_id="National+Geographic+Wild+HD">National+Geographic+Wild+HD</channel>
    <channel update="i" site="siol.net" site_id="NG+HD" xmltv_id="NG+HD">NG+HD</channel>
    <channel update="i" site="siol.net" site_id="NG+Wild" xmltv_id="NG+Wild">NG+Wild</channel>
    <channel update="i" site="siol.net" site_id="NET+TV" xmltv_id="NET+TV">NET+TV</channel>
    <channel update="i" site="siol.net" site_id="Nickelodeon" xmltv_id="Nickelodeon">Nickelodeon</channel>
    <channel update="i" site="siol.net" site_id="OBN" xmltv_id="OBN">OBN</channel>
    <channel update="i" site="siol.net" site_id="Orlando+Kids" xmltv_id="Orlando+Kids">Orlando+Kids</channel>
    <channel update="i" site="siol.net" site_id="ORF+1" xmltv_id="ORF+1">ORF+1</channel>
    <channel update="i" site="siol.net" site_id="ORF+2" xmltv_id="ORF+2">ORF+2</channel>
    <channel update="i" site="siol.net" site_id="Outdoor" xmltv_id="Outdoor">Outdoor</channel>
    <channel update="i" site="siol.net" site_id="Outdoor++HD" xmltv_id="Outdoor++HD">Outdoor++HD</channel>
    <channel update="i" site="siol.net" site_id="TV+Veseljak" xmltv_id="TV+Veseljak">TV+Veseljak</channel>
    <channel update="i" site="siol.net" site_id="PETV" xmltv_id="PETV">PETV</channel>
    <channel update="i" site="siol.net" site_id="Pink+Plus" xmltv_id="Pink+Plus">Pink+Plus</channel>
    <channel update="i" site="siol.net" site_id="Pink+2" xmltv_id="Pink+2">Pink+2</channel>
    <channel update="i" site="siol.net" site_id="Pink+Extra" xmltv_id="Pink+Extra">Pink+Extra</channel>
    <channel update="i" site="siol.net" site_id="Pink+Family" xmltv_id="Pink+Family">Pink+Family</channel>
    <channel update="i" site="siol.net" site_id="Pink+Film" xmltv_id="Pink+Film">Pink+Film</channel>
    <channel update="i" site="siol.net" site_id="Pink+Folk" xmltv_id="Pink+Folk">Pink+Folk</channel>
    <channel update="i" site="siol.net" site_id="Pink+KIDS" xmltv_id="Pink+KIDS">Pink+KIDS</channel>
    <channel update="i" site="siol.net" site_id="Pink+Movie" xmltv_id="Pink+Movie">Pink+Movie</channel>
    <channel update="i" site="siol.net" site_id="Pink+Music" xmltv_id="Pink+Music">Pink+Music</channel>
    <channel update="i" site="siol.net" site_id="TV3+medias" xmltv_id="TV3+medias">TV3+medias</channel>
    <channel update="i" site="siol.net" site_id="Pink+World" xmltv_id="Pink+World">Pink+World</channel>
    <channel update="i" site="siol.net" site_id="Pink+Zabava" xmltv_id="Pink+Zabava">Pink+Zabava</channel>
    <channel update="i" site="siol.net" site_id="Pro+7" xmltv_id="Pro+7">Pro+7</channel>
    <channel update="i" site="siol.net" site_id="PRVA+Srbska+TV" xmltv_id="PRVA+Srbska+TV">PRVA+Srbska+TV</channel>
    <channel update="i" site="siol.net" site_id="Ptujska+Tv" xmltv_id="Ptujska+Tv">Ptujska+Tv</channel>
    <channel update="i" site="siol.net" site_id="RAI+1" xmltv_id="RAI+1">RAI+1</channel>
    <channel update="i" site="siol.net" site_id="RAI+2" xmltv_id="RAI+2">RAI+2</channel>
    <channel update="i" site="siol.net" site_id="RAI+3" xmltv_id="RAI+3">RAI+3</channel>
    <channel update="i" site="siol.net" site_id="Zone+Reality" xmltv_id="Zone+Reality">Zone+Reality</channel>
    <channel update="i" site="siol.net" site_id="CBS+Drama" xmltv_id="CBS+Drama">CBS+Drama</channel>
    <channel update="i" site="siol.net" site_id="RT+Crna+Gora" xmltv_id="RT+Crna+Gora">RT+Crna+Gora</channel>
    <channel update="i" site="siol.net" site_id="RTL" xmltv_id="RTL">RTL</channel>
    <channel update="i" site="siol.net" site_id="RTL+II" xmltv_id="RTL+II">RTL+II</channel>
    <channel update="i" site="siol.net" site_id="RTL+(hrva%c5%a1ki)" xmltv_id="RTL+(hrva%c5%a1ki)">RTL+(hrva%c5%a1ki)</channel>
    <channel update="i" site="siol.net" site_id="RTL+2+(hrva%c5%a1ki)" xmltv_id="RTL+2+(hrva%c5%a1ki)">RTL+2+(hrva%c5%a1ki)</channel>
    <channel update="i" site="siol.net" site_id="RTL+PLUS+(hrva%c5%a1ki)" xmltv_id="RTL+PLUS+(hrva%c5%a1ki)">RTL+PLUS+(hrva%c5%a1ki)</channel>
    <channel update="i" site="siol.net" site_id="RTRS" xmltv_id="RTRS">RTRS</channel>
    <channel update="i" site="siol.net" site_id="RT+Srbija" xmltv_id="RT+Srbija">RT+Srbija</channel>
    <channel update="i" site="siol.net" site_id="RTS+1" xmltv_id="RTS+1">RTS+1</channel>
    <channel update="i" site="siol.net" site_id="RTS+2" xmltv_id="RTS+2">RTS+2</channel>
    <channel update="i" site="siol.net" site_id="RTS+Maribor" xmltv_id="RTS+Maribor">RTS+Maribor</channel>
    <channel update="i" site="siol.net" site_id="RTV+21+PLUS" xmltv_id="RTV+21+PLUS">RTV+21+PLUS</channel>
    <channel update="i" site="siol.net" site_id="Channel+One+Russia" xmltv_id="Channel+One+Russia">Channel+One+Russia</channel>
    <channel update="i" site="siol.net" site_id="Russia+Today" xmltv_id="Russia+Today">Russia+Today</channel>
    <channel update="i" site="siol.net" site_id="TV+Sarajevo" xmltv_id="TV+Sarajevo">TV+Sarajevo</channel>
    <channel update="i" site="siol.net" site_id="SAT+1" xmltv_id="SAT+1">SAT+1</channel>
    <channel update="i" site="siol.net" site_id="TV+Sitel" xmltv_id="TV+Sitel">TV+Sitel</channel>
    <channel update="i" site="siol.net" site_id="Sitel+3" xmltv_id="Sitel+3">Sitel+3</channel>
    <channel update="i" site="siol.net" site_id="Sport+Klub+1+HD" xmltv_id="Sport+Klub+1+HD">Sport+Klub+1+HD</channel>
    <channel update="i" site="siol.net" site_id="Sport+Klub+2+HD" xmltv_id="Sport+Klub+2+HD">Sport+Klub+2+HD</channel>
    <channel update="i" site="siol.net" site_id="Sport+Klub+3+HD" xmltv_id="Sport+Klub+3+HD">Sport+Klub+3+HD</channel>
    <channel update="i" site="siol.net" site_id="Sport+Klub+4" xmltv_id="Sport+Klub+4">Sport+Klub+4</channel>
    <channel update="i" site="siol.net" site_id="Sport+Klub+5" xmltv_id="Sport+Klub+5">Sport+Klub+5</channel>
    <channel update="i" site="siol.net" site_id="Sport+Klub+6" xmltv_id="Sport+Klub+6">Sport+Klub+6</channel>
    <channel update="i" site="siol.net" site_id="SLO+2+HD" xmltv_id="SLO+2+HD">SLO+2+HD</channel>
    <channel update="i" site="siol.net" site_id="TV+Svet+Plus+Beograd" xmltv_id="TV+Svet+Plus+Beograd">TV+Svet+Plus+Beograd</channel>
    <channel update="i" site="siol.net" site_id="Private+Spice" xmltv_id="Private+Spice">Private+Spice</channel>
    <channel update="i" site="siol.net" site_id="Sportklub" xmltv_id="Sportklub">Sportklub</channel>
    <channel update="i" site="siol.net" site_id="Sportklub%2b" xmltv_id="Sportklub%2b">Sportklub%2b</channel>
    <channel update="i" site="siol.net" site_id="SK+Prime" xmltv_id="SK+Prime">SK+Prime</channel>
    <channel update="i" site="siol.net" site_id="%c5%a0port+TV" xmltv_id="%c5%a0port+TV">%c5%a0port+TV</channel>
    <channel update="i" site="siol.net" site_id="%c5%a0port+TV+2" xmltv_id="%c5%a0port+TV+2">%c5%a0port+TV+2</channel>
    <channel update="i" site="siol.net" site_id="%c5%a0port+TV+2+HD" xmltv_id="%c5%a0port+TV+2+HD">%c5%a0port+TV+2+HD</channel>
    <channel update="i" site="siol.net" site_id="%c5%a0port+Tv+3" xmltv_id="%c5%a0port+Tv+3">%c5%a0port+Tv+3</channel>
    <channel update="i" site="siol.net" site_id="%c5%a0port+Tv+3+HD" xmltv_id="%c5%a0port+Tv+3+HD">%c5%a0port+Tv+3+HD</channel>
    <channel update="i" site="siol.net" site_id="%c5%a0port+TV+HD" xmltv_id="%c5%a0port+TV+HD">%c5%a0port+TV+HD</channel>
    <channel update="i" site="siol.net" site_id="Style+Network" xmltv_id="Style+Network">Style+Network</channel>
    <channel update="i" site="siol.net" site_id="SuperOne+HD" xmltv_id="SuperOne+HD">SuperOne+HD</channel>
    <channel update="i" site="siol.net" site_id="Super+RTL" xmltv_id="Super+RTL">Super+RTL</channel>
    <channel update="i" site="siol.net" site_id="Telma+TV" xmltv_id="Telma+TV">Telma+TV</channel>
    <channel update="i" site="siol.net" site_id="Trace+TV" xmltv_id="Trace+TV">Trace+TV</channel>
    <channel update="i" site="siol.net" site_id="Trace+Sport" xmltv_id="Trace+Sport">Trace+Sport</channel>
    <channel update="i" site="siol.net" site_id="Travel+Channel" xmltv_id="Travel+Channel">Travel+Channel</channel>
    <channel update="i" site="siol.net" site_id="Travel+HD" xmltv_id="Travel+HD">Travel+HD</channel>
    <channel update="i" site="siol.net" site_id="TV+1" xmltv_id="TV+1">TV+1</channel>
    <channel update="i" site="siol.net" site_id="TV+21" xmltv_id="TV+21">TV+21</channel>
    <channel update="i" site="siol.net" site_id="TV5MONDE" xmltv_id="TV5MONDE">TV5MONDE</channel>
    <channel update="i" site="siol.net" site_id="TVE" xmltv_id="TVE">TVE</channel>
    <channel update="i" site="siol.net" site_id="OTV+Valentino" xmltv_id="OTV+Valentino">OTV+Valentino</channel>
    <channel update="i" site="siol.net" site_id="VH1" xmltv_id="VH1">VH1</channel>
    <channel update="i" site="siol.net" site_id="VH1+Classic" xmltv_id="VH1+Classic">VH1+Classic</channel>
    <channel update="i" site="siol.net" site_id="Vikom+(srbski)" xmltv_id="Vikom+(srbski)">Vikom+(srbski)</channel>
    <channel update="i" site="siol.net" site_id="VOX" xmltv_id="VOX">VOX</channel>
    <channel update="i" site="siol.net" site_id="Wild+TV+HD" xmltv_id="Wild+TV+HD">Wild+TV+HD</channel>
    <channel update="i" site="siol.net" site_id="X+Dream+TV" xmltv_id="X+Dream+TV">X+Dream+TV</channel>
    <channel update="i" site="siol.net" site_id="XXX+Extreme" xmltv_id="XXX+Extreme">XXX+Extreme</channel>
    <channel update="i" site="siol.net" site_id="Yacht+%26+Sail" xmltv_id="Yacht+%26+Sail">Yacht+%26+Sail</channel>
    <channel update="i" site="siol.net" site_id="Z1+Televizija" xmltv_id="Z1+Televizija">Z1+Televizija</channel>
    <channel update="i" site="siol.net" site_id="ZDF" xmltv_id="ZDF">ZDF</channel>
    <channel update="i" site="siol.net" site_id="Zdrava+TV" xmltv_id="Zdrava+TV">Zdrava+TV</channel>
    <channel update="i" site="siol.net" site_id="Poker+Channel" xmltv_id="Poker+Channel">Poker+Channel</channel>
    <channel update="i" site="siol.net" site_id="SLO+1+HD" xmltv_id="SLO+1+HD">SLO+1+HD</channel>
    <channel update="i" site="siol.net" site_id="24Kitchen+HD" xmltv_id="24Kitchen+HD">24Kitchen+HD</channel>
    <channel update="i" site="siol.net" site_id="3+Sat" xmltv_id="3+Sat">3+Sat</channel>
    <channel update="i" site="siol.net" site_id="ABMoteurs" xmltv_id="ABMoteurs">ABMoteurs</channel>
  </channels>
</site>