﻿<?xml version='1.0' encoding='UTF-8'?>
<site generator-info-name="WebGrab+Plus version 1.0.7 Beta -- Jan van Straaten" site="tv.wp.pl">
  <channels>
    <channel update="i" site="tv.wp.pl" site_id="473" xmltv_id="13th Street Universal">13th Street Universal</channel>
    <channel update="i" site="tv.wp.pl" site_id="472" xmltv_id="4fun.TV">4fun.TV</channel>
    <channel update="i" site="tv.wp.pl" site_id="85" xmltv_id="Ale Kino!">Ale Kino!</channel>
    <channel update="i" site="tv.wp.pl" site_id="355" xmltv_id="Animal Planet">Animal Planet</channel>
    <channel update="i" site="tv.wp.pl" site_id="481" xmltv_id="Animal Planet HD">Animal Planet HD</channel>
    <channel update="i" site="tv.wp.pl" site_id="174" xmltv_id="AXN">AXN</channel>
    <channel update="i" site="tv.wp.pl" site_id="418" xmltv_id="AXN Crime">AXN Crime</channel>
    <channel update="i" site="tv.wp.pl" site_id="416" xmltv_id="AXN Sci-fi">AXN Sci-fi</channel>
    <channel update="i" site="tv.wp.pl" site_id="449" xmltv_id="BBC CBeebies">BBC CBeebies</channel>
    <channel update="i" site="tv.wp.pl" site_id="420" xmltv_id="BBC Entertainment">BBC Entertainment</channel>
    <channel update="i" site="tv.wp.pl" site_id="448" xmltv_id="BBC Knowledge">BBC Knowledge</channel>
    <channel update="i" site="tv.wp.pl" site_id="415" xmltv_id="BBC Lifestyle">BBC Lifestyle</channel>
    <channel update="i" site="tv.wp.pl" site_id="13" xmltv_id="CANAL+">CANAL+</channel>
    <channel update="i" site="tv.wp.pl" site_id="179" xmltv_id="CANAL+ Film">CANAL+ Film</channel>
    <channel update="i" site="tv.wp.pl" site_id="183" xmltv_id="CANAL+ Sport">CANAL+ Sport</channel>
    <channel update="i" site="tv.wp.pl" site_id="484" xmltv_id="CANAL+ Sport 2">CANAL+ Sport 2</channel>
    <channel update="i" site="tv.wp.pl" site_id="361" xmltv_id="Cartoon Network">Cartoon Network</channel>
    <channel update="i" site="tv.wp.pl" site_id="437" xmltv_id="Cinemax">Cinemax</channel>
    <channel update="i" site="tv.wp.pl" site_id="442" xmltv_id="Cinemax 2">Cinemax 2</channel>
    <channel update="i" site="tv.wp.pl" site_id="71" xmltv_id="Club TV">Club TV</channel>
    <channel update="i" site="tv.wp.pl" site_id="400" xmltv_id="Comedy Central">Comedy Central</channel>
    <channel update="i" site="tv.wp.pl" site_id="213" xmltv_id="Comedy Central Family">Comedy Central Family</channel>
    <channel update="i" site="tv.wp.pl" site_id="67" xmltv_id="Discovery">Discovery</channel>
    <channel update="i" site="tv.wp.pl" site_id="483" xmltv_id="Discovery HD Showcase">Discovery HD Showcase</channel>
    <channel update="i" site="tv.wp.pl" site_id="487" xmltv_id="Discovery Historia">Discovery Historia</channel>
    <channel update="i" site="tv.wp.pl" site_id="356" xmltv_id="Discovery Science">Discovery Science</channel>
    <channel update="i" site="tv.wp.pl" site_id="186" xmltv_id="Discovery World">Discovery World</channel>
    <channel update="i" site="tv.wp.pl" site_id="455" xmltv_id="Disney Channel">Disney Channel</channel>
    <channel update="i" site="tv.wp.pl" site_id="74" xmltv_id="Disney XD">Disney XD</channel>
    <channel update="i" site="tv.wp.pl" site_id="452" xmltv_id="Domo TV">Domo TV</channel>
    <channel update="i" site="tv.wp.pl" site_id="440" xmltv_id="Edusat">Edusat</channel>
    <channel update="i" site="tv.wp.pl" site_id="482" xmltv_id="Eska TV">Eska TV</channel>
    <channel update="i" site="tv.wp.pl" site_id="42" xmltv_id="Eurosport">Eurosport</channel>
    <channel update="i" site="tv.wp.pl" site_id="364" xmltv_id="Eurosport 2">Eurosport 2</channel>
    <channel update="i" site="tv.wp.pl" site_id="79" xmltv_id="Extreme Sports">Extreme Sports</channel>
    <channel update="i" site="tv.wp.pl" site_id="90" xmltv_id="Fashion TV">Fashion TV</channel>
    <channel update="i" site="tv.wp.pl" site_id="436" xmltv_id="FilmBox">FilmBox</channel>
    <channel update="i" site="tv.wp.pl" site_id="433" xmltv_id="FilmBox Extra">FilmBox Extra</channel>
    <channel update="i" site="tv.wp.pl" site_id="469" xmltv_id="FilmBox HD">FilmBox HD</channel>
    <channel update="i" site="tv.wp.pl" site_id="427" xmltv_id="Fox Life">Fox Life</channel>
    <channel update="i" site="tv.wp.pl" site_id="14" xmltv_id="HBO">HBO</channel>
    <channel update="i" site="tv.wp.pl" site_id="201" xmltv_id="HBO 2">HBO 2</channel>
    <channel update="i" site="tv.wp.pl" site_id="421" xmltv_id="HBO Comedy">HBO Comedy</channel>
    <channel update="i" site="tv.wp.pl" site_id="200" xmltv_id="Hyper">Hyper</channel>
    <channel update="i" site="tv.wp.pl" site_id="392" xmltv_id="ITV">ITV</channel>
    <channel update="i" site="tv.wp.pl" site_id="208" xmltv_id="Kab. Toya Łódź">Kab. Toya Łódź</channel>
    <channel update="i" site="tv.wp.pl" site_id="209" xmltv_id="Kab. WTK Poznań">Kab. WTK Poznań</channel>
    <channel update="i" site="tv.wp.pl" site_id="205" xmltv_id="Kino Polska">Kino Polska</channel>
    <channel update="i" site="tv.wp.pl" site_id="438" xmltv_id="Kuchnia.TV">Kuchnia.TV</channel>
    <channel update="i" site="tv.wp.pl" site_id="485" xmltv_id="MGM HD">MGM HD</channel>
    <channel update="i" site="tv.wp.pl" site_id="417" xmltv_id="Mini Mini">Mini Mini</channel>
    <channel update="i" site="tv.wp.pl" site_id="439" xmltv_id="Movies 24">Movies 24</channel>
    <channel update="i" site="tv.wp.pl" site_id="216" xmltv_id="MTV">MTV</channel>
    <channel update="i" site="tv.wp.pl" site_id="360" xmltv_id="National Geographic">National Geographic</channel>
    <channel update="i" site="tv.wp.pl" site_id="428" xmltv_id="National Geographic HD">National Geographic HD</channel>
    <channel update="i" site="tv.wp.pl" site_id="426" xmltv_id="National Geographic Wild">National Geographic Wild</channel>
    <channel update="i" site="tv.wp.pl" site_id="425" xmltv_id="Nickelodeon Polska">Nickelodeon Polska</channel>
    <channel update="i" site="tv.wp.pl" site_id="488" xmltv_id="nSPORT">nSPORT</channel>
    <channel update="i" site="tv.wp.pl" site_id="450" xmltv_id="Orange Sport">Orange Sport</channel>
    <channel update="i" site="tv.wp.pl" site_id="451" xmltv_id="Orange Sport Info">Orange Sport Info</channel>
    <channel update="i" site="tv.wp.pl" site_id="15" xmltv_id="Planete">Planete</channel>
    <channel update="i" site="tv.wp.pl" site_id="8" xmltv_id="Polonia 1">Polonia 1</channel>
    <channel update="i" site="tv.wp.pl" site_id="5" xmltv_id="Polsat">Polsat</channel>
    <channel update="i" site="tv.wp.pl" site_id="6" xmltv_id="Polsat 2">Polsat 2</channel>
    <channel update="i" site="tv.wp.pl" site_id="435" xmltv_id="Polsat Cafe">Polsat Cafe</channel>
    <channel update="i" site="tv.wp.pl" site_id="490" xmltv_id="Polsat Film">Polsat Film</channel>
    <channel update="i" site="tv.wp.pl" site_id="491" xmltv_id="Polsat Futbol">Polsat Futbol</channel>
    <channel update="i" site="tv.wp.pl" site_id="480" xmltv_id="Polsat News">Polsat News</channel>
    <channel update="i" site="tv.wp.pl" site_id="224" xmltv_id="Polsat: Sport">Polsat: Sport</channel>
    <channel update="i" site="tv.wp.pl" site_id="408" xmltv_id="Polsat Sport Extra">Polsat Sport Extra</channel>
    <channel update="i" site="tv.wp.pl" site_id="489" xmltv_id="Polsat Sport HD">Polsat Sport HD</channel>
    <channel update="i" site="tv.wp.pl" site_id="430" xmltv_id="PR 1">PR 1</channel>
    <channel update="i" site="tv.wp.pl" site_id="432" xmltv_id="PR 2">PR 2</channel>
    <channel update="i" site="tv.wp.pl" site_id="429" xmltv_id="PR 3">PR 3</channel>
    <channel update="i" site="tv.wp.pl" site_id="431" xmltv_id="Radio ZET">Radio ZET</channel>
    <channel update="i" site="tv.wp.pl" site_id="477" xmltv_id="Rebel TV">Rebel TV</channel>
    <channel update="i" site="tv.wp.pl" site_id="434" xmltv_id="Religia TV">Religia TV</channel>
    <channel update="i" site="tv.wp.pl" site_id="444" xmltv_id="RMF FM">RMF FM</channel>
    <channel update="i" site="tv.wp.pl" site_id="468" xmltv_id="Scifi Universal">Scifi Universal</channel>
    <channel update="i" site="tv.wp.pl" site_id="407" xmltv_id="Sport Klub">Sport Klub</channel>
    <channel update="i" site="tv.wp.pl" site_id="405" xmltv_id="Sport Klub +">Sport Klub +</channel>
    <channel update="i" site="tv.wp.pl" site_id="402" xmltv_id="Superstacja">Superstacja</channel>
    <channel update="i" site="tv.wp.pl" site_id="403" xmltv_id="TCM">TCM</channel>
    <channel update="i" site="tv.wp.pl" site_id="16" xmltv_id="Tele 5">Tele 5</channel>
    <channel update="i" site="tv.wp.pl" site_id="474" xmltv_id="TLC">TLC</channel>
    <channel update="i" site="tv.wp.pl" site_id="261" xmltv_id="Travel Channel">Travel Channel</channel>
    <channel update="i" site="tv.wp.pl" site_id="486" xmltv_id="TV 1000">TV 1000</channel>
    <channel update="i" site="tv.wp.pl" site_id="18" xmltv_id="TV 4">TV 4</channel>
    <channel update="i" site="tv.wp.pl" site_id="399" xmltv_id="TV Biznes">TV Biznes</channel>
    <channel update="i" site="tv.wp.pl" site_id="235" xmltv_id="TV Puls">TV Puls</channel>
    <channel update="i" site="tv.wp.pl" site_id="413" xmltv_id="TV Silesia">TV Silesia</channel>
    <channel update="i" site="tv.wp.pl" site_id="17" xmltv_id="TVN">TVN</channel>
    <channel update="i" site="tv.wp.pl" site_id="151" xmltv_id="TVN 24">TVN 24</channel>
    <channel update="i" site="tv.wp.pl" site_id="238" xmltv_id="TVN 7">TVN 7</channel>
    <channel update="i" site="tv.wp.pl" site_id="419" xmltv_id="TVN CNBC Biznes">TVN CNBC Biznes</channel>
    <channel update="i" site="tv.wp.pl" site_id="475" xmltv_id="TVN Meteo">TVN Meteo</channel>
    <channel update="i" site="tv.wp.pl" site_id="375" xmltv_id="TVN Style">TVN Style</channel>
    <channel update="i" site="tv.wp.pl" site_id="265" xmltv_id="TVN Turbo">TVN Turbo</channel>
    <channel update="i" site="tv.wp.pl" site_id="470" xmltv_id="TVN Warszawa">TVN Warszawa</channel>
    <channel update="i" site="tv.wp.pl" site_id="1" xmltv_id="TVP 1">TVP 1</channel>
    <channel update="i" site="tv.wp.pl" site_id="2" xmltv_id="TVP 2">TVP 2</channel>
    <channel update="i" site="tv.wp.pl" site_id="19" xmltv_id="TVP Białystok">TVP Białystok</channel>
    <channel update="i" site="tv.wp.pl" site_id="20" xmltv_id="TVP Bydgoszcz">TVP Bydgoszcz</channel>
    <channel update="i" site="tv.wp.pl" site_id="21" xmltv_id="TVP Gdańsk">TVP Gdańsk</channel>
    <channel update="i" site="tv.wp.pl" site_id="359" xmltv_id="TVP Gorzów Wielkopolski">TVP Gorzów Wielkopolski</channel>
    <channel update="i" site="tv.wp.pl" site_id="456" xmltv_id="TVP HD">TVP HD</channel>
    <channel update="i" site="tv.wp.pl" site_id="471" xmltv_id="TVP Historia">TVP Historia</channel>
    <channel update="i" site="tv.wp.pl" site_id="233" xmltv_id="TVP Info">TVP Info</channel>
    <channel update="i" site="tv.wp.pl" site_id="22" xmltv_id="TVP Katowice">TVP Katowice</channel>
    <channel update="i" site="tv.wp.pl" site_id="23" xmltv_id="TVP Kraków">TVP Kraków</channel>
    <channel update="i" site="tv.wp.pl" site_id="368" xmltv_id="TVP Kultura">TVP Kultura</channel>
    <channel update="i" site="tv.wp.pl" site_id="24" xmltv_id="TVP Lublin">TVP Lublin</channel>
    <channel update="i" site="tv.wp.pl" site_id="25" xmltv_id="TVP Łódź">TVP Łódź</channel>
    <channel update="i" site="tv.wp.pl" site_id="365" xmltv_id="TVP Olsztyn">TVP Olsztyn</channel>
    <channel update="i" site="tv.wp.pl" site_id="3" xmltv_id="TVP Polonia">TVP Polonia</channel>
    <channel update="i" site="tv.wp.pl" site_id="26" xmltv_id="TVP Poznań">TVP Poznań</channel>
    <channel update="i" site="tv.wp.pl" site_id="27" xmltv_id="TVP Rzeszów">TVP Rzeszów</channel>
    <channel update="i" site="tv.wp.pl" site_id="479" xmltv_id="TVP Seriale">TVP Seriale</channel>
    <channel update="i" site="tv.wp.pl" site_id="406" xmltv_id="TVP Sport">TVP Sport</channel>
    <channel update="i" site="tv.wp.pl" site_id="28" xmltv_id="TVP Szczecin">TVP Szczecin</channel>
    <channel update="i" site="tv.wp.pl" site_id="262" xmltv_id="TVP Warszawa">TVP Warszawa</channel>
    <channel update="i" site="tv.wp.pl" site_id="30" xmltv_id="TVP Wrocław">TVP Wrocław</channel>
    <channel update="i" site="tv.wp.pl" site_id="441" xmltv_id="Universal Channel">Universal Channel</channel>
    <channel update="i" site="tv.wp.pl" site_id="366" xmltv_id="Viasat Explorer">Viasat Explorer</channel>
    <channel update="i" site="tv.wp.pl" site_id="367" xmltv_id="Viasat History">Viasat History</channel>
    <channel update="i" site="tv.wp.pl" site_id="92" xmltv_id="VIVA Polska">VIVA Polska</channel>
    <channel update="i" site="tv.wp.pl" site_id="217" xmltv_id="ZigZap">ZigZap</channel>
    <channel update="i" site="tv.wp.pl" site_id="267" xmltv_id="Zone Europa">Zone Europa</channel>
    <channel update="i" site="tv.wp.pl" site_id="84" xmltv_id="Zone Reality">Zone Reality</channel>
    <channel update="i" site="tv.wp.pl" site_id="78" xmltv_id="Zone Romantica">Zone Romantica</channel>
    <!-- part two -->
    <channel update="i" site="tv.wp.pl" site_id="317" xmltv_id="13eme Rue (fr.)">13eme Rue (fr.)</channel>
    <channel update="i" site="tv.wp.pl" site_id="245" xmltv_id="13th Street (niem.)">13th Street (niem.)</channel>
    <channel update="i" site="tv.wp.pl" site_id="54" xmltv_id="3sat (niem.)">3sat (niem.)</channel>
    <channel update="i" site="tv.wp.pl" site_id="256" xmltv_id="9 Live (niem.)">9 Live (niem.)</channel>
    <channel update="i" site="tv.wp.pl" site_id="313" xmltv_id="AB Channel (fr.)">AB Channel (fr.)</channel>
    <channel update="i" site="tv.wp.pl" site_id="316" xmltv_id="Action (fr.)">Action (fr.)</channel>
    <channel update="i" site="tv.wp.pl" site_id="172" xmltv_id="Alpha (niem.)">Alpha (niem.)</channel>
    <channel update="i" site="tv.wp.pl" site_id="321" xmltv_id="Animaux (fr.)">Animaux (fr.)</channel>
    <channel update="i" site="tv.wp.pl" site_id="44" xmltv_id="ARD (niem.)">ARD (niem.)</channel>
    <channel update="i" site="tv.wp.pl" site_id="385" xmltv_id="ARD EinsFestival (niem.)">ARD EinsFestival (niem.)</channel>
    <channel update="i" site="tv.wp.pl" site_id="45" xmltv_id="Arte (niem.)">Arte (niem.)</channel>
    <channel update="i" site="tv.wp.pl" site_id="309" xmltv_id="Arte (fr.)">Arte (fr.)</channel>
    <channel update="i" site="tv.wp.pl" site_id="173" xmltv_id="ATV (niem.)">ATV (niem.)</channel>
    <channel update="i" site="tv.wp.pl" site_id="176" xmltv_id="Bayern 3 (niem.)">Bayern 3 (niem.)</channel>
    <channel update="i" site="tv.wp.pl" site_id="94" xmltv_id="BBC World (ang.)">BBC World (ang.)</channel>
    <channel update="i" site="tv.wp.pl" site_id="182" xmltv_id="Beate Uhse TV (niem.)">Beate Uhse TV (niem.)</channel>
    <channel update="i" site="tv.wp.pl" site_id="409" xmltv_id="Bloomberg (ang.)">Bloomberg (ang.)</channel>
    <channel update="i" site="tv.wp.pl" site_id="181" xmltv_id="Blue Movie 1 (niem.)">Blue Movie 1 (niem.)</channel>
    <channel update="i" site="tv.wp.pl" site_id="357" xmltv_id="Blue Movie 2 (niem.)">Blue Movie 2 (niem.)</channel>
    <channel update="i" site="tv.wp.pl" site_id="459" xmltv_id="Blue Movie 3 (niem.)">Blue Movie 3 (niem.)</channel>
    <channel update="i" site="tv.wp.pl" site_id="329" xmltv_id="Canal+ (fr.)">Canal+ (fr.)</channel>
    <channel update="i" site="tv.wp.pl" site_id="301" xmltv_id="Canal+ Cinema (fr.)">Canal+ Cinema (fr.)</channel>
    <channel update="i" site="tv.wp.pl" site_id="295" xmltv_id="Canal J (fr.)">Canal J (fr.)</channel>
    <channel update="i" site="tv.wp.pl" site_id="335" xmltv_id="Canal Jimmy (fr.)">Canal Jimmy (fr.)</channel>
    <channel update="i" site="tv.wp.pl" site_id="311" xmltv_id="Canal+ Sport (fr.)">Canal+ Sport (fr.)</channel>
    <channel update="i" site="tv.wp.pl" site_id="393" xmltv_id="Canale 5 (wł.)">Canale 5 (wł.)</channel>
    <channel update="i" site="tv.wp.pl" site_id="310" xmltv_id="Cartoon Network (fr.)">Cartoon Network (fr.)</channel>
    <channel update="i" site="tv.wp.pl" site_id="412" xmltv_id="Cartoon Networks (niem.)">Cartoon Networks (niem.)</channel>
    <channel update="i" site="tv.wp.pl" site_id="322" xmltv_id="Chasse &amp; Peche (fr.)">Chasse &amp; Peche (fr.)</channel>
    <channel update="i" site="tv.wp.pl" site_id="273" xmltv_id="Cine Cinema Classic (fr.)">Cine Cinema Classic (fr.)</channel>
    <channel update="i" site="tv.wp.pl" site_id="343" xmltv_id="Cine Cinema Emotion (fr.)">Cine Cinema Emotion (fr.)</channel>
    <channel update="i" site="tv.wp.pl" site_id="271" xmltv_id="Cine Cinema Frisson (fr.)">Cine Cinema Frisson (fr.)</channel>
    <channel update="i" site="tv.wp.pl" site_id="342" xmltv_id="Cine Cinema Premier (fr.)">Cine Cinema Premier (fr.)</channel>
    <channel update="i" site="tv.wp.pl" site_id="279" xmltv_id="Cine Polar (fr.)">Cine Polar (fr.)</channel>
    <channel update="i" site="tv.wp.pl" site_id="371" xmltv_id="Classica (niem.)">Classica (niem.)</channel>
    <channel update="i" site="tv.wp.pl" site_id="73" xmltv_id="CNN (ang.)">CNN (ang.)</channel>
    <channel update="i" site="tv.wp.pl" site_id="278" xmltv_id="Comedie (fr.)">Comedie (fr.)</channel>
    <channel update="i" site="tv.wp.pl" site_id="331" xmltv_id="Cuisine TV (fr.)">Cuisine TV (fr.)</channel>
    <channel update="i" site="tv.wp.pl" site_id="446" xmltv_id="ČT 1 (cze.)">ČT 1 (cze.)</channel>
    <channel update="i" site="tv.wp.pl" site_id="445" xmltv_id="ČT 2 (cze.)">ČT 2 (cze.)</channel>
    <channel update="i" site="tv.wp.pl" site_id="185" xmltv_id="Discovery Channel (niem.)">Discovery Channel (niem.)</channel>
    <channel update="i" site="tv.wp.pl" site_id="184" xmltv_id="Disney Channel (niem.)">Disney Channel (niem.)</channel>
    <channel update="i" site="tv.wp.pl" site_id="270" xmltv_id="Disney Channel (fr.)">Disney Channel (fr.)</channel>
    <channel update="i" site="tv.wp.pl" site_id="319" xmltv_id="Escales (fr.)">Escales (fr.)</channel>
    <channel update="i" site="tv.wp.pl" site_id="197" xmltv_id="Euronews (niem.)">Euronews (niem.)</channel>
    <channel update="i" site="tv.wp.pl" site_id="457" xmltv_id="Euronews (ang.)">Euronews (ang.)</channel>
    <channel update="i" site="tv.wp.pl" site_id="283" xmltv_id="Eurosport (fr.)">Eurosport (fr.)</channel>
    <channel update="i" site="tv.wp.pl" site_id="194" xmltv_id="Eurosport (niem.)">Eurosport (niem.)</channel>
    <channel update="i" site="tv.wp.pl" site_id="390" xmltv_id="Eurosport Italia (wł.)">Eurosport Italia (wł.)</channel>
    <channel update="i" site="tv.wp.pl" site_id="376" xmltv_id="Extreme Sports Channel (fr.)">Extreme Sports Channel (fr.)</channel>
    <channel update="i" site="tv.wp.pl" site_id="102" xmltv_id="France 2 (fr.)">France 2 (fr.)</channel>
    <channel update="i" site="tv.wp.pl" site_id="467" xmltv_id="France 24 (fr.)">France 24 (fr.)</channel>
    <channel update="i" site="tv.wp.pl" site_id="103" xmltv_id="France 3 (fr.)">France 3 (fr.)</channel>
    <channel update="i" site="tv.wp.pl" site_id="476" xmltv_id="France24 (ang.)">France24 (ang.)</channel>
    <channel update="i" site="tv.wp.pl" site_id="358" xmltv_id="Goldstar TV (niem.)">Goldstar TV (niem.)</channel>
    <channel update="i" site="tv.wp.pl" site_id="202" xmltv_id="Hamburg 1 (niem.)">Hamburg 1 (niem.)</channel>
    <channel update="i" site="tv.wp.pl" site_id="370" xmltv_id="Heimatkanal (niem.)">Heimatkanal (niem.)</channel>
    <channel update="i" site="tv.wp.pl" site_id="198" xmltv_id="Hessen 3 (niem.)">Hessen 3 (niem.)</channel>
    <channel update="i" site="tv.wp.pl" site_id="312" xmltv_id="Histoire (fr.)">Histoire (fr.)</channel>
    <channel update="i" site="tv.wp.pl" site_id="423" xmltv_id="Holland 1 (hol.)">Holland 1 (hol.)</channel>
    <channel update="i" site="tv.wp.pl" site_id="422" xmltv_id="Holland 2 (hol.)">Holland 2 (hol.)</channel>
    <channel update="i" site="tv.wp.pl" site_id="424" xmltv_id="Holland 3 (hol.)">Holland 3 (hol.)</channel>
    <channel update="i" site="tv.wp.pl" site_id="203" xmltv_id="HSE 24 (niem.)">HSE 24 (niem.)</channel>
    <channel update="i" site="tv.wp.pl" site_id="395" xmltv_id="ITALIA 1 (wł.)">ITALIA 1 (wł.)</channel>
    <channel update="i" site="tv.wp.pl" site_id="206" xmltv_id="Junior (niem.)">Junior (niem.)</channel>
    <channel update="i" site="tv.wp.pl" site_id="47" xmltv_id="Kabel 1 (niem.)">Kabel 1 (niem.)</channel>
    <channel update="i" site="tv.wp.pl" site_id="204" xmltv_id="Kinderkanal (niem.)">Kinderkanal (niem.)</channel>
    <channel update="i" site="tv.wp.pl" site_id="401" xmltv_id="LA 7 (wł.)">LA 7 (wł.)</channel>
    <channel update="i" site="tv.wp.pl" site_id="302" xmltv_id="La Cinqui eme (fr.)">La Cinqui eme (fr.)</channel>
    <channel update="i" site="tv.wp.pl" site_id="379" xmltv_id="La Cinquieme SAT (fr.)">La Cinquieme SAT (fr.)</channel>
    <channel update="i" site="tv.wp.pl" site_id="464" xmltv_id="M 6 (fr.)">M 6 (fr.)</channel>
    <channel update="i" site="tv.wp.pl" site_id="306" xmltv_id="Mangas (fr.)">Mangas (fr.)</channel>
    <channel update="i" site="tv.wp.pl" site_id="288" xmltv_id="MCM (fr.)">MCM (fr.)</channel>
    <channel update="i" site="tv.wp.pl" site_id="373" xmltv_id="MCM TOP (fr.)">MCM TOP (fr.)</channel>
    <channel update="i" site="tv.wp.pl" site_id="212" xmltv_id="MDR (niem.)">MDR (niem.)</channel>
    <channel update="i" site="tv.wp.pl" site_id="289" xmltv_id="Mezzo (fr.)">Mezzo (fr.)</channel>
    <channel update="i" site="tv.wp.pl" site_id="325" xmltv_id="Moteurs (fr.)">Moteurs (fr.)</channel>
    <channel update="i" site="tv.wp.pl" site_id="314" xmltv_id="MTV (fr.)">MTV (fr.)</channel>
    <channel update="i" site="tv.wp.pl" site_id="219" xmltv_id="MTV (niem.)">MTV (niem.)</channel>
    <channel update="i" site="tv.wp.pl" site_id="397" xmltv_id="MTV Base (ang.)">MTV Base (ang.)</channel>
    <channel update="i" site="tv.wp.pl" site_id="458" xmltv_id="MTV Classic (ang.)">MTV Classic (ang.)</channel>
    <channel update="i" site="tv.wp.pl" site_id="388" xmltv_id="MTV Italia (wł.)">MTV Italia (wł.)</channel>
    <channel update="i" site="tv.wp.pl" site_id="396" xmltv_id="MTV Rocks (ang.)">MTV Rocks (ang.)</channel>
    <channel update="i" site="tv.wp.pl" site_id="211" xmltv_id="N 24 (niem.)">N 24 (niem.)</channel>
    <channel update="i" site="tv.wp.pl" site_id="214" xmltv_id="N 3 (niem.)">N 3 (niem.)</channel>
    <channel update="i" site="tv.wp.pl" site_id="294" xmltv_id="Nat Geo France (fr.)">Nat Geo France (fr.)</channel>
    <channel update="i" site="tv.wp.pl" site_id="447" xmltv_id="Nova (cze.)">Nova (cze.)</channel>
    <channel update="i" site="tv.wp.pl" site_id="226" xmltv_id="n-tv (niem.)">n-tv (niem.)</channel>
    <channel update="i" site="tv.wp.pl" site_id="191" xmltv_id="ORF 1 (niem.)">ORF 1 (niem.)</channel>
    <channel update="i" site="tv.wp.pl" site_id="199" xmltv_id="ORF 2 (niem.)">ORF 2 (niem.)</channel>
    <channel update="i" site="tv.wp.pl" site_id="281" xmltv_id="Paris Premiere (fr.)">Paris Premiere (fr.)</channel>
    <channel update="i" site="tv.wp.pl" site_id="225" xmltv_id="Phoenix (niem.)">Phoenix (niem.)</channel>
    <channel update="i" site="tv.wp.pl" site_id="349" xmltv_id="Piwi (fr.)">Piwi (fr.)</channel>
    <channel update="i" site="tv.wp.pl" site_id="275" xmltv_id="Planete (fr.)">Planete (fr.)</channel>
    <channel update="i" site="tv.wp.pl" site_id="304" xmltv_id="Planete Thalassa (fr.)">Planete Thalassa (fr.)</channel>
    <channel update="i" site="tv.wp.pl" site_id="300" xmltv_id="Playhouse Disney (fr.)">Playhouse Disney (fr.)</channel>
    <channel update="i" site="tv.wp.pl" site_id="50" xmltv_id="Pro 7 (niem.)">Pro 7 (niem.)</channel>
    <channel update="i" site="tv.wp.pl" site_id="411" xmltv_id="QVC (niem.)">QVC (niem.)</channel>
    <channel update="i" site="tv.wp.pl" site_id="232" xmltv_id="RAI 1 (wł.)">RAI 1 (wł.)</channel>
    <channel update="i" site="tv.wp.pl" site_id="231" xmltv_id="RAI 2 (wł.)">RAI 2 (wł.)</channel>
    <channel update="i" site="tv.wp.pl" site_id="386" xmltv_id="RAI 3 (wł.)">RAI 3 (wł.)</channel>
    <channel update="i" site="tv.wp.pl" site_id="180" xmltv_id="RBB Berlin (niem.)">RBB Berlin (niem.)</channel>
    <channel update="i" site="tv.wp.pl" site_id="394" xmltv_id="RETE 4 (wł.)">RETE 4 (wł.)</channel>
    <channel update="i" site="tv.wp.pl" site_id="257" xmltv_id="RSI LA 1 (wł.)">RSI LA 1 (wł.)</channel>
    <channel update="i" site="tv.wp.pl" site_id="253" xmltv_id="RSI LA 2 (wł.)">RSI LA 2 (wł.)</channel>
    <channel update="i" site="tv.wp.pl" site_id="377" xmltv_id="RTBF (fr.)">RTBF (fr.)</channel>
    <channel update="i" site="tv.wp.pl" site_id="51" xmltv_id="RTL (niem.)">RTL (niem.)</channel>
    <channel update="i" site="tv.wp.pl" site_id="52" xmltv_id="RTL 2 (niem.)">RTL 2 (niem.)</channel>
    <channel update="i" site="tv.wp.pl" site_id="218" xmltv_id="RTL 9 (fr.)">RTL 9 (fr.)</channel>
    <channel update="i" site="tv.wp.pl" site_id="274" xmltv_id="RTL TVI (fr.)">RTL TVI (fr.)</channel>
    <channel update="i" site="tv.wp.pl" site_id="332" xmltv_id="RTPI (port.)">RTPI (port.)</channel>
    <channel update="i" site="tv.wp.pl" site_id="334" xmltv_id="RTSI (fr.)">RTSI (fr.)</channel>
    <channel update="i" site="tv.wp.pl" site_id="237" xmltv_id="SAT.1 (niem.)">SAT.1 (niem.)</channel>
    <channel update="i" site="tv.wp.pl" site_id="466" xmltv_id="Schweiz 5 (niem.)">Schweiz 5 (niem.)</channel>
    <channel update="i" site="tv.wp.pl" site_id="241" xmltv_id="Sci-Fi (niem.)">Sci-Fi (niem.)</channel>
    <channel update="i" site="tv.wp.pl" site_id="320" xmltv_id="Seasons (fr.)">Seasons (fr.)</channel>
    <channel update="i" site="tv.wp.pl" site_id="291" xmltv_id="Serie Club (fr.)">Serie Club (fr.)</channel>
    <channel update="i" site="tv.wp.pl" site_id="189" xmltv_id="SF 1 (niem.)">SF 1 (niem.)</channel>
    <channel update="i" site="tv.wp.pl" site_id="178" xmltv_id="SF zwei (niem.)">SF zwei (niem.)</channel>
    <channel update="i" site="tv.wp.pl" site_id="247" xmltv_id="SFinfo (niem.)">SFinfo (niem.)</channel>
    <channel update="i" site="tv.wp.pl" site_id="454" xmltv_id="Sky Action (niem.)">Sky Action (niem.)</channel>
    <channel update="i" site="tv.wp.pl" site_id="453" xmltv_id="Sky Comedy (niem.)">Sky Comedy (niem.)</channel>
    <channel update="i" site="tv.wp.pl" site_id="207" xmltv_id="Sky Krimi (niem.)">Sky Krimi (niem.)</channel>
    <channel update="i" site="tv.wp.pl" site_id="305" xmltv_id="Sport+ (fr.)">Sport+ (fr.)</channel>
    <channel update="i" site="tv.wp.pl" site_id="43" xmltv_id="Sport1 (niem.)">Sport1 (niem.)</channel>
    <channel update="i" site="tv.wp.pl" site_id="383" xmltv_id="Spreekanal (niem.)">Spreekanal (niem.)</channel>
    <channel update="i" site="tv.wp.pl" site_id="246" xmltv_id="Star TV (niem.)">Star TV (niem.)</channel>
    <channel update="i" site="tv.wp.pl" site_id="55" xmltv_id="Super RTL (niem.)">Super RTL (niem.)</channel>
    <channel update="i" site="tv.wp.pl" site_id="242" xmltv_id="Südwest 3 (niem.)">Südwest 3 (niem.)</channel>
    <channel update="i" site="tv.wp.pl" site_id="251" xmltv_id="TCM France (fr.)">TCM France (fr.)</channel>
    <channel update="i" site="tv.wp.pl" site_id="462" xmltv_id="Tele 1 (niem.)">Tele 1 (niem.)</channel>
    <channel update="i" site="tv.wp.pl" site_id="363" xmltv_id="Tele 5 (niem.)">Tele 5 (niem.)</channel>
    <channel update="i" site="tv.wp.pl" site_id="463" xmltv_id="Tele Baern (niem.)">Tele Baern (niem.)</channel>
    <channel update="i" site="tv.wp.pl" site_id="461" xmltv_id="Tele Basel (niem.)">Tele Basel (niem.)</channel>
    <channel update="i" site="tv.wp.pl" site_id="460" xmltv_id="Tele M1 (niem.)">Tele M1 (niem.)</channel>
    <channel update="i" site="tv.wp.pl" site_id="465" xmltv_id="Tele Top (niem.)">Tele Top (niem.)</channel>
    <channel update="i" site="tv.wp.pl" site_id="243" xmltv_id="Tele Zuri (niem.)">Tele Zuri (niem.)</channel>
    <channel update="i" site="tv.wp.pl" site_id="323" xmltv_id="Teletoon (fr.)">Teletoon (fr.)</channel>
    <channel update="i" site="tv.wp.pl" site_id="292" xmltv_id="Teva (fr.)">Teva (fr.)</channel>
    <channel update="i" site="tv.wp.pl" site_id="101" xmltv_id="TF 1 (fr.)">TF 1 (fr.)</channel>
    <channel update="i" site="tv.wp.pl" site_id="287" xmltv_id="TF 6 (fr.)">TF 6 (fr.)</channel>
    <channel update="i" site="tv.wp.pl" site_id="277" xmltv_id="Tiji (fr.)">Tiji (fr.)</channel>
    <channel update="i" site="tv.wp.pl" site_id="303" xmltv_id="TMC (fr.)">TMC (fr.)</channel>
    <channel update="i" site="tv.wp.pl" site_id="254" xmltv_id="TNT (ang.)">TNT (ang.)</channel>
    <channel update="i" site="tv.wp.pl" site_id="346" xmltv_id="Toute L'Histoire (fr.)">Toute L'Histoire (fr.)</channel>
    <channel update="i" site="tv.wp.pl" site_id="293" xmltv_id="TPS Star (fr.)">TPS Star (fr.)</channel>
    <channel update="i" site="tv.wp.pl" site_id="259" xmltv_id="TSR (fr.)">TSR (fr.)</channel>
    <channel update="i" site="tv.wp.pl" site_id="250" xmltv_id="TSR 2 (fr.)">TSR 2 (fr.)</channel>
    <channel update="i" site="tv.wp.pl" site_id="338" xmltv_id="TSR (R) (fr.)">TSR (R) (fr.)</channel>
    <channel update="i" site="tv.wp.pl" site_id="297" xmltv_id="TSR2 (R) (fr.)">TSR2 (R) (fr.)</channel>
    <channel update="i" site="tv.wp.pl" site_id="382" xmltv_id="TV Berlin (niem.)">TV Berlin (niem.)</channel>
    <channel update="i" site="tv.wp.pl" site_id="276" xmltv_id="TV Breizh (fr.)">TV Breizh (fr.)</channel>
    <channel update="i" site="tv.wp.pl" site_id="70" xmltv_id="TV5 monde (fr.)">TV5 monde (fr.)</channel>
    <channel update="i" site="tv.wp.pl" site_id="282" xmltv_id="TV5 Monde FDS (fr.)">TV5 Monde FDS (fr.)</channel>
    <channel update="i" site="tv.wp.pl" site_id="108" xmltv_id="TVE (hiszp.)">TVE (hiszp.)</channel>
    <channel update="i" site="tv.wp.pl" site_id="333" xmltv_id="TVE I (R) (fr.)">TVE I (R) (fr.)</channel>
    <channel update="i" site="tv.wp.pl" site_id="266" xmltv_id="TW 1 (niem.)">TW 1 (niem.)</channel>
    <channel update="i" site="tv.wp.pl" site_id="263" xmltv_id="VIVA (niem.)">VIVA (niem.)</channel>
    <channel update="i" site="tv.wp.pl" site_id="57" xmltv_id="VOX (niem.)">VOX (niem.)</channel>
    <channel update="i" site="tv.wp.pl" site_id="308" xmltv_id="Voyage (fr.)">Voyage (fr.)</channel>
    <channel update="i" site="tv.wp.pl" site_id="264" xmltv_id="WDR (niem.)">WDR (niem.)</channel>
    <channel update="i" site="tv.wp.pl" site_id="298" xmltv_id="XXL (fr.)">XXL (fr.)</channel>
    <channel update="i" site="tv.wp.pl" site_id="59" xmltv_id="ZDF (niem.)">ZDF (niem.)</channel>
    <channel update="i" site="tv.wp.pl" site_id="384" xmltv_id="ZDF Theaterkanal (niem.)">ZDF Theaterkanal (niem.)</channel>
  </channels>
</site>