﻿<?xml version="1.0" encoding="UTF-8"?>
<site generator-info-name="WebGrab+Plus/w MDB &amp; REX Postprocess -- version 1.54.5/0.01 -- Jan van Straaten" site="nos.pt">
  <channels>
    <channel update="i" site="nos.pt" site_id="5" xmltv_id="RTP1">RTP1</channel>
    <channel update="i" site="nos.pt" site_id="3" xmltv_id="RTP2">RTP2</channel>
    <channel update="i" site="nos.pt" site_id="7" xmltv_id="SIC">SIC</channel>
    <channel update="i" site="nos.pt" site_id="8" xmltv_id="TVI">TVI</channel>
    <channel update="i" site="nos.pt" site_id="9" xmltv_id="SICN">SICN</channel>
    <channel update="i" site="nos.pt" site_id="71" xmltv_id="SICM">SICM</channel>
    <channel update="i" site="nos.pt" site_id="160" xmltv_id="TVI24">TVI24</channel>
    <channel update="i" site="nos.pt" site_id="64" xmltv_id="RTPN">RTPN</channel>
    <channel update="i" site="nos.pt" site_id="61" xmltv_id="SICR">SICR</channel>
    <channel update="i" site="nos.pt" site_id="230" xmltv_id="GLOBO">GLOBO</channel>
    <channel update="i" site="nos.pt" site_id="80" xmltv_id="RTPM">RTPM</channel>
    <channel update="i" site="nos.pt" site_id="232" xmltv_id="MAISTVISD">MAISTVISD</channel>
    <channel update="i" site="nos.pt" site_id="105" xmltv_id="PORTO">PORTO</channel>
    <channel update="i" site="nos.pt" site_id="251" xmltv_id="SICCARAS">SICCARAS</channel>
    <channel update="i" site="nos.pt" site_id="235" xmltv_id="CanalQB">CanalQB</channel>
    <channel update="i" site="nos.pt" site_id="183" xmltv_id="ECONOMICOTVSD">ECONOMICOTVSD</channel>
    <channel update="i" site="nos.pt" site_id="17" xmltv_id="SPTV">SPTV</channel>
    <channel update="i" site="nos.pt" site_id="95" xmltv_id="SPTV2">SPTV2</channel>
    <channel update="i" site="nos.pt" site_id="136" xmltv_id="SPTV3">SPTV3</channel>
    <channel update="i" site="nos.pt" site_id="246" xmltv_id="SPTVLSD">SPTVLSD</channel>
    <channel update="i" site="nos.pt" site_id="179" xmltv_id="SPTVGOLFESD">SPTVGOLFESD</channel>
    <channel update="i" site="nos.pt" site_id="137" xmltv_id="SPTVHD">SPTVHD</channel>
    <channel update="i" site="nos.pt" site_id="187" xmltv_id="SPTV2HD">SPTV2HD</channel>
    <channel update="i" site="nos.pt" site_id="188" xmltv_id="SPTV3HD">SPTV3HD</channel>
    <channel update="i" site="nos.pt" site_id="247" xmltv_id="SPTVLHD">SPTVLHD</channel>
    <channel update="i" site="nos.pt" site_id="180" xmltv_id="SPTVGOLFEHD">SPTVGOLFEHD</channel>
    <channel update="i" site="nos.pt" site_id="249" xmltv_id="BENFICATV1">BENFICATV1</channel>
    <channel update="i" site="nos.pt" site_id="250" xmltv_id="BENFICATV2">BENFICATV2</channel>
    <channel update="i" site="nos.pt" site_id="245" xmltv_id="BENFICATV1HD">BENFICATV1HD</channel>
    <channel update="i" site="nos.pt" site_id="248" xmltv_id="BENFICATV2HD">BENFICATV2HD</channel>
    <channel update="i" site="nos.pt" site_id="351" xmltv_id="SPORTINGTV">SPORTINGTV</channel>
    <channel update="i" site="nos.pt" site_id="352" xmltv_id="SPORTINGTVHD">SPORTINGTVHD</channel>
    <channel update="i" site="nos.pt" site_id="66" xmltv_id="DISNY">DISNY</channel>
    <channel update="i" site="nos.pt" site_id="94" xmltv_id="Nicke">Nicke</channel>
    <channel update="i" site="nos.pt" site_id="31" xmltv_id="PANDA">PANDA</channel>
    <channel update="i" site="nos.pt" site_id="176" xmltv_id="PANDABIGGS">PANDABIGGS</channel>
    <channel update="i" site="nos.pt" site_id="226" xmltv_id="DISNEYJUNIOR">DISNEYJUNIOR</channel>
    <channel update="i" site="nos.pt" site_id="148" xmltv_id="BABYFIRST">BABYFIRST</channel>
    <channel update="i" site="nos.pt" site_id="252" xmltv_id="CART">CART</channel>
    <channel update="i" site="nos.pt" site_id="200" xmltv_id="SUPERRTL">SUPERRTL</channel>
    <channel update="i" site="nos.pt" site_id="16" xmltv_id="TVC1">TVC1</channel>
    <channel update="i" site="nos.pt" site_id="18" xmltv_id="TVC2">TVC2</channel>
    <channel update="i" site="nos.pt" site_id="76" xmltv_id="TVC3">TVC3</channel>
    <channel update="i" site="nos.pt" site_id="84" xmltv_id="TVC4">TVC4</channel>
    <channel update="i" site="nos.pt" site_id="186" xmltv_id="TVSERIES">TVSERIES</channel>
    <channel update="i" site="nos.pt" site_id="13" xmltv_id="HOLLY">HOLLY</channel>
    <channel update="i" site="nos.pt" site_id="130" xmltv_id="EENTER">EENTER</channel>
    <channel update="i" site="nos.pt" site_id="51" xmltv_id="FASH">FASH</channel>
    <channel update="i" site="nos.pt" site_id="38" xmltv_id="BBCP">BBCP</channel>
    <channel update="i" site="nos.pt" site_id="164" xmltv_id="AXNBLACK">AXNBLACK</channel>
    <channel update="i" site="nos.pt" site_id="77" xmltv_id="AXN">AXN</channel>
    <channel update="i" site="nos.pt" site_id="125" xmltv_id="MOV">MOV</channel>
    <channel update="i" site="nos.pt" site_id="86" xmltv_id="FOXLIFE">FOXLIFE</channel>
    <channel update="i" site="nos.pt" site_id="85" xmltv_id="FOX">FOX</channel>
    <channel update="i" site="nos.pt" site_id="114" xmltv_id="FOXCRIME">FOXCRIME</channel>
    <channel update="i" site="nos.pt" site_id="116" xmltv_id="FX">FX</channel>
    <channel update="i" site="nos.pt" site_id="177" xmltv_id="FOXNEXT">FOXNEXT</channel>
    <channel update="i" site="nos.pt" site_id="163" xmltv_id="SET">SET</channel>
    <channel update="i" site="nos.pt" site_id="23" xmltv_id="TLC">TLC</channel>
    <channel update="i" site="nos.pt" site_id="36" xmltv_id="MTV">MTV</channel>
    <channel update="i" site="nos.pt" site_id="98" xmltv_id="REALTV">REALTV</channel>
    <channel update="i" site="nos.pt" site_id="141" xmltv_id="TVC1HD">TVC1HD</channel>
    <channel update="i" site="nos.pt" site_id="74" xmltv_id="TVC2HD">TVC2HD</channel>
    <channel update="i" site="nos.pt" site_id="223" xmltv_id="TVC3HD">TVC3HD</channel>
    <channel update="i" site="nos.pt" site_id="224" xmltv_id="TVC4HD">TVC4HD</channel>
    <channel update="i" site="nos.pt" site_id="191" xmltv_id="TVSERIESHD">TVSERIESHD</channel>
    <channel update="i" site="nos.pt" site_id="14" xmltv_id="HOLLYHD">HOLLYHD</channel>
    <channel update="i" site="nos.pt" site_id="202" xmltv_id="EENTERHD">EENTERHD</channel>
    <channel update="i" site="nos.pt" site_id="47" xmltv_id="FASHIONTVHD">FASHIONTVHD</channel>
    <channel update="i" site="nos.pt" site_id="135" xmltv_id="MOVHD">MOVHD</channel>
    <channel update="i" site="nos.pt" site_id="113" xmltv_id="FXHD">FXHD</channel>
    <channel update="i" site="nos.pt" site_id="161" xmltv_id="AXNHD">AXNHD</channel>
    <channel update="i" site="nos.pt" site_id="194" xmltv_id="AXNBLACKHD">AXNBLACKHD</channel>
    <channel update="i" site="nos.pt" site_id="175" xmltv_id="FOXLIFEHD">FOXLIFEHD</channel>
    <channel update="i" site="nos.pt" site_id="174" xmltv_id="FOXHD">FOXHD</channel>
    <channel update="i" site="nos.pt" site_id="201" xmltv_id="SYFYHD">SYFYHD</channel>
    <channel update="i" site="nos.pt" site_id="244" xmltv_id="FOXCRIMEHD">FOXCRIMEHD</channel>
    <channel update="i" site="nos.pt" site_id="242" xmltv_id="FOXMOVIESHD">FOXMOVIESHD</channel>
    <channel update="i" site="nos.pt" site_id="75" xmltv_id="SONYTVHD">SONYTVHD</channel>
    <channel update="i" site="nos.pt" site_id="190" xmltv_id="SUNDANCEHD">SUNDANCEHD</channel>
    <channel update="i" site="nos.pt" site_id="243" xmltv_id="24KITCHENHD">24KITCHENHD</channel>
    <channel update="i" site="nos.pt" site_id="62" xmltv_id="FOODNETWORKHD">FOODNETWORKHD</channel>
    <channel update="i" site="nos.pt" site_id="22" xmltv_id="Discovery">Discovery</channel>
    <channel update="i" site="nos.pt" site_id="203" xmltv_id="MOTORS">MOTORS</channel>
    <channel update="i" site="nos.pt" site_id="59" xmltv_id="NGC">NGC</channel>
    <channel update="i" site="nos.pt" site_id="82" xmltv_id="NGCWILD">NGCWILD</channel>
    <channel update="i" site="nos.pt" site_id="20" xmltv_id="ODIS">ODIS</channel>
    <channel update="i" site="nos.pt" site_id="100" xmltv_id="TRAVEL">TRAVEL</channel>
    <channel update="i" site="nos.pt" site_id="19" xmltv_id="HIST">HIST</channel>
    <channel update="i" site="nos.pt" site_id="81" xmltv_id="BIOC">BIOC</channel>
    <channel update="i" site="nos.pt" site_id="21" xmltv_id="DISCOVERYHD">DISCOVERYHD</channel>
    <channel update="i" site="nos.pt" site_id="134" xmltv_id="NGCHD">NGCHD</channel>
    <channel update="i" site="nos.pt" site_id="83" xmltv_id="NGCWILDHD">NGCWILDHD</channel>
    <channel update="i" site="nos.pt" site_id="70" xmltv_id="TRAVELHD">TRAVELHD</channel>
    <channel update="i" site="nos.pt" site_id="167" xmltv_id="ZENNATUR">ZENNATUR</channel>
    <channel update="i" site="nos.pt" site_id="168" xmltv_id="ZENMUSIC">ZENMUSIC</channel>
    <channel update="i" site="nos.pt" site_id="169" xmltv_id="ZENCOACH">ZENCOACH</channel>
    <channel update="i" site="nos.pt" site_id="10" xmltv_id="EUROS">EUROS</channel>
    <channel update="i" site="nos.pt" site_id="127" xmltv_id="EUROS2">EUROS2</channel>
    <channel update="i" site="nos.pt" site_id="79" xmltv_id="EPNS">EPNS</channel>
    <channel update="i" site="nos.pt" site_id="78" xmltv_id="Ext_Spt">Ext_Spt</channel>
    <channel update="i" site="nos.pt" site_id="178" xmltv_id="NBA">NBA</channel>
    <channel update="i" site="nos.pt" site_id="233" xmltv_id="WOOHOO">WOOHOO</channel>
    <channel update="i" site="nos.pt" site_id="221" xmltv_id="GINX">GINX</channel>
    <channel update="i" site="nos.pt" site_id="181" xmltv_id="BOIS">BOIS</channel>
    <channel update="i" site="nos.pt" site_id="129" xmltv_id="CACAPESCA">CACAPESCA</channel>
    <channel update="i" site="nos.pt" site_id="145" xmltv_id="EurosportHD">EurosportHD</channel>
    <channel update="i" site="nos.pt" site_id="72" xmltv_id="FUELHD">FUELHD</channel>
    <channel update="i" site="nos.pt" site_id="182" xmltv_id="BOISHD">BOISHD</channel>
    <channel update="i" site="nos.pt" site_id="60" xmltv_id="OUTDOORHD">OUTDOORHD</channel>
    <channel update="i" site="nos.pt" site_id="67" xmltv_id="TRACESPORTSHD">TRACESPORTSHD</channel>
    <channel update="i" site="nos.pt" site_id="196" xmltv_id="NBAHD">NBAHD</channel>
    <channel update="i" site="nos.pt" site_id="236" xmltv_id="FIGHTHD">FIGHTHD</channel>
    <channel update="i" site="nos.pt" site_id="91" xmltv_id="MTVMUS">MTVMUS</channel>
    <channel update="i" site="nos.pt" site_id="90" xmltv_id="MTVROCKS">MTVROCKS</channel>
    <channel update="i" site="nos.pt" site_id="92" xmltv_id="MTVDance">MTVDance</channel>
    <channel update="i" site="nos.pt" site_id="35" xmltv_id="VH1">VH1</channel>
    <channel update="i" site="nos.pt" site_id="93" xmltv_id="VH1Classic">VH1Classic</channel>
    <channel update="i" site="nos.pt" site_id="34" xmltv_id="MCM">MCM</channel>
    <channel update="i" site="nos.pt" site_id="50" xmltv_id="MEZZO">MEZZO</channel>
    <channel update="i" site="nos.pt" site_id="133" xmltv_id="MVM">MVM</channel>
    <channel update="i" site="nos.pt" site_id="162" xmltv_id="BRAVAHD">BRAVAHD</channel>
    <channel update="i" site="nos.pt" site_id="42" xmltv_id="iconcertshd">iconcertshd</channel>
    <channel update="i" site="nos.pt" site_id="65" xmltv_id="TRACEURBANHD">TRACEURBANHD</channel>
    <channel update="i" site="nos.pt" site_id="111" xmltv_id="TVGLOBO">TVGLOBO</channel>
    <channel update="i" site="nos.pt" site_id="101" xmltv_id="TVR">TVR</channel>
    <channel update="i" site="nos.pt" site_id="30" xmltv_id="RECORDNEWS">RECORDNEWS</channel>
    <channel update="i" site="nos.pt" site_id="112" xmltv_id="PFC">PFC</channel>
    <channel update="i" site="nos.pt" site_id="185" xmltv_id="TVMUNDIAL">TVMUNDIAL</channel>
    <channel update="i" site="nos.pt" site_id="350" xmltv_id="TVRHD">TVRHD</channel>
    <channel update="i" site="nos.pt" site_id="58" xmltv_id="C180">C180</channel>
    <channel update="i" site="nos.pt" site_id="142" xmltv_id="CANCAONOVA">CANCAONOVA</channel>
    <channel update="i" site="nos.pt" site_id="27" xmltv_id="RTPA">RTPA</channel>
    <channel update="i" site="nos.pt" site_id="138" xmltv_id="TPA">TPA</channel>
    <channel update="i" site="nos.pt" site_id="237" xmltv_id="TCVINT">TCVINT</channel>
    <channel update="i" site="nos.pt" site_id="343" xmltv_id="STVNOTICIAS">STVNOTICIAS</channel>
    <channel update="i" site="nos.pt" site_id="149" xmltv_id="RNTV">RNTV</channel>
    <channel update="i" site="nos.pt" site_id="229" xmltv_id="LOCALVISAOTVHD">LOCALVISAOTVHD</channel>
    <channel update="i" site="nos.pt" site_id="184" xmltv_id="ECONOMICOTVHD">ECONOMICOTVHD</channel>
    <channel update="i" site="nos.pt" site_id="139" xmltv_id="RTPHD">RTPHD</channel>
    <channel update="i" site="nos.pt" site_id="55" xmltv_id="RAINEWS">RAINEWS</channel>
    <channel update="i" site="nos.pt" site_id="25" xmltv_id="EURON">EURON</channel>
    <channel update="i" site="nos.pt" site_id="26" xmltv_id="CNN">CNN</channel>
    <channel update="i" site="nos.pt" site_id="39" xmltv_id="SKYN">SKYN</channel>
    <channel update="i" site="nos.pt" site_id="45" xmltv_id="BBCW">BBCW</channel>
    <channel update="i" site="nos.pt" site_id="108" xmltv_id="JAZEERA">JAZEERA</channel>
    <channel update="i" site="nos.pt" site_id="109" xmltv_id="FRANCE24">FRANCE24</channel>
    <channel update="i" site="nos.pt" site_id="132" xmltv_id="FRANCE24FR">FRANCE24FR</channel>
    <channel update="i" site="nos.pt" site_id="52" xmltv_id="CNBC">CNBC</channel>
    <channel update="i" site="nos.pt" site_id="44" xmltv_id="BLOOM">BLOOM</channel>
    <channel update="i" site="nos.pt" site_id="172" xmltv_id="TVE24">TVE24</channel>
    <channel update="i" site="nos.pt" site_id="120" xmltv_id="PHOEINFO">PHOEINFO</channel>
    <channel update="i" site="nos.pt" site_id="165" xmltv_id="RUSSIAT">RUSSIAT</channel>
    <channel update="i" site="nos.pt" site_id="29" xmltv_id="PRESS">PRESS</channel>
    <channel update="i" site="nos.pt" site_id="46" xmltv_id="NHK">NHK</channel>
    <channel update="i" site="nos.pt" site_id="49" xmltv_id="PARLA">PARLA</channel>
    <channel update="i" site="nos.pt" site_id="54" xmltv_id="TVGALIZA">TVGALIZA</channel>
    <channel update="i" site="nos.pt" site_id="48" xmltv_id="TVEINT">TVEINT</channel>
    <channel update="i" site="nos.pt" site_id="121" xmltv_id="CUBAVINT">CUBAVINT</channel>
    <channel update="i" site="nos.pt" site_id="33" xmltv_id="TELESUR">TELESUR</channel>
    <channel update="i" site="nos.pt" site_id="15" xmltv_id="VTV">VTV</channel>
    <channel update="i" site="nos.pt" site_id="37" xmltv_id="M6">M6</channel>
    <channel update="i" site="nos.pt" site_id="53" xmltv_id="TV5">TV5</channel>
    <channel update="i" site="nos.pt" site_id="41" xmltv_id="ARTE">ARTE</channel>
    <channel update="i" site="nos.pt" site_id="28" xmltv_id="BVN">BVN</channel>
    <channel update="i" site="nos.pt" site_id="40" xmltv_id="RTL">RTL</channel>
    <channel update="i" site="nos.pt" site_id="115" xmltv_id="DTSWELLE">DTSWELLE</channel>
    <channel update="i" site="nos.pt" site_id="117" xmltv_id="RTRPLNET">RTRPLNET</channel>
    <channel update="i" site="nos.pt" site_id="123" xmltv_id="TVRI">TVRI</channel>
    <channel update="i" site="nos.pt" site_id="124" xmltv_id="TVBLGARIA">TVBLGARIA</channel>
    <channel update="i" site="nos.pt" site_id="24" xmltv_id="1MAIS1">1MAIS1</channel>
    <channel update="i" site="nos.pt" site_id="119" xmltv_id="PHOECNE">PHOECNE</channel>
    <channel update="i" site="nos.pt" site_id="234" xmltv_id="KBSWORLDHD">KBSWORLDHD</channel>
    <channel update="i" site="nos.pt" site_id="144" xmltv_id="SETA">SETA</channel>
    <channel update="i" site="nos.pt" site_id="143" xmltv_id="MAX">MAX</channel>
    <channel update="i" site="nos.pt" site_id="57" xmltv_id="ZEETV">ZEETV</channel>
    <channel update="i" site="nos.pt" site_id="171" xmltv_id="HOT">HOT</channel>
    <channel update="i" site="nos.pt" site_id="222" xmltv_id="HOTHD">HOTHD</channel>
    <channel update="i" site="nos.pt" site_id="11" xmltv_id="PLBOY">PLBOY</channel>
    <channel update="i" site="nos.pt" site_id="69" xmltv_id="PLBOYHD">PLBOYHD</channel>
    <channel update="i" site="nos.pt" site_id="4" xmltv_id="DEMOIRIS">DEMOIRIS</channel>
  </channels>
</site>