﻿<?xml version="1.0" encoding="UTF-8"?>
<site generator-info-name="WebGrab+Plus/w MDB &amp; REX Postprocess -- version 1.1.1/55.05 -- Jan van Straaten" site="tv.mail.ru">
  <channels>
    <channel update="i" site="tv.mail.ru" site_id="1575" xmltv_id="1_kanal">1_kanal</channel>
    <channel update="i" site="tv.mail.ru" site_id="1488" xmltv_id="rtvi">rtvi</channel>
    <channel update="i" site="tv.mail.ru" site_id="1438" xmltv_id="ntv_mir">ntv_mir</channel>
    <channel update="i" site="tv.mail.ru" site_id="1670" xmltv_id="otp">otp</channel>
    <channel update="i" site="tv.mail.ru" site_id="913" xmltv_id="sts">sts</channel>
    <channel update="i" site="tv.mail.ru" site_id="1467" xmltv_id="tvc">tvc</channel>
    <channel update="i" site="tv.mail.ru" site_id="1621" xmltv_id="rtr">rtr</channel>
    <channel update="i" site="tv.mail.ru" site_id="1464" xmltv_id="carusel">carusel</channel>
    <channel update="i" site="tv.mail.ru" site_id="1717" xmltv_id="8 Канал">8 Канал</channel>
    <channel update="i" site="tv.mail.ru" site_id="1809" xmltv_id="id_x">id_x</channel>
    <channel update="i" site="tv.mail.ru" site_id="1800" xmltv_id="sts_love">sts_love</channel>
    <channel update="i" site="tv.mail.ru" site_id="1566" xmltv_id="a_mediaII">a_mediaII</channel>
    <channel update="i" site="tv.mail.ru" site_id="1718" xmltv_id="a_media">a_media</channel>
    <channel update="i" site="tv.mail.ru" site_id="1801" xmltv_id="tri_angela">tri_angela</channel>
    <channel update="i" site="tv.mail.ru" site_id="1669" xmltv_id="evrokino">evrokino</channel>
    <channel update="i" site="tv.mail.ru" site_id="1269" xmltv_id="tv21">tv21</channel>
    <channel update="i" site="tv.mail.ru" site_id="1004" xmltv_id="russky_illusion">russky_illusion</channel>
    <channel update="i" site="tv.mail.ru" site_id="1213" xmltv_id="kinolux">kinolux</channel>
    <channel update="i" site="tv.mail.ru" site_id="1007" xmltv_id="illusion_plus">illusion_plus</channel>
    <channel update="i" site="tv.mail.ru" site_id="1219" xmltv_id="nostalgia">nostalgia</channel>
    <channel update="i" site="tv.mail.ru" site_id="775" xmltv_id="tlc">tlc</channel>
    <channel update="i" site="tv.mail.ru" site_id="1010" xmltv_id="fenixplus">fenixplus</channel>
    <channel update="i" site="tv.mail.ru" site_id="1241" xmltv_id="kinohit">kinohit</channel>
    <channel update="i" site="tv.mail.ru" site_id="787" xmltv_id="tv_1000_action">tv_1000_action</channel>
    <channel update="i" site="tv.mail.ru" site_id="1027" xmltv_id="fox">fox</channel>
    <channel update="i" site="tv.mail.ru" site_id="1249" xmltv_id="sony_sci_fi">sony_sci_fi</channel>
    <channel update="i" site="tv.mail.ru" site_id="796" xmltv_id="tv_1000">tv_1000</channel>
    <channel update="i" site="tv.mail.ru" site_id="1038" xmltv_id="vh1classic">vh1classic</channel>
    <channel update="i" site="tv.mail.ru" site_id="1258" xmltv_id="premera">premera</channel>
    <channel update="i" site="tv.mail.ru" site_id="1050" xmltv_id="telecafe">telecafe</channel>
    <channel update="i" site="tv.mail.ru" site_id="1262" xmltv_id="lubimoe_kino">lubimoe_kino</channel>
    <channel update="i" site="tv.mail.ru" site_id="814" xmltv_id="nashe_novoe_kino">nashe_novoe_kino</channel>
    <channel update="i" site="tv.mail.ru" site_id="1082" xmltv_id="teleklub">teleklub</channel>
    <channel update="i" site="tv.mail.ru" site_id="838" xmltv_id="mnogo">mnogo</channel>
    <channel update="i" site="tv.mail.ru" site_id="1083" xmltv_id="comediatv">comediatv</channel>
    <channel update="i" site="tv.mail.ru" site_id="1314" xmltv_id="kinosouz">kinosouz</channel>
    <channel update="i" site="tv.mail.ru" site_id="1085" xmltv_id="sony_3d">sony_3d</channel>
    <channel update="i" site="tv.mail.ru" site_id="1342" xmltv_id="rtvi_nashe_kino">rtvi_nashe_kino</channel>
    <channel update="i" site="tv.mail.ru" site_id="889" xmltv_id="retrotv">retrotv</channel>
    <channel update="i" site="tv.mail.ru" site_id="1097" xmltv_id="zeetv">zeetv</channel>
    <channel update="i" site="tv.mail.ru" site_id="1367" xmltv_id="rusbestseller">rusbestseller</channel>
    <channel update="i" site="tv.mail.ru" site_id="907" xmltv_id="mgm">mgm</channel>
    <channel update="i" site="tv.mail.ru" site_id="1103" xmltv_id="nashe_kino">nashe_kino</channel>
    <channel update="i" site="tv.mail.ru" site_id="1397" xmltv_id="russkiy_roman_new">russkiy_roman_new</channel>
    <channel update="i" site="tv.mail.ru" site_id="921" xmltv_id="kinopokaz">kinopokaz</channel>
    <channel update="i" site="tv.mail.ru" site_id="1134" xmltv_id="kinolux">kinolux</channel>
    <channel update="i" site="tv.mail.ru" site_id="1399" xmltv_id="24doc">24doc</channel>
    <channel update="i" site="tv.mail.ru" site_id="929" xmltv_id="nst">nst</channel>
    <channel update="i" site="tv.mail.ru" site_id="1138" xmltv_id="universal">universal</channel>
    <channel update="i" site="tv.mail.ru" site_id="1503" xmltv_id="sonyturbo">sonyturbo</channel>
    <channel update="i" site="tv.mail.ru" site_id="945" xmltv_id="foxlife">foxlife</channel>
    <channel update="i" site="tv.mail.ru" site_id="1144" xmltv_id="tv_1000_russkoe_kino">tv_1000_russkoe_kino</channel>
    <channel update="i" site="tv.mail.ru" site_id="1504" xmltv_id="cbs">cbs</channel>
    <channel update="i" site="tv.mail.ru" site_id="958" xmltv_id="strana_tv">strana_tv</channel>
    <channel update="i" site="tv.mail.ru" site_id="1159" xmltv_id="kinoklub">kinoklub</channel>
    <channel update="i" site="tv.mail.ru" site_id="974" xmltv_id="mir_serialov">mir_serialov</channel>
    <channel update="i" site="tv.mail.ru" site_id="1201" xmltv_id="dom_kino">dom_kino</channel>
    <channel update="i" site="tv.mail.ru" site_id="808" xmltv_id="paramount_comedy">paramount_comedy</channel>
    <channel update="i" site="tv.mail.ru" site_id="1780" xmltv_id="paramount_channel">paramount_channel</channel>
    <channel update="i" site="tv.mail.ru" site_id="1750" xmltv_id="Первый лучшее">Первый лучшее</channel>
    <channel update="i" site="tv.mail.ru" site_id="1751" xmltv_id="Первый документальный">Первый документальный</channel>
    <channel update="i" site="tv.mail.ru" site_id="1558" xmltv_id="devjatyj_krasnodar">devjatyj_krasnodar</channel>
    <channel update="i" site="tv.mail.ru" site_id="1766" xmltv_id="Хорошее кино">Хорошее кино</channel>
    <channel update="i" site="tv.mail.ru" site_id="1732" xmltv_id="jstv">jstv</channel>
    <channel update="i" site="tv.mail.ru" site_id="1794" xmltv_id="russkiy_detektiv">russkiy_detektiv</channel>
    <channel update="i" site="tv.mail.ru" site_id="1834" xmltv_id="RTД">RTД</channel>
    <channel update="i" site="tv.mail.ru" site_id="1653" xmltv_id="kino_tv">kino_tv</channel>
    <channel update="i" site="tv.mail.ru" site_id="780" xmltv_id="sport-1-russia">sport-1-russia</channel>
    <channel update="i" site="tv.mail.ru" site_id="1350" xmltv_id="abmoteurs">abmoteurs</channel>
    <channel update="i" site="tv.mail.ru" site_id="788" xmltv_id="sport-1-russia">sport-1-russia</channel>
    <channel update="i" site="tv.mail.ru" site_id="1405" xmltv_id="football">football</channel>
    <channel update="i" site="tv.mail.ru" site_id="1417" xmltv_id="sportsouz">sportsouz</channel>
    <channel update="i" site="tv.mail.ru" site_id="864" xmltv_id="football">football</channel>
    <channel update="i" site="tv.mail.ru" site_id="1607" xmltv_id="eurosport">eurosport</channel>
    <channel update="i" site="tv.mail.ru" site_id="905" xmltv_id="khl">khl</channel>
    <channel update="i" site="tv.mail.ru" site_id="1620" xmltv_id="boiclub">boiclub</channel>
    <channel update="i" site="tv.mail.ru" site_id="980" xmltv_id="futbol">futbol</channel>
    <channel update="i" site="tv.mail.ru" site_id="985" xmltv_id="ntv-plus-sport">ntv-plus-sport</channel>
    <channel update="i" site="tv.mail.ru" site_id="988" xmltv_id="basketball">basketball</channel>
    <channel update="i" site="tv.mail.ru" site_id="1066" xmltv_id="extreme_tv">extreme_tv</channel>
    <channel update="i" site="tv.mail.ru" site_id="1143" xmltv_id="boets">boets</channel>
    <channel update="i" site="tv.mail.ru" site_id="1234" xmltv_id="eurosport_2">eurosport_2</channel>
    <channel update="i" site="tv.mail.ru" site_id="1235" xmltv_id="ntv-plus-sport">ntv-plus-sport</channel>
    <channel update="i" site="tv.mail.ru" site_id="1246" xmltv_id="nashfut">nashfut</channel>
    <channel update="i" site="tv.mail.ru" site_id="1268" xmltv_id="ntv-plus-sport">ntv-plus-sport</channel>
    <channel update="i" site="tv.mail.ru" site_id="713" xmltv_id="eurosport">eurosport</channel>
    <channel update="i" site="tv.mail.ru" site_id="742" xmltv_id="russian_extrim">russian_extrim</channel>
    <channel update="i" site="tv.mail.ru" site_id="1321" xmltv_id="ntv-plus-tennis">ntv-plus-tennis</channel>
    <channel update="i" site="tv.mail.ru" site_id="1721" xmltv_id="nautical">nautical</channel>
    <channel update="i" site="tv.mail.ru" site_id="1782" xmltv_id="viasat_golf">viasat_golf</channel>
    <channel update="i" site="tv.mail.ru" site_id="1300" xmltv_id="viasat-sport">viasat-sport</channel>
    <channel update="i" site="tv.mail.ru" site_id="1851" xmltv_id="БоксТВ">БоксТВ</channel>
    <channel update="i" site="tv.mail.ru" site_id="1810" xmltv_id="sporthit">sporthit</channel>
    <channel update="i" site="tv.mail.ru" site_id="1329" xmltv_id="russia_24">russia_24</channel>
    <channel update="i" site="tv.mail.ru" site_id="1126" xmltv_id="rbk">rbk</channel>
    <channel update="i" site="tv.mail.ru" site_id="1790" xmltv_id="lifenews">lifenews</channel>
    <channel update="i" site="tv.mail.ru" site_id="1420" xmltv_id="france24">france24</channel>
    <channel update="i" site="tv.mail.ru" site_id="1478" xmltv_id="invamediatv">invamediatv</channel>
    <channel update="i" site="tv.mail.ru" site_id="1499" xmltv_id="bbc_wn">bbc_wn</channel>
    <channel update="i" site="tv.mail.ru" site_id="1610" xmltv_id="nhkworld">nhkworld</channel>
    <channel update="i" site="tv.mail.ru" site_id="1622" xmltv_id="cnn">cnn</channel>
    <channel update="i" site="tv.mail.ru" site_id="1623" xmltv_id="kommersant_tv">kommersant_tv</channel>
    <channel update="i" site="tv.mail.ru" site_id="1136" xmltv_id="dojd">dojd</channel>
    <channel update="i" site="tv.mail.ru" site_id="1626" xmltv_id="komsomolskaya_pravda">komsomolskaya_pravda</channel>
    <channel update="i" site="tv.mail.ru" site_id="1141" xmltv_id="vremya">vremya</channel>
    <channel update="i" site="tv.mail.ru" site_id="1197" xmltv_id="rustoday">rustoday</channel>
    <channel update="i" site="tv.mail.ru" site_id="1204" xmltv_id="france24">france24</channel>
    <channel update="i" site="tv.mail.ru" site_id="1243" xmltv_id="tv5">tv5</channel>
    <channel update="i" site="tv.mail.ru" site_id="726" xmltv_id="bloomberg">bloomberg</channel>
    <channel update="i" site="tv.mail.ru" site_id="1352" xmltv_id="bbc">bbc</channel>
    <channel update="i" site="tv.mail.ru" site_id="1380" xmltv_id="bbc_wn">bbc_wn</channel>
    <channel update="i" site="tv.mail.ru" site_id="781" xmltv_id="biznespro">biznespro</channel>
    <channel update="i" site="tv.mail.ru" site_id="835" xmltv_id="cnn">cnn</channel>
    <channel update="i" site="tv.mail.ru" site_id="900" xmltv_id="newsone">newsone</channel>
    <channel update="i" site="tv.mail.ru" site_id="944" xmltv_id="dw">dw</channel>
    <channel update="i" site="tv.mail.ru" site_id="1525" xmltv_id="dw">dw</channel>
    <channel update="i" site="tv.mail.ru" site_id="1075" xmltv_id="euronews">euronews</channel>
    <channel update="i" site="tv.mail.ru" site_id="1115" xmltv_id="cnbc">cnbc</channel>
    <channel update="i" site="tv.mail.ru" site_id="717" xmltv_id="mir">mir</channel>
    <channel update="i" site="tv.mail.ru" site_id="1827" xmltv_id="mir24">mir24</channel>
    <channel update="i" site="tv.mail.ru" site_id="996" xmltv_id="cp_info">cp_info</channel>
    <channel update="i" site="tv.mail.ru" site_id="1384" xmltv_id="tro">tro</channel>
    <channel update="i" site="tv.mail.ru" site_id="739" xmltv_id="meteo1">meteo1</channel>
    <channel update="i" site="tv.mail.ru" site_id="1813" xmltv_id="vmeste-rf">vmeste-rf</channel>
    <channel update="i" site="tv.mail.ru" site_id="1658" xmltv_id="rtd">rtd</channel>
    <channel update="i" site="tv.mail.ru" site_id="1747" xmltv_id="rustoday">rustoday</channel>
    <channel update="i" site="tv.mail.ru" site_id="1633" xmltv_id="rzhd">rzhd</channel>
    <channel update="i" site="tv.mail.ru" site_id="1727" xmltv_id="История">История</channel>
    <channel update="i" site="tv.mail.ru" site_id="1174" xmltv_id="tnv">tnv</channel>
    <channel update="i" site="tv.mail.ru" site_id="1229" xmltv_id="davinci">davinci</channel>
    <channel update="i" site="tv.mail.ru" site_id="1291" xmltv_id="discovery">discovery</channel>
    <channel update="i" site="tv.mail.ru" site_id="1309" xmltv_id="oceantv">oceantv</channel>
    <channel update="i" site="tv.mail.ru" site_id="1334" xmltv_id="moyz_planeta">moyz_planeta</channel>
    <channel update="i" site="tv.mail.ru" site_id="736" xmltv_id="viasat_history">viasat_history</channel>
    <channel update="i" site="tv.mail.ru" site_id="1340" xmltv_id="zoopark">zoopark</channel>
    <channel update="i" site="tv.mail.ru" site_id="743" xmltv_id="discovery">discovery</channel>
    <channel update="i" site="tv.mail.ru" site_id="1343" xmltv_id="englishclubtv">englishclubtv</channel>
    <channel update="i" site="tv.mail.ru" site_id="800" xmltv_id="viasat_explore">viasat_explore</channel>
    <channel update="i" site="tv.mail.ru" site_id="1413" xmltv_id="encyclo">encyclo</channel>
    <channel update="i" site="tv.mail.ru" site_id="888" xmltv_id="science_2">science_2</channel>
    <channel update="i" site="tv.mail.ru" site_id="1429" xmltv_id="tnv_planeta">tnv_planeta</channel>
    <channel update="i" site="tv.mail.ru" site_id="1462" xmltv_id="viasat_history">viasat_history</channel>
    <channel update="i" site="tv.mail.ru" site_id="933" xmltv_id="discovery">discovery</channel>
    <channel update="i" site="tv.mail.ru" site_id="1519" xmltv_id="discovery">discovery</channel>
    <channel update="i" site="tv.mail.ru" site_id="992" xmltv_id="24techno">24techno</channel>
    <channel update="i" site="tv.mail.ru" site_id="1520" xmltv_id="Galaxy TV">Galaxy TV</channel>
    <channel update="i" site="tv.mail.ru" site_id="994" xmltv_id="zoo_tv">zoo_tv</channel>
    <channel update="i" site="tv.mail.ru" site_id="1612" xmltv_id="nanotv">nanotv</channel>
    <channel update="i" site="tv.mail.ru" site_id="1624" xmltv_id="gstv">gstv</channel>
    <channel update="i" site="tv.mail.ru" site_id="1064" xmltv_id="voprotvet">voprotvet</channel>
    <channel update="i" site="tv.mail.ru" site_id="1173" xmltv_id="animal-planet">animal-planet</channel>
    <channel update="i" site="tv.mail.ru" site_id="1042" xmltv_id="1_obrozovatelniy">1_obrozovatelniy</channel>
    <channel update="i" site="tv.mail.ru" site_id="1799" xmltv_id="history">history</channel>
    <channel update="i" site="tv.mail.ru" site_id="1812" xmltv_id="konferentsiya_tv">konferentsiya_tv</channel>
    <channel update="i" site="tv.mail.ru" site_id="715" xmltv_id="vh1europe">vh1europe</channel>
    <channel update="i" site="tv.mail.ru" site_id="1716" xmltv_id="dancet_tv">dancet_tv</channel>
    <channel update="i" site="tv.mail.ru" site_id="1739" xmltv_id="mtv">mtv</channel>
    <channel update="i" site="tv.mail.ru" site_id="1129" xmltv_id="shanson">shanson</channel>
    <channel update="i" site="tv.mail.ru" site_id="718" xmltv_id="mtvhits">mtvhits</channel>
    <channel update="i" site="tv.mail.ru" site_id="1179" xmltv_id="sarafan">sarafan</channel>
    <channel update="i" site="tv.mail.ru" site_id="810" xmltv_id="mcmtop">mcmtop</channel>
    <channel update="i" site="tv.mail.ru" site_id="1182" xmltv_id="mezzo">mezzo</channel>
    <channel update="i" site="tv.mail.ru" site_id="822" xmltv_id="rusongtv">rusongtv</channel>
    <channel update="i" site="tv.mail.ru" site_id="1185" xmltv_id="aone">aone</channel>
    <channel update="i" site="tv.mail.ru" site_id="834" xmltv_id="musictv">musictv</channel>
    <channel update="i" site="tv.mail.ru" site_id="1240" xmltv_id="mcmpop">mcmpop</channel>
    <channel update="i" site="tv.mail.ru" site_id="853" xmltv_id="bridgetv">bridgetv</channel>
    <channel update="i" site="tv.mail.ru" site_id="1289" xmltv_id="mtvrocks">mtvrocks</channel>
    <channel update="i" site="tv.mail.ru" site_id="855" xmltv_id="worldmusch">worldmusch</channel>
    <channel update="i" site="tv.mail.ru" site_id="1346" xmltv_id="rutv">rutv</channel>
    <channel update="i" site="tv.mail.ru" site_id="901" xmltv_id="laminortv">laminortv</channel>
    <channel update="i" site="tv.mail.ru" site_id="1449" xmltv_id="remusic">remusic</channel>
    <channel update="i" site="tv.mail.ru" site_id="942" xmltv_id="o_2">o_2</channel>
    <channel update="i" site="tv.mail.ru" site_id="1484" xmltv_id="mtv">mtv</channel>
    <channel update="i" site="tv.mail.ru" site_id="953" xmltv_id="rapru">rapru</channel>
    <channel update="i" site="tv.mail.ru" site_id="1570" xmltv_id="iconcertshd">iconcertshd</channel>
    <channel update="i" site="tv.mail.ru" site_id="1040" xmltv_id="biztv">biztv</channel>
    <channel update="i" site="tv.mail.ru" site_id="1585" xmltv_id="mtv">mtv</channel>
    <channel update="i" site="tv.mail.ru" site_id="1057" xmltv_id="musbox">musbox</channel>
    <channel update="i" site="tv.mail.ru" site_id="1611" xmltv_id="tracetv">tracetv</channel>
    <channel update="i" site="tv.mail.ru" site_id="1104" xmltv_id="music_1">music_1</channel>
    <channel update="i" site="tv.mail.ru" site_id="1105" xmltv_id="mtvdance">mtvdance</channel>
    <channel update="i" site="tv.mail.ru" site_id="1111" xmltv_id="muztv">muztv</channel>
    <channel update="i" site="tv.mail.ru" site_id="1127" xmltv_id="musbox">musbox</channel>
    <channel update="i" site="tv.mail.ru" site_id="1831" xmltv_id="topsong_tv">topsong_tv</channel>
    <channel update="i" site="tv.mail.ru" site_id="1660" xmltv_id="evropa_pljus_tv">evropa_pljus_tv</channel>
    <channel update="i" site="tv.mail.ru" site_id="1707" xmltv_id="Travel+Adventure">Travel+Adventure</channel>
    <channel update="i" site="tv.mail.ru" site_id="927" xmltv_id="uspekh">uspekh</channel>
    <channel update="i" site="tv.mail.ru" site_id="943" xmltv_id="luxtvhd">luxtvhd</channel>
    <channel update="i" site="tv.mail.ru" site_id="1296" xmltv_id="outdoorchanel">outdoorchanel</channel>
    <channel update="i" site="tv.mail.ru" site_id="1498" xmltv_id="tv_mall">tv_mall</channel>
    <channel update="i" site="tv.mail.ru" site_id="1307" xmltv_id="oruzie">oruzie</channel>
    <channel update="i" site="tv.mail.ru" site_id="1507" xmltv_id="dommag">dommag</channel>
    <channel update="i" site="tv.mail.ru" site_id="952" xmltv_id="agrotv">agrotv</channel>
    <channel update="i" site="tv.mail.ru" site_id="1510" xmltv_id="motorstv">motorstv</channel>
    <channel update="i" site="tv.mail.ru" site_id="957" xmltv_id="amazinglife">amazinglife</channel>
    <channel update="i" site="tv.mail.ru" site_id="1528" xmltv_id="cctv">cctv</channel>
    <channel update="i" site="tv.mail.ru" site_id="1353" xmltv_id="ohota_i_ribalka">ohota_i_ribalka</channel>
    <channel update="i" site="tv.mail.ru" site_id="1356" xmltv_id="russia_travel_guide">russia_travel_guide</channel>
    <channel update="i" site="tv.mail.ru" site_id="1561" xmltv_id="egoisttv">egoisttv</channel>
    <channel update="i" site="tv.mail.ru" site_id="1567" xmltv_id="teatr">teatr</channel>
    <channel update="i" site="tv.mail.ru" site_id="1574" xmltv_id="stilmoda">stilmoda</channel>
    <channel update="i" site="tv.mail.ru" site_id="1195" xmltv_id="zagorodny">zagorodny</channel>
    <channel update="i" site="tv.mail.ru" site_id="1377" xmltv_id="turinfo">turinfo</channel>
    <channel update="i" site="tv.mail.ru" site_id="1218" xmltv_id="mantv">mantv</channel>
    <channel update="i" site="tv.mail.ru" site_id="1379" xmltv_id="vsegdatv">vsegdatv</channel>
    <channel update="i" site="tv.mail.ru" site_id="1628" xmltv_id="cbsreal">cbsreal</channel>
    <channel update="i" site="tv.mail.ru" site_id="1244" xmltv_id="zdorovoe">zdorovoe</channel>
    <channel update="i" site="tv.mail.ru" site_id="1382" xmltv_id="tvsale">tvsale</channel>
    <channel update="i" site="tv.mail.ru" site_id="1254" xmltv_id="nedvijimost">nedvijimost</channel>
    <channel update="i" site="tv.mail.ru" site_id="1396" xmltv_id="drive">drive</channel>
    <channel update="i" site="tv.mail.ru" site_id="1433" xmltv_id="prosveshenietv">prosveshenietv</channel>
    <channel update="i" site="tv.mail.ru" site_id="919" xmltv_id="eda">eda</channel>
    <channel update="i" site="tv.mail.ru" site_id="1441" xmltv_id="ttc">ttc</channel>
    <channel update="i" site="tv.mail.ru" site_id="924" xmltv_id="usadba">usadba</channel>
    <channel update="i" site="tv.mail.ru" site_id="1282" xmltv_id="fashion_tv">fashion_tv</channel>
    <channel update="i" site="tv.mail.ru" site_id="1477" xmltv_id="fone">fone</channel>
    <channel update="i" site="tv.mail.ru" site_id="1092" xmltv_id="psixologiya">psixologiya</channel>
    <channel update="i" site="tv.mail.ru" site_id="1094" xmltv_id="kuhny">kuhny</channel>
    <channel update="i" site="tv.mail.ru" site_id="714" xmltv_id="fln">fln</channel>
    <channel update="i" site="tv.mail.ru" site_id="1096" xmltv_id="topshoptv">topshoptv</channel>
    <channel update="i" site="tv.mail.ru" site_id="729" xmltv_id="ohotnik_i_ribolov">ohotnik_i_ribolov</channel>
    <channel update="i" site="tv.mail.ru" site_id="1122" xmltv_id="auto_plus">auto_plus</channel>
    <channel update="i" site="tv.mail.ru" site_id="744" xmltv_id="shopping_live">shopping_live</channel>
    <channel update="i" site="tv.mail.ru" site_id="1140" xmltv_id="styletv">styletv</channel>
    <channel update="i" site="tv.mail.ru" site_id="761" xmltv_id="tonus">tonus</channel>
    <channel update="i" site="tv.mail.ru" site_id="975" xmltv_id="365days">365days</channel>
    <channel update="i" site="tv.mail.ru" site_id="763" xmltv_id="teleputeshestvia">teleputeshestvia</channel>
    <channel update="i" site="tv.mail.ru" site_id="792" xmltv_id="wftv">wftv</channel>
    <channel update="i" site="tv.mail.ru" site_id="1002" xmltv_id="zagorodny">zagorodny</channel>
    <channel update="i" site="tv.mail.ru" site_id="1193" xmltv_id="spas">spas</channel>
    <channel update="i" site="tv.mail.ru" site_id="801" xmltv_id="stv">stv</channel>
    <channel update="i" site="tv.mail.ru" site_id="1003" xmltv_id="travelch">travelch</channel>
    <channel update="i" site="tv.mail.ru" site_id="833" xmltv_id="india">india</channel>
    <channel update="i" site="tv.mail.ru" site_id="1008" xmltv_id="sovershenno_secretno">sovershenno_secretno</channel>
    <channel update="i" site="tv.mail.ru" site_id="868" xmltv_id="ktoestkto">ktoestkto</channel>
    <channel update="i" site="tv.mail.ru" site_id="1014" xmltv_id="raztv">raztv</channel>
    <channel update="i" site="tv.mail.ru" site_id="1019" xmltv_id="muzhskoi">muzhskoi</channel>
    <channel update="i" site="tv.mail.ru" site_id="911" xmltv_id="zhivi">zhivi</channel>
    <channel update="i" site="tv.mail.ru" site_id="1023" xmltv_id="tv_club">tv_club</channel>
    <channel update="i" site="tv.mail.ru" site_id="1073" xmltv_id="interesnoetv">interesnoetv</channel>
    <channel update="i" site="tv.mail.ru" site_id="961" xmltv_id="tv_arm_ru">tv_arm_ru</channel>
    <channel update="i" site="tv.mail.ru" site_id="896" xmltv_id="soyuz">soyuz</channel>
    <channel update="i" site="tv.mail.ru" site_id="1714" xmltv_id="Теледом">Теледом</channel>
    <channel update="i" site="tv.mail.ru" site_id="950" xmltv_id="humor">humor</channel>
    <channel update="i" site="tv.mail.ru" site_id="990" xmltv_id="tnt_comedy">tnt_comedy</channel>
    <channel update="i" site="tv.mail.ru" site_id="1255" xmltv_id="tdk">tdk</channel>
    <channel update="i" site="tv.mail.ru" site_id="1024" xmltv_id="e_russian">e_russian</channel>
    <channel update="i" site="tv.mail.ru" site_id="1333" xmltv_id="domzhiv">domzhiv</channel>
    <channel update="i" site="tv.mail.ru" site_id="1151" xmltv_id="discovery">discovery</channel>
    <channel update="i" site="tv.mail.ru" site_id="1362" xmltv_id="viasat_nature">viasat_nature</channel>
    <channel update="i" site="tv.mail.ru" site_id="1063" xmltv_id="ngeo">ngeo</channel>
    <channel update="i" site="tv.mail.ru" site_id="1266" xmltv_id="national_geographic">national_geographic</channel>
    <channel update="i" site="tv.mail.ru" site_id="1366" xmltv_id="mid">mid</channel>
    <channel update="i" site="tv.mail.ru" site_id="1263" xmltv_id="park_razvlecheniy">park_razvlecheniy</channel>
    <channel update="i" site="tv.mail.ru" site_id="1779" xmltv_id="chassepeche">chassepeche</channel>
    <channel update="i" site="tv.mail.ru" site_id="1754" xmltv_id="luxury">luxury</channel>
    <channel update="i" site="tv.mail.ru" site_id="1337" xmltv_id="pervinternet">pervinternet</channel>
    <channel update="i" site="tv.mail.ru" site_id="1752" xmltv_id="animaux">animaux</channel>
    <channel update="i" site="tv.mail.ru" site_id="1637" xmltv_id="arirang">arirang</channel>
    <channel update="i" site="tv.mail.ru" site_id="1638" xmltv_id="tbn">tbn</channel>
    <channel update="i" site="tv.mail.ru" site_id="874" xmltv_id="ulibkarebenka">ulibkarebenka</channel>
    <channel update="i" site="tv.mail.ru" site_id="1080" xmltv_id="teen_tv">teen_tv</channel>
    <channel update="i" site="tv.mail.ru" site_id="1252" xmltv_id="jimjam">jimjam</channel>
    <channel update="i" site="tv.mail.ru" site_id="1318" xmltv_id="detmir">detmir</channel>
    <channel update="i" site="tv.mail.ru" site_id="1324" xmltv_id="detsky">detsky</channel>
    <channel update="i" site="tv.mail.ru" site_id="1326" xmltv_id="gulli">gulli</channel>
    <channel update="i" site="tv.mail.ru" site_id="1354" xmltv_id="tiji">tiji</channel>
    <channel update="i" site="tv.mail.ru" site_id="1381" xmltv_id="multimania">multimania</channel>
    <channel update="i" site="tv.mail.ru" site_id="1516" xmltv_id="bloomberg">bloomberg</channel>
    <channel update="i" site="tv.mail.ru" site_id="1576" xmltv_id="babytv">babytv</channel>
    <channel update="i" site="tv.mail.ru" site_id="1603" xmltv_id="nickjr">nickjr</channel>
    <channel update="i" site="tv.mail.ru" site_id="745" xmltv_id="cartoon_networks">cartoon_networks</channel>
    <channel update="i" site="tv.mail.ru" site_id="766" xmltv_id="nickelodeon">nickelodeon</channel>
    <channel update="i" site="tv.mail.ru" site_id="806" xmltv_id="radost">radost</channel>
    <channel update="i" site="tv.mail.ru" site_id="1825" xmltv_id="Мульт">Мульт</channel>
    <channel update="i" site="tv.mail.ru" site_id="1806" xmltv_id="iq_hd">iq_hd</channel>
    <channel update="i" site="tv.mail.ru" site_id="1786" xmltv_id="avto24">avto24</channel>
    <channel update="i" site="tv.mail.ru" site_id="1683" xmltv_id="a_premium_hd">a_premium_hd</channel>
    <channel update="i" site="tv.mail.ru" site_id="1551" xmltv_id="sport1hd">sport1hd</channel>
    <channel update="i" site="tv.mail.ru" site_id="1700" xmltv_id="ohotnik_i_ribolov_hd">ohotnik_i_ribolov_hd</channel>
    <channel update="i" site="tv.mail.ru" site_id="1156" xmltv_id="myzentv">myzentv</channel>
    <channel update="i" site="tv.mail.ru" site_id="947" xmltv_id="sport1hd">sport1hd</channel>
    <channel update="i" site="tv.mail.ru" site_id="981" xmltv_id="eda_hd">eda_hd</channel>
    <channel update="i" site="tv.mail.ru" site_id="1542" xmltv_id="mtv">mtv</channel>
    <channel update="i" site="tv.mail.ru" site_id="1070" xmltv_id="hd_kinopokaz_2">hd_kinopokaz_2</channel>
    <channel update="i" site="tv.mail.ru" site_id="1116" xmltv_id="nwildhd">nwildhd</channel>
    <channel update="i" site="tv.mail.ru" site_id="1557" xmltv_id="foxlifehd">foxlifehd</channel>
    <channel update="i" site="tv.mail.ru" site_id="1559" xmltv_id="nickhd">nickhd</channel>
    <channel update="i" site="tv.mail.ru" site_id="1250" xmltv_id="teleputeshestvia">teleputeshestvia</channel>
    <channel update="i" site="tv.mail.ru" site_id="1572" xmltv_id="tracesportshd">tracesportshd</channel>
    <channel update="i" site="tv.mail.ru" site_id="1257" xmltv_id="hd_life">hd_life</channel>
    <channel update="i" site="tv.mail.ru" site_id="1579" xmltv_id="esporthd">esporthd</channel>
    <channel update="i" site="tv.mail.ru" site_id="1360" xmltv_id="ngeo">ngeo</channel>
    <channel update="i" site="tv.mail.ru" site_id="1590" xmltv_id="khlhd">khlhd</channel>
    <channel update="i" site="tv.mail.ru" site_id="1401" xmltv_id="animal-planet-hd">animal-planet-hd</channel>
    <channel update="i" site="tv.mail.ru" site_id="1404" xmltv_id="travelchhd">travelchhd</channel>
    <channel update="i" site="tv.mail.ru" site_id="1600" xmltv_id="discovery">discovery</channel>
    <channel update="i" site="tv.mail.ru" site_id="1408" xmltv_id="fone">fone</channel>
    <channel update="i" site="tv.mail.ru" site_id="1617" xmltv_id="outdoor">outdoor</channel>
    <channel update="i" site="tv.mail.ru" site_id="773" xmltv_id="hd_kinopokaz_1">hd_kinopokaz_1</channel>
    <channel update="i" site="tv.mail.ru" site_id="1422" xmltv_id="mgm">mgm</channel>
    <channel update="i" site="tv.mail.ru" site_id="1618" xmltv_id="dojd">dojd</channel>
    <channel update="i" site="tv.mail.ru" site_id="786" xmltv_id="mezzolivehd">mezzolivehd</channel>
    <channel update="i" site="tv.mail.ru" site_id="1619" xmltv_id="sonyhd">sonyhd</channel>
    <channel update="i" site="tv.mail.ru" site_id="832" xmltv_id="luxtvhd">luxtvhd</channel>
    <channel update="i" site="tv.mail.ru" site_id="873" xmltv_id="hd_life">hd_life</channel>
    <channel update="i" site="tv.mail.ru" site_id="1511" xmltv_id="hustlerhd3d">hustlerhd3d</channel>
    <channel update="i" site="tv.mail.ru" site_id="1657" xmltv_id="arte_nd">arte_nd</channel>
    <channel update="i" site="tv.mail.ru" site_id="904" xmltv_id="fashiontvhd">fashiontvhd</channel>
    <channel update="i" site="tv.mail.ru" site_id="1521" xmltv_id="travelchhd">travelchhd</channel>
    <channel update="i" site="tv.mail.ru" site_id="1651" xmltv_id="nd_kino">nd_kino</channel>
    <channel update="i" site="tv.mail.ru" site_id="1524" xmltv_id="tv_1000_premium_hd">tv_1000_premium_hd</channel>
    <channel update="i" site="tv.mail.ru" site_id="1668" xmltv_id="nd_kino_2">nd_kino_2</channel>
    <channel update="i" site="tv.mail.ru" site_id="1598" xmltv_id="tv_1000_comedy_hd">tv_1000_comedy_hd</channel>
    <channel update="i" site="tv.mail.ru" site_id="1479" xmltv_id="tv_1000_megahit_hd">tv_1000_megahit_hd</channel>
    <channel update="i" site="tv.mail.ru" site_id="1818" xmltv_id="viasat_sport_hd">viasat_sport_hd</channel>
    <channel update="i" site="tv.mail.ru" site_id="1783" xmltv_id="viasat_golf_hd">viasat_golf_hd</channel>
    <channel update="i" site="tv.mail.ru" site_id="1470" xmltv_id="viasat_history_hd">viasat_history_hd</channel>
    <channel update="i" site="tv.mail.ru" site_id="1817" xmltv_id="russia_travel_guide">russia_travel_guide</channel>
    <channel update="i" site="tv.mail.ru" site_id="1781" xmltv_id="paramount_channel">paramount_channel</channel>
    <channel update="i" site="tv.mail.ru" site_id="1784" xmltv_id="paramount_comedy_hd">paramount_comedy_hd</channel>
    <channel update="i" site="tv.mail.ru" site_id="1741" xmltv_id="ostrosyuzhetnoe_hd">ostrosyuzhetnoe_hd</channel>
    <channel update="i" site="tv.mail.ru" site_id="1798" xmltv_id="history_hd">history_hd</channel>
    <channel update="i" site="tv.mail.ru" site_id="1743" xmltv_id="nashe_hd">nashe_hd</channel>
    <channel update="i" site="tv.mail.ru" site_id="1702" xmltv_id="candy">candy</channel>
    <channel update="i" site="tv.mail.ru" site_id="1830" xmltv_id="candy_2">candy_2</channel>
    <channel update="i" site="tv.mail.ru" site_id="1666" xmltv_id="russia_1">russia_1</channel>
    <channel update="i" site="tv.mail.ru" site_id="1740" xmltv_id="semeynoe_hd">semeynoe_hd</channel>
    <channel update="i" site="tv.mail.ru" site_id="1742" xmltv_id="serial_hd">serial_hd</channel>
    <channel update="i" site="tv.mail.ru" site_id="1744" xmltv_id="kino_premium_hd">kino_premium_hd</channel>
    <channel update="i" site="tv.mail.ru" site_id="1836" xmltv_id="eureka_hd">eureka_hd</channel>
    <channel update="i" site="tv.mail.ru" site_id="1821" xmltv_id="1_hd">1_hd</channel>
    <channel update="i" site="tv.mail.ru" site_id="1835" xmltv_id="animal_family_hd">animal_family_hd</channel>
    <channel update="i" site="tv.mail.ru" site_id="1840" xmltv_id="givaja_priroda">givaja_priroda</channel>
    <channel update="i" site="tv.mail.ru" site_id="1854" xmltv_id="Страшное HD">Страшное HD</channel>
    <channel update="i" site="tv.mail.ru" site_id="1723" xmltv_id="hdmedia">hdmedia</channel>
    <channel update="i" site="tv.mail.ru" site_id="1787" xmltv_id="olala">olala</channel>
    <channel update="i" site="tv.mail.ru" site_id="782" xmltv_id="hustlertv">hustlertv</channel>
    <channel update="i" site="tv.mail.ru" site_id="946" xmltv_id="private_tv">private_tv</channel>
    <channel update="i" site="tv.mail.ru" site_id="999" xmltv_id="xxl">xxl</channel>
    <channel update="i" site="tv.mail.ru" site_id="1128" xmltv_id="russian_night">russian_night</channel>
    <channel update="i" site="tv.mail.ru" site_id="1190" xmltv_id="night_club">night_club</channel>
    <channel update="i" site="tv.mail.ru" site_id="1302" xmltv_id="bluehastler">bluehastler</channel>
    <channel update="i" site="tv.mail.ru" site_id="1378" xmltv_id="playboy_tv">playboy_tv</channel>
    <channel update="i" site="tv.mail.ru" site_id="1759" xmltv_id="brazzers-tv-europe">brazzers-tv-europe</channel>
    <channel update="i" site="tv.mail.ru" site_id="1474" xmltv_id="frencnlovertv">frencnlovertv</channel>
    <channel update="i" site="tv.mail.ru" site_id="1652" xmltv_id="candy">candy</channel>
    <channel update="i" site="tv.mail.ru" site_id="1778" xmltv_id="candy-man">candy-man</channel>
    <channel update="i" site="tv.mail.ru" site_id="1639" xmltv_id="iskushenie">iskushenie</channel>
  </channels>
</site>