﻿<?xml version="1.0" encoding="UTF-8"?>
<site generator-info-name="WebGrab+Plus/w MDB &amp; REX Postprocess -- version 1.1.1/23 -- Jan van Straaten" site="lattelecom.lv.virszemes">
  <channels>
    <channel update="i" site="lattelecom.lv.virszemes" site_id="ltv1" xmltv_id="LTV1.vir">LTV1.vir</channel>
    <channel update="i" site="lattelecom.lv.virszemes" site_id="ltv7" xmltv_id="LTV7.vir">LTV7.vir</channel>
    <channel update="i" site="lattelecom.lv.virszemes" site_id="tv3" xmltv_id="TV3.vir">TV3.vir</channel>
    <channel update="i" site="lattelecom.lv.virszemes" site_id="lnt" xmltv_id="LNT.vir">LNT.vir</channel>
    <channel update="i" site="lattelecom.lv.virszemes" site_id="ltv1" xmltv_id="LTV1.vir">LTV1.vir</channel>
    <channel update="i" site="lattelecom.lv.virszemes" site_id="ltv7" xmltv_id="LTV7.vir">LTV7.vir</channel>
    <channel update="i" site="lattelecom.lv.virszemes" site_id="tv3" xmltv_id="TV3.vir">TV3.vir</channel>
    <channel update="i" site="lattelecom.lv.virszemes" site_id="lnt" xmltv_id="LNT.vir">LNT.vir</channel>
    <channel update="i" site="lattelecom.lv.virszemes" site_id="tv5_riga" xmltv_id="TV5 Rīga.vir">TV5 Rīga.vir</channel>
    <channel update="i" site="lattelecom.lv.virszemes" site_id="tv6" xmltv_id="TV6.vir">TV6.vir</channel>
    <channel update="i" site="lattelecom.lv.virszemes" site_id="kanals_2" xmltv_id="Kanāls 2.vir">Kanāls 2.vir</channel>
    <channel update="i" site="lattelecom.lv.virszemes" site_id="pirmais_baltijas_kanals" xmltv_id="Pirmais Baltijas Kanāls.vir">Pirmais Baltijas Kanāls.vir</channel>
    <channel update="i" site="lattelecom.lv.virszemes" site_id="rtr_planeta" xmltv_id="RTR Planeta.vir">RTR Planeta.vir</channel>
    <channel update="i" site="lattelecom.lv.virszemes" site_id="ntv_mir" xmltv_id="NTV Mir.vir">NTV Mir.vir</channel>
    <channel update="i" site="lattelecom.lv.virszemes" site_id="ren_baltija" xmltv_id="Ren Baltija.vir">Ren Baltija.vir</channel>
    <channel update="i" site="lattelecom.lv.virszemes" site_id="3_plus" xmltv_id="3+.vir">3+.vir</channel>
    <channel update="i" site="lattelecom.lv.virszemes" site_id="tv21" xmltv_id="TV21.vir">TV21.vir</channel>
    <channel update="i" site="lattelecom.lv.virszemes" site_id="diva" xmltv_id="DIVA.vir">DIVA.vir</channel>
    <channel update="i" site="lattelecom.lv.virszemes" site_id="cartoon_network_tcm" xmltv_id="Cartoon Network/TCM.vir">Cartoon Network/TCM.vir</channel>
    <channel update="i" site="lattelecom.lv.virszemes" site_id="eurosport" xmltv_id="Eurosport.vir">Eurosport.vir</channel>
    <channel update="i" site="lattelecom.lv.virszemes" site_id="ohota_i_rybalka" xmltv_id="Ohota i Rybalka.vir">Ohota i Rybalka.vir</channel>
    <channel update="i" site="lattelecom.lv.virszemes" site_id="national_geographic" xmltv_id="National Geographic.vir">National Geographic.vir</channel>
    <channel update="i" site="lattelecom.lv.virszemes" site_id="latvijas_slagerkanals" xmltv_id="Latvijas Šlāgerkanāls.vir">Latvijas Šlāgerkanāls.vir</channel>
    <channel update="i" site="lattelecom.lv.virszemes" site_id="oe" xmltv_id="OE.vir">OE.vir</channel>
    <channel update="i" site="lattelecom.lv.virszemes" site_id="1_baltijas_muzikas_kanals" xmltv_id="1 Baltijas mūzikas kanāls.vir">1 Baltijas mūzikas kanāls.vir</channel>
    <channel update="i" site="lattelecom.lv.virszemes" site_id="euronews" xmltv_id="Euronews.vir">Euronews.vir</channel>
    <channel update="i" site="lattelecom.lv.virszemes" site_id="nickelodeon" xmltv_id="Nickelodeon.vir">Nickelodeon.vir</channel>
    <channel update="i" site="lattelecom.lv.virszemes" site_id="jim_jam" xmltv_id="Jim Jam.vir">Jim Jam.vir</channel>
    <channel update="i" site="lattelecom.lv.virszemes" site_id="disney_channel" xmltv_id="Disney Channel.vir">Disney Channel.vir</channel>
    <channel update="i" site="lattelecom.lv.virszemes" site_id="disney_xd" xmltv_id="Disney XD.vir">Disney XD.vir</channel>
    <channel update="i" site="lattelecom.lv.virszemes" site_id="disney_junior" xmltv_id="Disney Junior.vir">Disney Junior.vir</channel>
    <channel update="i" site="lattelecom.lv.virszemes" site_id="mtv_europe" xmltv_id="MTV Europe.vir">MTV Europe.vir</channel>
    <channel update="i" site="lattelecom.lv.virszemes" site_id="discovery_channel" xmltv_id="Discovery Channel.vir">Discovery Channel.vir</channel>
    <channel update="i" site="lattelecom.lv.virszemes" site_id="animal_planet" xmltv_id="Animal Planet.vir">Animal Planet.vir</channel>
    <channel update="i" site="lattelecom.lv.virszemes" site_id="discovery_science" xmltv_id="Discovery Science.vir">Discovery Science.vir</channel>
    <channel update="i" site="lattelecom.lv.virszemes" site_id="tlc" xmltv_id="TLC.vir">TLC.vir</channel>
    <channel update="i" site="lattelecom.lv.virszemes" site_id="id_investigation_discovery" xmltv_id="ID Investigation Discovery.vir">ID Investigation Discovery.vir</channel>
    <channel update="i" site="lattelecom.lv.virszemes" site_id="discovery_world" xmltv_id="Discovery World.vir">Discovery World.vir</channel>
    <channel update="i" site="lattelecom.lv.virszemes" site_id="travel_channel" xmltv_id="Travel Channel.vir">Travel Channel.vir</channel>
    <channel update="i" site="lattelecom.lv.virszemes" site_id="bbc_entertainment" xmltv_id="BBC Entertainment.vir">BBC Entertainment.vir</channel>
    <channel update="i" site="lattelecom.lv.virszemes" site_id="fox" xmltv_id="FOX.vir">FOX.vir</channel>
    <channel update="i" site="lattelecom.lv.virszemes" site_id="fox_life" xmltv_id="Fox Life.vir">Fox Life.vir</channel>
    <channel update="i" site="lattelecom.lv.virszemes" site_id="universal_channel" xmltv_id="Universal Channel.vir">Universal Channel.vir</channel>
    <channel update="i" site="lattelecom.lv.virszemes" site_id="syfy" xmltv_id="Syfy.vir">Syfy.vir</channel>
    <channel update="i" site="lattelecom.lv.virszemes" site_id="silver_baltic" xmltv_id="Silver Baltic.vir">Silver Baltic.vir</channel>
    <channel update="i" site="lattelecom.lv.virszemes" site_id="dom_kino" xmltv_id="Dom Kino.vir">Dom Kino.vir</channel>
    <channel update="i" site="lattelecom.lv.virszemes" site_id="sony_entertainment_television" xmltv_id="Sony Entertainment Television.vir">Sony Entertainment Television.vir</channel>
    <channel update="i" site="lattelecom.lv.virszemes" site_id="vh1_europe" xmltv_id="VH1 Europe.vir">VH1 Europe.vir</channel>
    <channel update="i" site="lattelecom.lv.virszemes" site_id="iconcerts" xmltv_id="iConcerts.vir">iConcerts.vir</channel>
    <channel update="i" site="lattelecom.lv.virszemes" site_id="eurosport_2" xmltv_id="Eurosport 2.vir">Eurosport 2.vir</channel>
    <channel update="i" site="lattelecom.lv.virszemes" site_id="espn_america" xmltv_id="ESPN America.vir">ESPN America.vir</channel>
    <channel update="i" site="lattelecom.lv.virszemes" site_id="nba_tv" xmltv_id="NBA TV.vir">NBA TV.vir</channel>
    <channel update="i" site="lattelecom.lv.virszemes" site_id="khl" xmltv_id="KHL.vir">KHL.vir</channel>
    <channel update="i" site="lattelecom.lv.virszemes" site_id="motors_tv" xmltv_id="Motors TV.vir">Motors TV.vir</channel>
    <channel update="i" site="lattelecom.lv.virszemes" site_id="sportacentrs_com" xmltv_id="sportacentrs.com.vir">sportacentrs.com.vir</channel>
    <channel update="i" site="lattelecom.lv.virszemes" site_id="eurosport_hd" xmltv_id="Eurosport HD.vir">Eurosport HD.vir</channel>
    <channel update="i" site="lattelecom.lv.virszemes" site_id="discovery_hd_showcase" xmltv_id="Discovery HD Showcase.vir">Discovery HD Showcase.vir</channel>
    <channel update="i" site="lattelecom.lv.virszemes" site_id="mtv_live_hd" xmltv_id="MTV Live HD.vir">MTV Live HD.vir</channel>
    <channel update="i" site="lattelecom.lv.virszemes" site_id="hustler_tv" xmltv_id="Hustler TV.vir">Hustler TV.vir</channel>
  </channels>
</site>