﻿<?xml version="1.0" encoding="UTF-8"?>
<site generator-info-name="WebGrab+Plus/w MDB &amp; REX Postprocess -- version 1.1.1/23 -- Jan van Straaten" site="lattelecom.lv.interactiva">
  <channels>
    <channel update="i" site="lattelecom.lv.interactiva" site_id="ltv1" xmltv_id="LTV1.int">LTV1.int</channel>
    <channel update="i" site="lattelecom.lv.interactiva" site_id="ltv7" xmltv_id="LTV7.int">LTV7.int</channel>
    <channel update="i" site="lattelecom.lv.interactiva" site_id="tv3" xmltv_id="TV3.int">TV3.int</channel>
    <channel update="i" site="lattelecom.lv.interactiva" site_id="lnt" xmltv_id="LNT.int">LNT.int</channel>
    <channel update="i" site="lattelecom.lv.interactiva" site_id="tv5_riga" xmltv_id="TV5 Rīga.int">TV5 Rīga.int</channel>
    <channel update="i" site="lattelecom.lv.interactiva" site_id="tv6" xmltv_id="TV6.int">TV6.int</channel>
    <channel update="i" site="lattelecom.lv.interactiva" site_id="kanals_2" xmltv_id="Kanāls 2.int">Kanāls 2.int</channel>
    <channel update="i" site="lattelecom.lv.interactiva" site_id="pirmais_baltijas_kanals" xmltv_id="Pirmais Baltijas Kanāls.int">Pirmais Baltijas Kanāls.int</channel>
    <channel update="i" site="lattelecom.lv.interactiva" site_id="rtr_planeta" xmltv_id="RTR Planeta.int">RTR Planeta.int</channel>
    <channel update="i" site="lattelecom.lv.interactiva" site_id="ntv_mir" xmltv_id="NTV Mir.int">NTV Mir.int</channel>
    <channel update="i" site="lattelecom.lv.interactiva" site_id="ren_baltija" xmltv_id="Ren Baltija.int">Ren Baltija.int</channel>
    <channel update="i" site="lattelecom.lv.interactiva" site_id="3_plus" xmltv_id="3+.int">3+.int</channel>
    <channel update="i" site="lattelecom.lv.interactiva" site_id="re_tv_test" xmltv_id="Re:TV (test).int">Re:TV (test).int</channel>
    <channel update="i" site="lattelecom.lv.interactiva" site_id="tv21" xmltv_id="TV21.int">TV21.int</channel>
    <channel update="i" site="lattelecom.lv.interactiva" site_id="diva" xmltv_id="DIVA.int">DIVA.int</channel>
    <channel update="i" site="lattelecom.lv.interactiva" site_id="fox" xmltv_id="FOX.int">FOX.int</channel>
    <channel update="i" site="lattelecom.lv.interactiva" site_id="sony_entertainment_television" xmltv_id="Sony Entertainment Television.int">Sony Entertainment Television.int</channel>
    <channel update="i" site="lattelecom.lv.interactiva" site_id="cartoon_network_tcm" xmltv_id="Cartoon Network/TCM.int">Cartoon Network/TCM.int</channel>
    <channel update="i" site="lattelecom.lv.interactiva" site_id="nickelodeon" xmltv_id="Nickelodeon.int">Nickelodeon.int</channel>
    <channel update="i" site="lattelecom.lv.interactiva" site_id="eurosport" xmltv_id="Eurosport.int">Eurosport.int</channel>
    <channel update="i" site="lattelecom.lv.interactiva" site_id="eurosport_2" xmltv_id="Eurosport 2.int">Eurosport 2.int</channel>
    <channel update="i" site="lattelecom.lv.interactiva" site_id="ohota_i_rybalka" xmltv_id="Ohota i Rybalka.int">Ohota i Rybalka.int</channel>
    <channel update="i" site="lattelecom.lv.interactiva" site_id="sportacentrs_com" xmltv_id="sportacentrs.com.int">sportacentrs.com.int</channel>
    <channel update="i" site="lattelecom.lv.interactiva" site_id="discovery_channel" xmltv_id="Discovery Channel.int">Discovery Channel.int</channel>
    <channel update="i" site="lattelecom.lv.interactiva" site_id="animal_planet" xmltv_id="Animal Planet.int">Animal Planet.int</channel>
    <channel update="i" site="lattelecom.lv.interactiva" site_id="national_geographic" xmltv_id="National Geographic.int">National Geographic.int</channel>
    <channel update="i" site="lattelecom.lv.interactiva" site_id="zone_reality" xmltv_id="Zone Reality.int">Zone Reality.int</channel>
    <channel update="i" site="lattelecom.lv.interactiva" site_id="mtv_europe" xmltv_id="MTV Europe.int">MTV Europe.int</channel>
    <channel update="i" site="lattelecom.lv.interactiva" site_id="vh1_europe" xmltv_id="VH1 Europe.int">VH1 Europe.int</channel>
    <channel update="i" site="lattelecom.lv.interactiva" site_id="latvijas_slagerkanals" xmltv_id="Latvijas Šlāgerkanāls.int">Latvijas Šlāgerkanāls.int</channel>
    <channel update="i" site="lattelecom.lv.interactiva" site_id="oe" xmltv_id="OE.int">OE.int</channel>
    <channel update="i" site="lattelecom.lv.interactiva" site_id="muzikas_video" xmltv_id="Mūzikas video.int">Mūzikas video.int</channel>
    <channel update="i" site="lattelecom.lv.interactiva" site_id="1_baltijas_muzikas_kanals" xmltv_id="1 Baltijas mūzikas kanāls.int">1 Baltijas mūzikas kanāls.int</channel>
    <channel update="i" site="lattelecom.lv.interactiva" site_id="muz_tv" xmltv_id="Muz TV.int">Muz TV.int</channel>
    <channel update="i" site="lattelecom.lv.interactiva" site_id="iconcerts_test" xmltv_id="iConcerts (test).int">iConcerts (test).int</channel>
    <channel update="i" site="lattelecom.lv.interactiva" site_id="tv_centr_international" xmltv_id="TV Centr International.int">TV Centr International.int</channel>
    <channel update="i" site="lattelecom.lv.interactiva" site_id="euronews" xmltv_id="Euronews.int">Euronews.int</channel>
    <channel update="i" site="lattelecom.lv.interactiva" site_id="cnn_international" xmltv_id="CNN International.int">CNN International.int</channel>
    <channel update="i" site="lattelecom.lv.interactiva" site_id="fox_life" xmltv_id="Fox Life.int">Fox Life.int</channel>
    <channel update="i" site="lattelecom.lv.interactiva" site_id="universal_channel" xmltv_id="Universal Channel.int">Universal Channel.int</channel>
    <channel update="i" site="lattelecom.lv.interactiva" site_id="syfy" xmltv_id="Syfy.int">Syfy.int</channel>
    <channel update="i" site="lattelecom.lv.interactiva" site_id="silver_baltic" xmltv_id="Silver Baltic.int">Silver Baltic.int</channel>
    <channel update="i" site="lattelecom.lv.interactiva" site_id="dom_kino" xmltv_id="Dom Kino.int">Dom Kino.int</channel>
    <channel update="i" site="lattelecom.lv.interactiva" site_id="showtime" xmltv_id="Showtime.int">Showtime.int</channel>
    <channel update="i" site="lattelecom.lv.interactiva" site_id="jim_jam" xmltv_id="Jim Jam.int">Jim Jam.int</channel>
    <channel update="i" site="lattelecom.lv.interactiva" site_id="boomerang" xmltv_id="Boomerang.int">Boomerang.int</channel>
    <channel update="i" site="lattelecom.lv.interactiva" site_id="disney_channel" xmltv_id="Disney Channel.int">Disney Channel.int</channel>
    <channel update="i" site="lattelecom.lv.interactiva" site_id="disney_xd" xmltv_id="Disney XD.int">Disney XD.int</channel>
    <channel update="i" site="lattelecom.lv.interactiva" site_id="disney_junior" xmltv_id="Disney Junior.int">Disney Junior.int</channel>
    <channel update="i" site="lattelecom.lv.interactiva" site_id="karusel" xmltv_id="Karusel.int">Karusel.int</channel>
    <channel update="i" site="lattelecom.lv.interactiva" site_id="gulli" xmltv_id="Gulli.int">Gulli.int</channel>
    <channel update="i" site="lattelecom.lv.interactiva" site_id="tiji" xmltv_id="TiJi.int">TiJi.int</channel>
    <channel update="i" site="lattelecom.lv.interactiva" site_id="lolo_tv_test" xmltv_id="Lolo-TV(test).int">Lolo-TV(test).int</channel>
    <channel update="i" site="lattelecom.lv.interactiva" site_id="espn_america" xmltv_id="ESPN America.int">ESPN America.int</channel>
    <channel update="i" site="lattelecom.lv.interactiva" site_id="nba_tv" xmltv_id="NBA TV.int">NBA TV.int</channel>
    <channel update="i" site="lattelecom.lv.interactiva" site_id="khl" xmltv_id="KHL.int">KHL.int</channel>
    <channel update="i" site="lattelecom.lv.interactiva" site_id="extreme_sport" xmltv_id="Extreme Sport.int">Extreme Sport.int</channel>
    <channel update="i" site="lattelecom.lv.interactiva" site_id="motors_tv" xmltv_id="Motors TV.int">Motors TV.int</channel>
    <channel update="i" site="lattelecom.lv.interactiva" site_id="the_poker_channel" xmltv_id="The Poker Channel.int">The Poker Channel.int</channel>
    <channel update="i" site="lattelecom.lv.interactiva" site_id="discovery_science" xmltv_id="Discovery Science.int">Discovery Science.int</channel>
    <channel update="i" site="lattelecom.lv.interactiva" site_id="tlc" xmltv_id="TLC.int">TLC.int</channel>
    <channel update="i" site="lattelecom.lv.interactiva" site_id="id_investigation_discovery" xmltv_id="ID Investigation Discovery.int">ID Investigation Discovery.int</channel>
    <channel update="i" site="lattelecom.lv.interactiva" site_id="discovery_world" xmltv_id="Discovery World.int">Discovery World.int</channel>
    <channel update="i" site="lattelecom.lv.interactiva" site_id="nat_geo_wild" xmltv_id="Nat Geo Wild.int">Nat Geo Wild.int</channel>
    <channel update="i" site="lattelecom.lv.interactiva" site_id="nauka_2_0_test" xmltv_id="Nauka 2.0 (test).int">Nauka 2.0 (test).int</channel>
    <channel update="i" site="lattelecom.lv.interactiva" site_id="travel_channel" xmltv_id="Travel Channel.int">Travel Channel.int</channel>
    <channel update="i" site="lattelecom.lv.interactiva" site_id="vh1_classic" xmltv_id="VH1 Classic.int">VH1 Classic.int</channel>
    <channel update="i" site="lattelecom.lv.interactiva" site_id="mtv_hits" xmltv_id="MTV Hits.int">MTV Hits.int</channel>
    <channel update="i" site="lattelecom.lv.interactiva" site_id="mtv_dance" xmltv_id="MTV Dance.int">MTV Dance.int</channel>
    <channel update="i" site="lattelecom.lv.interactiva" site_id="mtv_rocks" xmltv_id="MTV Rocks.int">MTV Rocks.int</channel>
    <channel update="i" site="lattelecom.lv.interactiva" site_id="mezzo" xmltv_id="Mezzo.int">Mezzo.int</channel>
    <channel update="i" site="lattelecom.lv.interactiva" site_id="e_entertainment" xmltv_id="E! Entertainment.int">E! Entertainment.int</channel>
    <channel update="i" site="lattelecom.lv.interactiva" site_id="fashion_tv" xmltv_id="Fashion TV.int">Fashion TV.int</channel>
    <channel update="i" site="lattelecom.lv.interactiva" site_id="radio_101" xmltv_id="Radio 101.int">Radio 101.int</channel>
    <channel update="i" site="lattelecom.lv.interactiva" site_id="ctc_baltics" xmltv_id="CTC Baltics.int">CTC Baltics.int</channel>
    <channel update="i" site="lattelecom.lv.interactiva" site_id="rtv_international" xmltv_id="RTV International.int">RTV International.int</channel>
    <channel update="i" site="lattelecom.lv.interactiva" site_id="nase_lubimoje_kino" xmltv_id="Naše ļubimoje kino.int">Naše ļubimoje kino.int</channel>
    <channel update="i" site="lattelecom.lv.interactiva" site_id="vremja_daljokoje_i_blizkoje" xmltv_id="Vremja daljokoje i blizkoje.int">Vremja daljokoje i blizkoje.int</channel>
    <channel update="i" site="lattelecom.lv.interactiva" site_id="russkij_illuzion" xmltv_id="Russkij Illuzion.int">Russkij Illuzion.int</channel>
    <channel update="i" site="lattelecom.lv.interactiva" site_id="detskij_mir_teleklubs" xmltv_id="Detskij Mir/Teleklubs.int">Detskij Mir/Teleklubs.int</channel>
    <channel update="i" site="lattelecom.lv.interactiva" site_id="rbk" xmltv_id="RBK.int">RBK.int</channel>
    <channel update="i" site="lattelecom.lv.interactiva" site_id="russian_travel_guide" xmltv_id="Russian Travel Guide.int">Russian Travel Guide.int</channel>
    <channel update="i" site="lattelecom.lv.interactiva" site_id="telekafe" xmltv_id="Telekafe.int">Telekafe.int</channel>
    <channel update="i" site="lattelecom.lv.interactiva" site_id="usadba_tv_test" xmltv_id="Usadba-TV (Test).int">Usadba-TV (Test).int</channel>
    <channel update="i" site="lattelecom.lv.interactiva" site_id="mir_seriala" xmltv_id="Mir Seriala.int">Mir Seriala.int</channel>
    <channel update="i" site="lattelecom.lv.interactiva" site_id="comedy_tv" xmltv_id="Comedy TV.int">Comedy TV.int</channel>
    <channel update="i" site="lattelecom.lv.interactiva" site_id="bbc_world" xmltv_id="BBC World.int">BBC World.int</channel>
    <channel update="i" site="lattelecom.lv.interactiva" site_id="bbc_entertainment" xmltv_id="BBC Entertainment.int">BBC Entertainment.int</channel>
    <channel update="i" site="lattelecom.lv.interactiva" site_id="rtl" xmltv_id="RTL.int">RTL.int</channel>
    <channel update="i" site="lattelecom.lv.interactiva" site_id="pro_7" xmltv_id="PRO 7.int">PRO 7.int</channel>
    <channel update="i" site="lattelecom.lv.interactiva" site_id="rai_uno" xmltv_id="Rai Uno.int">Rai Uno.int</channel>
    <channel update="i" site="lattelecom.lv.interactiva" site_id="sat1" xmltv_id="SAT1.int">SAT1.int</channel>
    <channel update="i" site="lattelecom.lv.interactiva" site_id="france_2" xmltv_id="France 2.int">France 2.int</channel>
    <channel update="i" site="lattelecom.lv.interactiva" site_id="bloomberg" xmltv_id="Bloomberg.int">Bloomberg.int</channel>
    <channel update="i" site="lattelecom.lv.interactiva" site_id="al_jazeera_international" xmltv_id="Al Jazeera International.int">Al Jazeera International.int</channel>
    <channel update="i" site="lattelecom.lv.interactiva" site_id="nickelodeon_hd" xmltv_id="Nickelodeon HD.int">Nickelodeon HD.int</channel>
    <channel update="i" site="lattelecom.lv.interactiva" site_id="eurosport_hd" xmltv_id="Eurosport HD.int">Eurosport HD.int</channel>
    <channel update="i" site="lattelecom.lv.interactiva" site_id="nba_tv_hd" xmltv_id="NBA TV HD.int">NBA TV HD.int</channel>
    <channel update="i" site="lattelecom.lv.interactiva" site_id="discovery_hd_showcase" xmltv_id="Discovery HD Showcase.int">Discovery HD Showcase.int</channel>
    <channel update="i" site="lattelecom.lv.interactiva" site_id="national_geographic_hd" xmltv_id="National Geographic HD.int">National Geographic HD.int</channel>
    <channel update="i" site="lattelecom.lv.interactiva" site_id="high_tv_3d_test" xmltv_id="High TV 3D (test).int">High TV 3D (test).int</channel>
    <channel update="i" site="lattelecom.lv.interactiva" site_id="iconcerts_hd" xmltv_id="iConcerts HD.int">iConcerts HD.int</channel>
    <channel update="i" site="lattelecom.lv.interactiva" site_id="e_entertainment_hd" xmltv_id="E! Entertainment HD.int">E! Entertainment HD.int</channel>
    <channel update="i" site="lattelecom.lv.interactiva" site_id="mtv_live_hd" xmltv_id="MTV Live HD.int">MTV Live HD.int</channel>
    <channel update="i" site="lattelecom.lv.interactiva" site_id="hustler_tv" xmltv_id="Hustler TV.int">Hustler TV.int</channel>
    <channel update="i" site="lattelecom.lv.interactiva" site_id="daring_tv" xmltv_id="Daring! TV.int">Daring! TV.int</channel>
    <channel update="i" site="lattelecom.lv.interactiva" site_id="private_spice" xmltv_id="Private Spice.int">Private Spice.int</channel>
    <channel update="i" site="lattelecom.lv.interactiva" site_id="tv1000" xmltv_id="TV1000.int">TV1000.int</channel>
    <channel update="i" site="lattelecom.lv.interactiva" site_id="tv_1000_russkoje_kino" xmltv_id="TV 1000 Russkoje Kino.int">TV 1000 Russkoje Kino.int</channel>
    <channel update="i" site="lattelecom.lv.interactiva" site_id="tv1000_action" xmltv_id="TV1000 Action.int">TV1000 Action.int</channel>
    <channel update="i" site="lattelecom.lv.interactiva" site_id="tv1000_premium" xmltv_id="TV1000 Premium.int">TV1000 Premium.int</channel>
    <channel update="i" site="lattelecom.lv.interactiva" site_id="viasat_sport_baltic" xmltv_id="Viasat Sport Baltic.int">Viasat Sport Baltic.int</channel>
    <channel update="i" site="lattelecom.lv.interactiva" site_id="viasat_golf" xmltv_id="Viasat Golf.int">Viasat Golf.int</channel>
  </channels>
</site>