﻿<?xml version="1.0" encoding="UTF-8"?>
<site generator-info-name="WebGrab+Plus/w MDB &amp; REX Postprocess -- version 1.1.1/23 -- Jan van Straaten" site="lattelecom.lv">
  <channels>
    <channel update="i" site="lattelecom.lv" site_id="ltv1" xmltv_id="LTV1">LTV1</channel>
    <channel update="i" site="lattelecom.lv" site_id="ltv7" xmltv_id="LTV7">LTV7</channel>
    <channel update="i" site="lattelecom.lv" site_id="tv3" xmltv_id="TV3">TV3</channel>
    <channel update="i" site="lattelecom.lv" site_id="lnt" xmltv_id="LNT">LNT</channel>
    <channel update="i" site="lattelecom.lv" site_id="tv5_riga" xmltv_id="TV5 Rīga">TV5 Rīga</channel>
    <channel update="i" site="lattelecom.lv" site_id="tv6" xmltv_id="TV6">TV6</channel>
    <channel update="i" site="lattelecom.lv" site_id="kanals_2" xmltv_id="Kanāls 2">Kanāls 2</channel>
    <channel update="i" site="lattelecom.lv" site_id="pirmais_baltijas_kanals" xmltv_id="Pirmais Baltijas Kanāls">Pirmais Baltijas Kanāls</channel>
    <channel update="i" site="lattelecom.lv" site_id="rtr_planeta" xmltv_id="RTR Planeta">RTR Planeta</channel>
    <channel update="i" site="lattelecom.lv" site_id="ntv_mir" xmltv_id="NTV Mir">NTV Mir</channel>
    <channel update="i" site="lattelecom.lv" site_id="ren_baltija" xmltv_id="Ren Baltija">Ren Baltija</channel>
    <channel update="i" site="lattelecom.lv" site_id="3_plus" xmltv_id="3+">3+</channel>
    <channel update="i" site="lattelecom.lv" site_id="re_tv_test" xmltv_id="Re:TV (test)">Re:TV (test)</channel>
    <channel update="i" site="lattelecom.lv" site_id="tv21" xmltv_id="TV21">TV21</channel>
    <channel update="i" site="lattelecom.lv" site_id="diva" xmltv_id="DIVA">DIVA</channel>
    <channel update="i" site="lattelecom.lv" site_id="fox_crime" xmltv_id="Fox Crime">Fox Crime</channel>
    <channel update="i" site="lattelecom.lv" site_id="sony_entertainment_television" xmltv_id="Sony Entertainment Television">Sony Entertainment Television</channel>
    <channel update="i" site="lattelecom.lv" site_id="cartoon_network_tcm" xmltv_id="Cartoon Network/TCM">Cartoon Network/TCM</channel>
    <channel update="i" site="lattelecom.lv" site_id="nickelodeon" xmltv_id="Nickelodeon">Nickelodeon</channel>
    <channel update="i" site="lattelecom.lv" site_id="eurosport" xmltv_id="Eurosport">Eurosport</channel>
    <channel update="i" site="lattelecom.lv" site_id="eurosport_2" xmltv_id="Eurosport 2">Eurosport 2</channel>
    <channel update="i" site="lattelecom.lv" site_id="ohota_i_rybalka" xmltv_id="Ohota i Rybalka">Ohota i Rybalka</channel>
    <channel update="i" site="lattelecom.lv" site_id="sportacentrs_com" xmltv_id="sportacentrs.com">sportacentrs.com</channel>
    <channel update="i" site="lattelecom.lv" site_id="discovery_channel" xmltv_id="Discovery Channel">Discovery Channel</channel>
    <channel update="i" site="lattelecom.lv" site_id="animal_planet" xmltv_id="Animal Planet">Animal Planet</channel>
    <channel update="i" site="lattelecom.lv" site_id="national_geographic" xmltv_id="National Geographic">National Geographic</channel>
    <channel update="i" site="lattelecom.lv" site_id="zone_reality" xmltv_id="Zone Reality">Zone Reality</channel>
    <channel update="i" site="lattelecom.lv" site_id="mtv_europe" xmltv_id="MTV Europe">MTV Europe</channel>
    <channel update="i" site="lattelecom.lv" site_id="vh1_europe" xmltv_id="VH1 Europe">VH1 Europe</channel>
    <channel update="i" site="lattelecom.lv" site_id="latvijas_slagerkanals" xmltv_id="Latvijas Šlāgerkanāls">Latvijas Šlāgerkanāls</channel>
    <channel update="i" site="lattelecom.lv" site_id="oe" xmltv_id="OE">OE</channel>
    <channel update="i" site="lattelecom.lv" site_id="muzikas_video" xmltv_id="Mūzikas video">Mūzikas video</channel>
    <channel update="i" site="lattelecom.lv" site_id="1_baltijas_muzikas_kanals" xmltv_id="1 Baltijas mūzikas kanāls">1 Baltijas mūzikas kanāls</channel>
    <channel update="i" site="lattelecom.lv" site_id="muz_tv" xmltv_id="Muz TV">Muz TV</channel>
    <channel update="i" site="lattelecom.lv" site_id="iconcerts_test" xmltv_id="iConcerts (test)">iConcerts (test)</channel>
    <channel update="i" site="lattelecom.lv" site_id="tv_centr_international" xmltv_id="TV Centr International">TV Centr International</channel>
    <channel update="i" site="lattelecom.lv" site_id="euronews" xmltv_id="Euronews">Euronews</channel>
    <channel update="i" site="lattelecom.lv" site_id="cnn_international" xmltv_id="CNN International">CNN International</channel>
    <channel update="i" site="lattelecom.lv" site_id="fox_life" xmltv_id="Fox Life">Fox Life</channel>
    <channel update="i" site="lattelecom.lv" site_id="universal_channel" xmltv_id="Universal Channel">Universal Channel</channel>
    <channel update="i" site="lattelecom.lv" site_id="syfy" xmltv_id="Syfy">Syfy</channel>
    <channel update="i" site="lattelecom.lv" site_id="silver_baltic" xmltv_id="Silver Baltic">Silver Baltic</channel>
    <channel update="i" site="lattelecom.lv" site_id="dom_kino" xmltv_id="Dom Kino">Dom Kino</channel>
    <channel update="i" site="lattelecom.lv" site_id="showtime" xmltv_id="Showtime">Showtime</channel>
    <channel update="i" site="lattelecom.lv" site_id="jim_jam" xmltv_id="Jim Jam">Jim Jam</channel>
    <channel update="i" site="lattelecom.lv" site_id="boomerang" xmltv_id="Boomerang">Boomerang</channel>
    <channel update="i" site="lattelecom.lv" site_id="disney_channel" xmltv_id="Disney Channel">Disney Channel</channel>
    <channel update="i" site="lattelecom.lv" site_id="disney_xd" xmltv_id="Disney XD">Disney XD</channel>
    <channel update="i" site="lattelecom.lv" site_id="disney_junior" xmltv_id="Disney Junior">Disney Junior</channel>
    <channel update="i" site="lattelecom.lv" site_id="karusel" xmltv_id="Karusel">Karusel</channel>
    <channel update="i" site="lattelecom.lv" site_id="gulli" xmltv_id="Gulli">Gulli</channel>
    <channel update="i" site="lattelecom.lv" site_id="tiji" xmltv_id="TiJi">TiJi</channel>
    <channel update="i" site="lattelecom.lv" site_id="lolo_tv_test" xmltv_id="Lolo-TV(test)">Lolo-TV(test)</channel>
    <channel update="i" site="lattelecom.lv" site_id="espn_america" xmltv_id="ESPN America">ESPN America</channel>
    <channel update="i" site="lattelecom.lv" site_id="nba_tv" xmltv_id="NBA TV">NBA TV</channel>
    <channel update="i" site="lattelecom.lv" site_id="khl" xmltv_id="KHL">KHL</channel>
    <channel update="i" site="lattelecom.lv" site_id="extreme_sport" xmltv_id="Extreme Sport">Extreme Sport</channel>
    <channel update="i" site="lattelecom.lv" site_id="motors_tv" xmltv_id="Motors TV">Motors TV</channel>
    <channel update="i" site="lattelecom.lv" site_id="the_poker_channel" xmltv_id="The Poker Channel">The Poker Channel</channel>
    <channel update="i" site="lattelecom.lv" site_id="discovery_science" xmltv_id="Discovery Science">Discovery Science</channel>
    <channel update="i" site="lattelecom.lv" site_id="tlc" xmltv_id="TLC">TLC</channel>
    <channel update="i" site="lattelecom.lv" site_id="id_investigation_discovery" xmltv_id="ID Investigation Discovery">ID Investigation Discovery</channel>
    <channel update="i" site="lattelecom.lv" site_id="discovery_world" xmltv_id="Discovery World">Discovery World</channel>
    <channel update="i" site="lattelecom.lv" site_id="nat_geo_wild" xmltv_id="Nat Geo Wild">Nat Geo Wild</channel>
    <channel update="i" site="lattelecom.lv" site_id="nauka_2_0_test" xmltv_id="Nauka 2.0 (test)">Nauka 2.0 (test)</channel>
    <channel update="i" site="lattelecom.lv" site_id="travel_channel" xmltv_id="Travel Channel">Travel Channel</channel>
    <channel update="i" site="lattelecom.lv" site_id="vh1_classic" xmltv_id="VH1 Classic">VH1 Classic</channel>
    <channel update="i" site="lattelecom.lv" site_id="mtv_hits" xmltv_id="MTV Hits">MTV Hits</channel>
    <channel update="i" site="lattelecom.lv" site_id="mtv_dance" xmltv_id="MTV Dance">MTV Dance</channel>
    <channel update="i" site="lattelecom.lv" site_id="mtv_rocks" xmltv_id="MTV Rocks">MTV Rocks</channel>
    <channel update="i" site="lattelecom.lv" site_id="mezzo" xmltv_id="Mezzo">Mezzo</channel>
    <channel update="i" site="lattelecom.lv" site_id="e_entertainment" xmltv_id="E! Entertainment">E! Entertainment</channel>
    <channel update="i" site="lattelecom.lv" site_id="fashion_tv" xmltv_id="Fashion TV">Fashion TV</channel>
    <channel update="i" site="lattelecom.lv" site_id="radio_101" xmltv_id="Radio 101">Radio 101</channel>
    <channel update="i" site="lattelecom.lv" site_id="ctc_baltics" xmltv_id="CTC Baltics">CTC Baltics</channel>
    <channel update="i" site="lattelecom.lv" site_id="rtv_international" xmltv_id="RTV International">RTV International</channel>
    <channel update="i" site="lattelecom.lv" site_id="nase_lubimoje_kino" xmltv_id="Naše ļubimoje kino">Naše ļubimoje kino</channel>
    <channel update="i" site="lattelecom.lv" site_id="vremja_daljokoje_i_blizkoje" xmltv_id="Vremja daljokoje i blizkoje">Vremja daljokoje i blizkoje</channel>
    <channel update="i" site="lattelecom.lv" site_id="russkij_illuzion" xmltv_id="Russkij Illuzion">Russkij Illuzion</channel>
    <channel update="i" site="lattelecom.lv" site_id="detskij_mir_teleklubs" xmltv_id="Detskij Mir/Teleklubs">Detskij Mir/Teleklubs</channel>
    <channel update="i" site="lattelecom.lv" site_id="rbk" xmltv_id="RBK">RBK</channel>
    <channel update="i" site="lattelecom.lv" site_id="russian_travel_guide" xmltv_id="Russian Travel Guide">Russian Travel Guide</channel>
    <channel update="i" site="lattelecom.lv" site_id="telekafe" xmltv_id="Telekafe">Telekafe</channel>
    <channel update="i" site="lattelecom.lv" site_id="usadba_tv_test" xmltv_id="Usadba-TV (Test)">Usadba-TV (Test)</channel>
    <channel update="i" site="lattelecom.lv" site_id="mir_seriala" xmltv_id="Mir Seriala">Mir Seriala</channel>
    <channel update="i" site="lattelecom.lv" site_id="comedy_tv" xmltv_id="Comedy TV">Comedy TV</channel>
    <channel update="i" site="lattelecom.lv" site_id="bbc_world" xmltv_id="BBC World">BBC World</channel>
    <channel update="i" site="lattelecom.lv" site_id="bbc_entertainment" xmltv_id="BBC Entertainment">BBC Entertainment</channel>
    <channel update="i" site="lattelecom.lv" site_id="rtl" xmltv_id="RTL">RTL</channel>
    <channel update="i" site="lattelecom.lv" site_id="pro_7" xmltv_id="PRO 7">PRO 7</channel>
    <channel update="i" site="lattelecom.lv" site_id="rai_uno" xmltv_id="Rai Uno">Rai Uno</channel>
    <channel update="i" site="lattelecom.lv" site_id="sat1" xmltv_id="SAT1">SAT1</channel>
    <channel update="i" site="lattelecom.lv" site_id="france_2" xmltv_id="France 2">France 2</channel>
    <channel update="i" site="lattelecom.lv" site_id="bloomberg" xmltv_id="Bloomberg">Bloomberg</channel>
    <channel update="i" site="lattelecom.lv" site_id="al_jazeera_international" xmltv_id="Al Jazeera International">Al Jazeera International</channel>
    <channel update="i" site="lattelecom.lv" site_id="nickelodeon_hd" xmltv_id="Nickelodeon HD">Nickelodeon HD</channel>
    <channel update="i" site="lattelecom.lv" site_id="eurosport_hd" xmltv_id="Eurosport HD">Eurosport HD</channel>
    <channel update="i" site="lattelecom.lv" site_id="nba_tv_hd" xmltv_id="NBA TV HD">NBA TV HD</channel>
    <channel update="i" site="lattelecom.lv" site_id="discovery_hd_showcase" xmltv_id="Discovery HD Showcase">Discovery HD Showcase</channel>
    <channel update="i" site="lattelecom.lv" site_id="national_geographic_hd" xmltv_id="National Geographic HD">National Geographic HD</channel>
    <channel update="i" site="lattelecom.lv" site_id="high_tv_3d_test" xmltv_id="High TV 3D (test)">High TV 3D (test)</channel>
    <channel update="i" site="lattelecom.lv" site_id="iconcerts_hd" xmltv_id="iConcerts HD">iConcerts HD</channel>
    <channel update="i" site="lattelecom.lv" site_id="e_entertainment_hd" xmltv_id="E! Entertainment HD">E! Entertainment HD</channel>
    <channel update="i" site="lattelecom.lv" site_id="mtv_live_hd" xmltv_id="MTV Live HD">MTV Live HD</channel>
    <channel update="i" site="lattelecom.lv" site_id="hustler_tv" xmltv_id="Hustler TV">Hustler TV</channel>
    <channel update="i" site="lattelecom.lv" site_id="daring_tv" xmltv_id="Daring! TV">Daring! TV</channel>
    <channel update="i" site="lattelecom.lv" site_id="private_spice" xmltv_id="Private Spice">Private Spice</channel>
    <channel update="i" site="lattelecom.lv" site_id="tv1000" xmltv_id="TV1000">TV1000</channel>
    <channel update="i" site="lattelecom.lv" site_id="tv_1000_russkoje_kino" xmltv_id="TV 1000 Russkoje Kino">TV 1000 Russkoje Kino</channel>
    <channel update="i" site="lattelecom.lv" site_id="tv1000_action" xmltv_id="TV1000 Action">TV1000 Action</channel>
    <channel update="i" site="lattelecom.lv" site_id="tv1000_premium" xmltv_id="TV1000 Premium">TV1000 Premium</channel>
    <channel update="i" site="lattelecom.lv" site_id="viasat_sport_baltic" xmltv_id="Viasat Sport Baltic">Viasat Sport Baltic</channel>
    <channel update="i" site="lattelecom.lv" site_id="viasat_golf" xmltv_id="Viasat Golf">Viasat Golf</channel>
  </channels>
</site>