﻿<?xml version="1.0" encoding="UTF-8"?>
<site generator-info-name="WebGrab+Plus/w MDB &amp; REX Postprocess -- version 1.1.1/55.04 -- Jan van Straaten" site="tv.orange.fr">
  <channels>
    <channel update="i" site="tv.orange.fr" site_id="13e-rue_2" xmltv_id="13e Rue">13e Rue</channel>
    <channel update="i" site="tv.orange.fr" site_id="2m-monde_668" xmltv_id="2M Monde">2M Monde</channel>
    <channel update="i" site="tv.orange.fr" site_id="3a-telesud_810" xmltv_id="3A Telesud">3A Telesud</channel>
    <channel update="i" site="tv.orange.fr" site_id="6ter_1403" xmltv_id="6ter">6ter</channel>
    <channel update="i" site="tv.orange.fr" site_id="8-mont-blanc_421" xmltv_id="8 Mont-Blanc">8 Mont-Blanc</channel>
    <channel update="i" site="tv.orange.fr" site_id="ab-1_5" xmltv_id="AB 1">AB 1</channel>
    <channel update="i" site="tv.orange.fr" site_id="ab-moteur_15" xmltv_id="AB Moteur">AB Moteur</channel>
    <channel update="i" site="tv.orange.fr" site_id="action_10" xmltv_id="Action">Action</channel>
    <channel update="i" site="tv.orange.fr" site_id="africa-24_561" xmltv_id="Africa 24">Africa 24</channel>
    <channel update="i" site="tv.orange.fr" site_id="al-aoula_769" xmltv_id="Al Aoula">Al Aoula</channel>
    <channel update="i" site="tv.orange.fr" site_id="al-jazeera-arabic_345" xmltv_id="Al Jazeera Arabic">Al Jazeera Arabic</channel>
    <channel update="i" site="tv.orange.fr" site_id="al-jazeera-english_525" xmltv_id="Al Jazeera English">Al Jazeera English</channel>
    <channel update="i" site="tv.orange.fr" site_id="alsace-20_1315" xmltv_id="Alsace 20">Alsace 20</channel>
    <channel update="i" site="tv.orange.fr" site_id="animaux_12" xmltv_id="Animaux">Animaux</channel>
    <channel update="i" site="tv.orange.fr" site_id="apsara-tv_770" xmltv_id="Apsara TV">Apsara TV</channel>
    <channel update="i" site="tv.orange.fr" site_id="art-channel_714" xmltv_id="Art Channel">Art Channel</channel>
    <channel update="i" site="tv.orange.fr" site_id="arte_111" xmltv_id="Arte">Arte</channel>
    <channel update="i" site="tv.orange.fr" site_id="astro-center_394" xmltv_id="Astro Center">Astro Center</channel>
    <channel update="i" site="tv.orange.fr" site_id="baby-tv_483" xmltv_id="Baby TV">Baby TV</channel>
    <channel update="i" site="tv.orange.fr" site_id="bbc-world-news_19" xmltv_id="BBC World News">BBC World News</channel>
    <channel update="i" site="tv.orange.fr" site_id="beblack_1316" xmltv_id="Beblack">Beblack</channel>
    <channel update="i" site="tv.orange.fr" site_id="beijing-tv_771" xmltv_id="Beijing TV">Beijing TV</channel>
    <channel update="i" site="tv.orange.fr" site_id="bein-sport-1_1290" xmltv_id="beIn Sport 1">beIn Sport 1</channel>
    <channel update="i" site="tv.orange.fr" site_id="bein-sport-2_1304" xmltv_id="beIn Sport 2">beIn Sport 2</channel>
    <channel update="i" site="tv.orange.fr" site_id="best-of-shopping_679" xmltv_id="Best of Shopping">Best of Shopping</channel>
    <channel update="i" site="tv.orange.fr" site_id="bfm-business_1098" xmltv_id="BFM business">BFM business</channel>
    <channel update="i" site="tv.orange.fr" site_id="bfm-tv_481" xmltv_id="BFM TV">BFM TV</channel>
    <channel update="i" site="tv.orange.fr" site_id="bloomberg-television_351" xmltv_id="Bloomberg TELEVISION">Bloomberg TELEVISION</channel>
    <channel update="i" site="tv.orange.fr" site_id="blue-hustler_627" xmltv_id="Blue Hustler">Blue Hustler</channel>
    <channel update="i" site="tv.orange.fr" site_id="boing_924" xmltv_id="Boing">Boing</channel>
    <channel update="i" site="tv.orange.fr" site_id="boomerang_321" xmltv_id="Boomerang">Boomerang</channel>
    <channel update="i" site="tv.orange.fr" site_id="brava-hd_1159" xmltv_id="Brava HD">Brava HD</channel>
    <channel update="i" site="tv.orange.fr" site_id="brazzers-tv_475" xmltv_id="Brazzers TV">Brazzers TV</channel>
    <channel update="i" site="tv.orange.fr" site_id="canal-10-guadeloupe_883" xmltv_id="Canal 10 Guadeloupe">Canal 10 Guadeloupe</channel>
    <channel update="i" site="tv.orange.fr" site_id="canal-algerie_346" xmltv_id="Canal Algérie">Canal Algérie</channel>
    <channel update="i" site="tv.orange.fr" site_id="canal-j_32" xmltv_id="Canal J">Canal J</channel>
    <channel update="i" site="tv.orange.fr" site_id="canal_34" xmltv_id="Canal+">Canal+</channel>
    <channel update="i" site="tv.orange.fr" site_id="canal-cinema_33" xmltv_id="Canal+ Cinéma">Canal+ Cinéma</channel>
    <channel update="i" site="tv.orange.fr" site_id="canal-decale_30" xmltv_id="Canal+ Décalé">Canal+ Décalé</channel>
    <channel update="i" site="tv.orange.fr" site_id="canal-family_657" xmltv_id="Canal+ Family">Canal+ Family</channel>
    <channel update="i" site="tv.orange.fr" site_id="canal-sport_35" xmltv_id="Canal+ Sport">Canal+ Sport</channel>
    <channel update="i" site="tv.orange.fr" site_id="canal-series_1563" xmltv_id="Canal+ Séries">Canal+ Séries</channel>
    <channel update="i" site="tv.orange.fr" site_id="cartoon-network_36" xmltv_id="Cartoon Network">Cartoon Network</channel>
    <channel update="i" site="tv.orange.fr" site_id="cctv-divertissement_773" xmltv_id="CCTV Divertissement">CCTV Divertissement</channel>
    <channel update="i" site="tv.orange.fr" site_id="cctv-f_774" xmltv_id="CCTV F">CCTV F</channel>
    <channel update="i" site="tv.orange.fr" site_id="cctv-4_772" xmltv_id="CCTV-4">CCTV-4</channel>
    <channel update="i" site="tv.orange.fr" site_id="changai-dragon-tv_775" xmltv_id="Changai Dragon TV">Changai Dragon TV</channel>
    <channel update="i" site="tv.orange.fr" site_id="channel-one-russia_776" xmltv_id="Channel One Russia">Channel One Russia</channel>
    <channel update="i" site="tv.orange.fr" site_id="chasse-et-peche_38" xmltv_id="Chasse et Pêche">Chasse et Pêche</channel>
    <channel update="i" site="tv.orange.fr" site_id="china-movie_777" xmltv_id="China Movie">China Movie</channel>
    <channel update="i" site="tv.orange.fr" site_id="cherie-25_1399" xmltv_id="Chérie 25">Chérie 25</channel>
    <channel update="i" site="tv.orange.fr" site_id="cine-classic_287" xmltv_id="CINE+ CLASSIC">CINE+ CLASSIC</channel>
    <channel update="i" site="tv.orange.fr" site_id="cine-club_285" xmltv_id="CINE+ CLUB">CINE+ CLUB</channel>
    <channel update="i" site="tv.orange.fr" site_id="cine-emotion_283" xmltv_id="CINE+ EMOTION">CINE+ EMOTION</channel>
    <channel update="i" site="tv.orange.fr" site_id="cine-famiz_401" xmltv_id="CINE+ FAMIZ">CINE+ FAMIZ</channel>
    <channel update="i" site="tv.orange.fr" site_id="cine-frisson_284" xmltv_id="CINE+ FRISSON">CINE+ FRISSON</channel>
    <channel update="i" site="tv.orange.fr" site_id="cine-premier_282" xmltv_id="CINE+ PREMIER">CINE+ PREMIER</channel>
    <channel update="i" site="tv.orange.fr" site_id="cine-fx_288" xmltv_id="Ciné FX">Ciné FX</channel>
    <channel update="i" site="tv.orange.fr" site_id="cine-polar_289" xmltv_id="Ciné Polar">Ciné Polar</channel>
    <channel update="i" site="tv.orange.fr" site_id="classica-hd_1332" xmltv_id="Classica HD">Classica HD</channel>
    <channel update="i" site="tv.orange.fr" site_id="clubbing-tv_628" xmltv_id="Clubbing TV">Clubbing TV</channel>
    <channel update="i" site="tv.orange.fr" site_id="cnbc-europe_51" xmltv_id="CNBC europe">CNBC europe</channel>
    <channel update="i" site="tv.orange.fr" site_id="cnn_53" xmltv_id="CNN">CNN</channel>
    <channel update="i" site="tv.orange.fr" site_id="comedie_54" xmltv_id="COMEDIE+">COMEDIE+</channel>
    <channel update="i" site="tv.orange.fr" site_id="cuisine_239" xmltv_id="Cuisine+">Cuisine+</channel>
    <channel update="i" site="tv.orange.fr" site_id="d17_458" xmltv_id="D17">D17</channel>
    <channel update="i" site="tv.orange.fr" site_id="d8_445" xmltv_id="D8">D8</channel>
    <channel update="i" site="tv.orange.fr" site_id="demain-tv_57" xmltv_id="Demain TV">Demain TV</channel>
    <channel update="i" site="tv.orange.fr" site_id="deutche-welle_61" xmltv_id="Deutche Welle">Deutche Welle</channel>
    <channel update="i" site="tv.orange.fr" site_id="discovery-channel_400" xmltv_id="Discovery Channel">Discovery Channel</channel>
    <channel update="i" site="tv.orange.fr" site_id="disney-channel_58" xmltv_id="Disney Channel">Disney Channel</channel>
    <channel update="i" site="tv.orange.fr" site_id="disney-channel-1_299" xmltv_id="Disney Channel +1">Disney Channel +1</channel>
    <channel update="i" site="tv.orange.fr" site_id="disney-cinemagic_652" xmltv_id="Disney Cinémagic">Disney Cinémagic</channel>
    <channel update="i" site="tv.orange.fr" site_id="dorcel-tv_560" xmltv_id="Dorcel TV">Dorcel TV</channel>
    <channel update="i" site="tv.orange.fr" site_id="e_405" xmltv_id="E">E</channel>
    <channel update="i" site="tv.orange.fr" site_id="encyclo_63" xmltv_id="Encyclo">Encyclo</channel>
    <channel update="i" site="tv.orange.fr" site_id="equidia-life_1146" xmltv_id="Equidia Life">Equidia Life</channel>
    <channel update="i" site="tv.orange.fr" site_id="equidia-live_64" xmltv_id="Equidia Live">Equidia Live</channel>
    <channel update="i" site="tv.orange.fr" site_id="escale_67" xmltv_id="Escale">Escale</channel>
    <channel update="i" site="tv.orange.fr" site_id="euronews_140" xmltv_id="Euronews">Euronews</channel>
    <channel update="i" site="tv.orange.fr" site_id="eurosport_76" xmltv_id="Eurosport">Eurosport</channel>
    <channel update="i" site="tv.orange.fr" site_id="eurosport-2_439" xmltv_id="Eurosport 2">Eurosport 2</channel>
    <channel update="i" site="tv.orange.fr" site_id="france-2_4" xmltv_id="France 2">France 2</channel>
    <channel update="i" site="tv.orange.fr" site_id="france-24_529" xmltv_id="France 24">France 24</channel>
    <channel update="i" site="tv.orange.fr" site_id="france-24-arabic_814" xmltv_id="France 24 Arabic">France 24 Arabic</channel>
    <channel update="i" site="tv.orange.fr" site_id="france-24-english_671" xmltv_id="France 24 English">France 24 English</channel>
    <channel update="i" site="tv.orange.fr" site_id="france-3_80" xmltv_id="France 3">France 3</channel>
    <channel update="i" site="tv.orange.fr" site_id="france-4_78" xmltv_id="France 4">France 4</channel>
    <channel update="i" site="tv.orange.fr" site_id="france-5_47" xmltv_id="France 5">France 5</channel>
    <channel update="i" site="tv.orange.fr" site_id="france-o_160" xmltv_id="France Ô">France Ô</channel>
    <channel update="i" site="tv.orange.fr" site_id="game-one_87" xmltv_id="Game One">Game One</channel>
    <channel update="i" site="tv.orange.fr" site_id="game-one-music_1158" xmltv_id="Game One Music">Game One Music</channel>
    <channel update="i" site="tv.orange.fr" site_id="ginx_563" xmltv_id="Ginx">Ginx</channel>
    <channel update="i" site="tv.orange.fr" site_id="girondins-tv_779" xmltv_id="Girondins TV">Girondins TV</channel>
    <channel update="i" site="tv.orange.fr" site_id="golf-channel_1062" xmltv_id="Golf channel">Golf channel</channel>
    <channel update="i" site="tv.orange.fr" site_id="gong_621" xmltv_id="Gong">Gong</channel>
    <channel update="i" site="tv.orange.fr" site_id="grand-lille_1317" xmltv_id="Grand Lille">Grand Lille</channel>
    <channel update="i" site="tv.orange.fr" site_id="guangdong-southern-tv_780" xmltv_id="Guangdong Southern TV">Guangdong Southern TV</channel>
    <channel update="i" site="tv.orange.fr" site_id="gulli_482" xmltv_id="Gulli">Gulli</channel>
    <channel update="i" site="tv.orange.fr" site_id="hd1_1404" xmltv_id="HD1">HD1</channel>
    <channel update="i" site="tv.orange.fr" site_id="histoire_88" xmltv_id="Histoire">Histoire</channel>
    <channel update="i" site="tv.orange.fr" site_id="hunan-satellite-tv_782" xmltv_id="Hunan Satellite TV">Hunan Satellite TV</channel>
    <channel update="i" site="tv.orange.fr" site_id="hustler-tv_416" xmltv_id="Hustler TV">Hustler TV</channel>
    <channel update="i" site="tv.orange.fr" site_id="i-concerts-hd_816" xmltv_id="I concerts HD">I concerts HD</channel>
    <channel update="i" site="tv.orange.fr" site_id="i-tele_226" xmltv_id="i Télé">i Télé</channel>
    <channel update="i" site="tv.orange.fr" site_id="i24news_781" xmltv_id="I24News">I24News</channel>
    <channel update="i" site="tv.orange.fr" site_id="idf1_1318" xmltv_id="IDF1">IDF1</channel>
    <channel update="i" site="tv.orange.fr" site_id="infosport_94" xmltv_id="INFOSPORT+">INFOSPORT+</channel>
    <channel update="i" site="tv.orange.fr" site_id="jimmy_96" xmltv_id="Jimmy">Jimmy</channel>
    <channel update="i" site="tv.orange.fr" site_id="june-tv_403" xmltv_id="June TV">June TV</channel>
    <channel update="i" site="tv.orange.fr" site_id="kto_110" xmltv_id="KTO">KTO</channel>
    <channel update="i" site="tv.orange.fr" site_id="kztv_929" xmltv_id="KZTV">KZTV</channel>
    <channel update="i" site="tv.orange.fr" site_id="l-equipe-21_1401" xmltv_id="L'Equipe 21">L'Equipe 21</channel>
    <channel update="i" site="tv.orange.fr" site_id="la-chaine-parlementaire_234" xmltv_id="La Chaîne Parlementaire">La Chaîne Parlementaire</channel>
    <channel update="i" site="tv.orange.fr" site_id="lci-la-chaine-info_112" xmltv_id="LCI - La Chaîne Info">LCI - La Chaîne Info</channel>
    <channel update="i" site="tv.orange.fr" site_id="lucky-jack_1061" xmltv_id="Lucky Jack">Lucky Jack</channel>
    <channel update="i" site="tv.orange.fr" site_id="m6_118" xmltv_id="M6">M6</channel>
    <channel update="i" site="tv.orange.fr" site_id="m6-boutique-co_184" xmltv_id="M6 Boutique &amp; Co">M6 Boutique &amp; Co</channel>
    <channel update="i" site="tv.orange.fr" site_id="m6-music_453" xmltv_id="M6 Music">M6 Music</channel>
    <channel update="i" site="tv.orange.fr" site_id="m6-music-black_432" xmltv_id="M6 Music Black">M6 Music Black</channel>
    <channel update="i" site="tv.orange.fr" site_id="m6-music-club_747" xmltv_id="M6 Music Club">M6 Music Club</channel>
    <channel update="i" site="tv.orange.fr" site_id="ma-chaine-sport_675" xmltv_id="Ma Chaîne Sport">Ma Chaîne Sport</channel>
    <channel update="i" site="tv.orange.fr" site_id="ma-chaine-sport-extreme_353" xmltv_id="Ma Chaîne Sport Extrême">Ma Chaîne Sport Extrême</channel>
    <channel update="i" site="tv.orange.fr" site_id="ma-chaine-etudiante_1099" xmltv_id="Ma chaîne étudiante">Ma chaîne étudiante</channel>
    <channel update="i" site="tv.orange.fr" site_id="maison_522" xmltv_id="Maison+">Maison+</channel>
    <channel update="i" site="tv.orange.fr" site_id="man-x-g_1319" xmltv_id="Man-X G">Man-X G</channel>
    <channel update="i" site="tv.orange.fr" site_id="mangas_6" xmltv_id="Mangas">Mangas</channel>
    <channel update="i" site="tv.orange.fr" site_id="mcm_121" xmltv_id="MCM">MCM</channel>
    <channel update="i" site="tv.orange.fr" site_id="mcm-pop_241" xmltv_id="MCM Pop">MCM Pop</channel>
    <channel update="i" site="tv.orange.fr" site_id="mcm-top_343" xmltv_id="MCM Top">MCM Top</channel>
    <channel update="i" site="tv.orange.fr" site_id="medi-sat_665" xmltv_id="Medi Sat">Medi Sat</channel>
    <channel update="i" site="tv.orange.fr" site_id="melody_933" xmltv_id="Melody">Melody</channel>
    <channel update="i" site="tv.orange.fr" site_id="men-s-up-tv_1044" xmltv_id="Men's up TV">Men's up TV</channel>
    <channel update="i" site="tv.orange.fr" site_id="mezzo_125" xmltv_id="Mezzo">Mezzo</channel>
    <channel update="i" site="tv.orange.fr" site_id="mezzo-live-hd_907" xmltv_id="Mezzo Live HD">Mezzo Live HD</channel>
    <channel update="i" site="tv.orange.fr" site_id="mirabelle-tv_1160" xmltv_id="Mirabelle TV">Mirabelle TV</channel>
    <channel update="i" site="tv.orange.fr" site_id="montagne-tv_1050" xmltv_id="Montagne TV">Montagne TV</channel>
    <channel update="i" site="tv.orange.fr" site_id="motors-tv_237" xmltv_id="Motors TV">Motors TV</channel>
    <channel update="i" site="tv.orange.fr" site_id="mtv_128" xmltv_id="MTV">MTV</channel>
    <channel update="i" site="tv.orange.fr" site_id="mtv-base-france_685" xmltv_id="MTV Base France">MTV Base France</channel>
    <channel update="i" site="tv.orange.fr" site_id="mtv-idol_486" xmltv_id="MTV Idol">MTV Idol</channel>
    <channel update="i" site="tv.orange.fr" site_id="mtv-pulse_487" xmltv_id="MTV Pulse">MTV Pulse</channel>
    <channel update="i" site="tv.orange.fr" site_id="my-zen-hd_786" xmltv_id="My Zen HD">My Zen HD</channel>
    <channel update="i" site="tv.orange.fr" site_id="national-geographic_243" xmltv_id="National Geographic">National Geographic</channel>
    <channel update="i" site="tv.orange.fr" site_id="national-geographic-wild_719" xmltv_id="National Geographic WILD">National Geographic WILD</channel>
    <channel update="i" site="tv.orange.fr" site_id="nautical-channel_415" xmltv_id="Nautical Channel">Nautical Channel</channel>
    <channel update="i" site="tv.orange.fr" site_id="nhk-world_1320" xmltv_id="NHK World">NHK World</channel>
    <channel update="i" site="tv.orange.fr" site_id="nickelodeon_473" xmltv_id="Nickelodéon">Nickelodéon</channel>
    <channel update="i" site="tv.orange.fr" site_id="nolife_787" xmltv_id="Nolife">Nolife</channel>
    <channel update="i" site="tv.orange.fr" site_id="normandie-tv_601" xmltv_id="Normandie TV">Normandie TV</channel>
    <channel update="i" site="tv.orange.fr" site_id="nrj-12_444" xmltv_id="NRJ 12">NRJ 12</channel>
    <channel update="i" site="tv.orange.fr" site_id="nrj-hits_605" xmltv_id="NRJ Hits">NRJ Hits</channel>
    <channel update="i" site="tv.orange.fr" site_id="nt-1_446" xmltv_id="NT 1">NT 1</channel>
    <channel update="i" site="tv.orange.fr" site_id="numero-23_1402" xmltv_id="Numéro 23">Numéro 23</channel>
    <channel update="i" site="tv.orange.fr" site_id="o-five_1046" xmltv_id="O-Five">O-Five</channel>
    <channel update="i" site="tv.orange.fr" site_id="ocs-choc_732" xmltv_id="OCS Choc">OCS Choc</channel>
    <channel update="i" site="tv.orange.fr" site_id="ocs-city_733" xmltv_id="OCS City">OCS City</channel>
    <channel update="i" site="tv.orange.fr" site_id="ocs-geants_734" xmltv_id="OCS Géants">OCS Géants</channel>
    <channel update="i" site="tv.orange.fr" site_id="ocs-max_730" xmltv_id="OCS Max">OCS Max</channel>
    <channel update="i" site="tv.orange.fr" site_id="ol-tv-olympique-lyonnais_463" xmltv_id="OL TV - Olympique Lyonnais">OL TV - Olympique Lyonnais</channel>
    <channel update="i" site="tv.orange.fr" site_id="omtv_334" xmltv_id="OMtv">OMtv</channel>
    <channel update="i" site="tv.orange.fr" site_id="paramount-channel_1562" xmltv_id="Paramount Channel">Paramount Channel</channel>
    <channel update="i" site="tv.orange.fr" site_id="paris-premiere_145" xmltv_id="Paris Première">Paris Première</channel>
    <channel update="i" site="tv.orange.fr" site_id="penthouse-1_837" xmltv_id="Penthouse 1">Penthouse 1</channel>
    <channel update="i" site="tv.orange.fr" site_id="penthouse-2_954" xmltv_id="Penthouse 2">Penthouse 2</channel>
    <channel update="i" site="tv.orange.fr" site_id="phoenix-cne_788" xmltv_id="Phoenix CNE">Phoenix CNE</channel>
    <channel update="i" site="tv.orange.fr" site_id="pink-tv_406" xmltv_id="Pink TV">Pink TV</channel>
    <channel update="i" site="tv.orange.fr" site_id="piwi_344" xmltv_id="PIWI+">PIWI+</channel>
    <channel update="i" site="tv.orange.fr" site_id="planete_147" xmltv_id="PLANETE+">PLANETE+</channel>
    <channel update="i" site="tv.orange.fr" site_id="planete-a-e_402" xmltv_id="PLANETE+ A&amp;E">PLANETE+ A&amp;E</channel>
    <channel update="i" site="tv.orange.fr" site_id="planete-ci_662" xmltv_id="PLANETE+ CI">PLANETE+ CI</channel>
    <channel update="i" site="tv.orange.fr" site_id="planete-thalassa_302" xmltv_id="PLANETE+ Thalassa">PLANETE+ Thalassa</channel>
    <channel update="i" site="tv.orange.fr" site_id="rai-due_154" xmltv_id="Rai Due">Rai Due</channel>
    <channel update="i" site="tv.orange.fr" site_id="rai-news_792" xmltv_id="Rai News">Rai News</channel>
    <channel update="i" site="tv.orange.fr" site_id="rai-scuola_789" xmltv_id="Rai Scuola">Rai Scuola</channel>
    <channel update="i" site="tv.orange.fr" site_id="rai-storia_790" xmltv_id="Rai Storia">Rai Storia</channel>
    <channel update="i" site="tv.orange.fr" site_id="rai-tre_155" xmltv_id="Rai Tre">Rai Tre</channel>
    <channel update="i" site="tv.orange.fr" site_id="rai-uno_156" xmltv_id="Rai Uno">Rai Uno</channel>
    <channel update="i" site="tv.orange.fr" site_id="record-news_793" xmltv_id="Record News">Record News</channel>
    <channel update="i" site="tv.orange.fr" site_id="rmc-decouverte_1400" xmltv_id="RMC Découverte">RMC Découverte</channel>
    <channel update="i" site="tv.orange.fr" site_id="rotana-cinema_795" xmltv_id="Rotana Cinema">Rotana Cinema</channel>
    <channel update="i" site="tv.orange.fr" site_id="rotana-clip_796" xmltv_id="Rotana Clip">Rotana Clip</channel>
    <channel update="i" site="tv.orange.fr" site_id="rotana-khallejiah_797" xmltv_id="Rotana Khallejiah">Rotana Khallejiah</channel>
    <channel update="i" site="tv.orange.fr" site_id="rotana-moussica_798" xmltv_id="Rotana moussica">Rotana moussica</channel>
    <channel update="i" site="tv.orange.fr" site_id="rotana-zaman_800" xmltv_id="Rotana Zaman">Rotana Zaman</channel>
    <channel update="i" site="tv.orange.fr" site_id="rtl-9_115" xmltv_id="RTL 9">RTL 9</channel>
    <channel update="i" site="tv.orange.fr" site_id="rtpi_806" xmltv_id="RTPi">RTPi</channel>
    <channel update="i" site="tv.orange.fr" site_id="reunion-1ere_245" xmltv_id="Réunion 1ère">Réunion 1ère</channel>
    <channel update="i" site="tv.orange.fr" site_id="sic-international_807" xmltv_id="SIC International">SIC International</channel>
    <channel update="i" site="tv.orange.fr" site_id="sky-news_368" xmltv_id="Sky News">Sky News</channel>
    <channel update="i" site="tv.orange.fr" site_id="souvenirs-from-earth_926" xmltv_id="Souvenirs from earth">Souvenirs from earth</channel>
    <channel update="i" site="tv.orange.fr" site_id="sport-365_1355" xmltv_id="Sport 365">Sport 365</channel>
    <channel update="i" site="tv.orange.fr" site_id="sport_8" xmltv_id="Sport+">Sport+</channel>
    <channel update="i" site="tv.orange.fr" site_id="stylia_142" xmltv_id="Stylia">Stylia</channel>
    <channel update="i" site="tv.orange.fr" site_id="syfy_479" xmltv_id="SyFy">SyFy</channel>
    <channel update="i" site="tv.orange.fr" site_id="serie-club_49" xmltv_id="Série club">Série club</channel>
    <channel update="i" site="tv.orange.fr" site_id="tcm_185" xmltv_id="TCM">TCM</channel>
    <channel update="i" site="tv.orange.fr" site_id="teletoon_197" xmltv_id="TELETOON+">TELETOON+</channel>
    <channel update="i" site="tv.orange.fr" site_id="telif_409" xmltv_id="TELIF">TELIF</channel>
    <channel update="i" site="tv.orange.fr" site_id="tf-6_228" xmltv_id="TF 6">TF 6</channel>
    <channel update="i" site="tv.orange.fr" site_id="tf1_192" xmltv_id="TF1">TF1</channel>
    <channel update="i" site="tv.orange.fr" site_id="the-museum-channel_1103" xmltv_id="The Museum Channel">The Museum Channel</channel>
    <channel update="i" site="tv.orange.fr" site_id="tiji_229" xmltv_id="Tiji">Tiji</channel>
    <channel update="i" site="tv.orange.fr" site_id="tlm_1325" xmltv_id="TLM">TLM</channel>
    <channel update="i" site="tv.orange.fr" site_id="tlt_1326" xmltv_id="TLT">TLT</channel>
    <channel update="i" site="tv.orange.fr" site_id="tmc_195" xmltv_id="TMC">TMC</channel>
    <channel update="i" site="tv.orange.fr" site_id="tna_802" xmltv_id="TNA">TNA</channel>
    <channel update="i" site="tv.orange.fr" site_id="toute-l-histoire_7" xmltv_id="Toute l'histoire">Toute l'histoire</channel>
    <channel update="i" site="tv.orange.fr" site_id="trace-sports-stars_1168" xmltv_id="Trace Sports Stars">Trace Sports Stars</channel>
    <channel update="i" site="tv.orange.fr" site_id="trace-tropical_753" xmltv_id="Trace Tropical">Trace Tropical</channel>
    <channel update="i" site="tv.orange.fr" site_id="trace-urban_325" xmltv_id="TRACE Urban">TRACE Urban</channel>
    <channel update="i" site="tv.orange.fr" site_id="trt-internationale_803" xmltv_id="TRT Internationale">TRT Internationale</channel>
    <channel update="i" site="tv.orange.fr" site_id="tv-polonia_804" xmltv_id="TV Polonia">TV Polonia</channel>
    <channel update="i" site="tv.orange.fr" site_id="tv-record-europe_805" xmltv_id="TV Record Europe">TV Record Europe</channel>
    <channel update="i" site="tv.orange.fr" site_id="tv-sud_1327" xmltv_id="TV Sud">TV Sud</channel>
    <channel update="i" site="tv.orange.fr" site_id="tv5monde_205" xmltv_id="TV5MONDE">TV5MONDE</channel>
    <channel update="i" site="tv.orange.fr" site_id="tv7_1328" xmltv_id="TV7">TV7</channel>
    <channel update="i" site="tv.orange.fr" site_id="tvbreizh_225" xmltv_id="TvBreizh">TvBreizh</channel>
    <channel update="i" site="tv.orange.fr" site_id="tve_373" xmltv_id="TVE">TVE</channel>
    <channel update="i" site="tv.orange.fr" site_id="tvr_1329" xmltv_id="TVR">TVR</channel>
    <channel update="i" site="tv.orange.fr" site_id="tebeo_1321" xmltv_id="Tébéo">Tébéo</channel>
    <channel update="i" site="tv.orange.fr" site_id="tele-grenoble-isere_1323" xmltv_id="Télé Grenoble Isère">Télé Grenoble Isère</channel>
    <channel update="i" site="tv.orange.fr" site_id="tele-locale-provence_1322" xmltv_id="Télé Locale Provence">Télé Locale Provence</channel>
    <channel update="i" site="tv.orange.fr" site_id="telenantes_1324" xmltv_id="télénantes">télénantes</channel>
    <channel update="i" site="tv.orange.fr" site_id="television-nationale-tunisienne_371" xmltv_id="Télévision Nationale Tunisienne">Télévision Nationale Tunisienne</channel>
    <channel update="i" site="tv.orange.fr" site_id="teva_191" xmltv_id="Téva">Téva</channel>
    <channel update="i" site="tv.orange.fr" site_id="ushuaia-tv_451" xmltv_id="Ushuaia TV">Ushuaia TV</channel>
    <channel update="i" site="tv.orange.fr" site_id="vivolta_659" xmltv_id="Vivolta">Vivolta</channel>
    <channel update="i" site="tv.orange.fr" site_id="voo-tv_1274" xmltv_id="Voo TV">Voo TV</channel>
    <channel update="i" site="tv.orange.fr" site_id="vosges-tv_1330" xmltv_id="Vosges TV">Vosges TV</channel>
    <channel update="i" site="tv.orange.fr" site_id="voyage_212" xmltv_id="Voyage">Voyage</channel>
    <channel update="i" site="tv.orange.fr" site_id="w9_119" xmltv_id="W9">W9</channel>
    <channel update="i" site="tv.orange.fr" site_id="weo_1331" xmltv_id="Wéo">Wéo</channel>
    <channel update="i" site="tv.orange.fr" site_id="xxl_218" xmltv_id="XXL">XXL</channel>
  </channels>
</site>