﻿<?xml version="1.0" encoding="UTF-8"?>
<site generator-info-name="WebGrab+Plus/w MDB &amp; REX Postprocess -- version 1.54.6/0.01 -- Jan van Straaten" site="filmon.com">
  <channels>
    <channel update="i" site="filmon.com" site_id="14" xmltv_id="BBC One">BBC One</channel>
    <channel update="i" site="filmon.com" site_id="689" xmltv_id="FilmOn TV Live">FilmOn TV Live</channel>
    <channel update="i" site="filmon.com" site_id="3227" xmltv_id="BBC 1 Wales">BBC 1 Wales</channel>
    <channel update="i" site="filmon.com" site_id="1309" xmltv_id="BBC Music Magazine">BBC Music Magazine</channel>
    <channel update="i" site="filmon.com" site_id="27" xmltv_id="BBC News">BBC News</channel>
    <channel update="i" site="filmon.com" site_id="361" xmltv_id="BBC 1 North Ireland">BBC 1 North Ireland</channel>
    <channel update="i" site="filmon.com" site_id="3166" xmltv_id="BBC 1 Scotland">BBC 1 Scotland</channel>
    <channel update="i" site="filmon.com" site_id="3211" xmltv_id="ITVBe">ITVBe</channel>
    <channel update="i" site="filmon.com" site_id="25" xmltv_id="BBC Two">BBC Two</channel>
    <channel update="i" site="filmon.com" site_id="1666" xmltv_id="BBC Parliament">BBC Parliament</channel>
    <channel update="i" site="filmon.com" site_id="103" xmltv_id="CBEEBIES\/BBC Four">CBEEBIES\/BBC Four</channel>
    <channel update="i" site="filmon.com" site_id="113" xmltv_id="BBC Three">BBC Three</channel>
    <channel update="i" site="filmon.com" site_id="2" xmltv_id="Channel 4 ">Channel 4 </channel>
    <channel update="i" site="filmon.com" site_id="22" xmltv_id="Channel 5">Channel 5</channel>
    <channel update="i" site="filmon.com" site_id="11" xmltv_id="ITV1 ">ITV1 </channel>
    <channel update="i" site="filmon.com" site_id="370" xmltv_id="Dave">Dave</channel>
    <channel update="i" site="filmon.com" site_id="67" xmltv_id="ITV2">ITV2</channel>
    <channel update="i" site="filmon.com" site_id="2707" xmltv_id="QUEST">QUEST</channel>
    <channel update="i" site="filmon.com" site_id="65" xmltv_id="E4">E4</channel>
    <channel update="i" site="filmon.com" site_id="1039" xmltv_id="Yesterday">Yesterday</channel>
    <channel update="i" site="filmon.com" site_id="1811" xmltv_id="CBS Reality+1">CBS Reality+1</channel>
    <channel update="i" site="filmon.com" site_id="1808" xmltv_id="CBS Reality">CBS Reality</channel>
    <channel update="i" site="filmon.com" site_id="1805" xmltv_id="CBS Drama">CBS Drama</channel>
    <channel update="i" site="filmon.com" site_id="26" xmltv_id="ITV3">ITV3</channel>
    <channel update="i" site="filmon.com" site_id="101" xmltv_id="ITV4">ITV4</channel>
    <channel update="i" site="filmon.com" site_id="1826" xmltv_id="ITV4+1">ITV4+1</channel>
    <channel update="i" site="filmon.com" site_id="1817" xmltv_id="ITV+1">ITV+1</channel>
    <channel update="i" site="filmon.com" site_id="1820" xmltv_id="ITV2+1">ITV2+1</channel>
    <channel update="i" site="filmon.com" site_id="1823" xmltv_id="ITV3+1">ITV3+1</channel>
    <channel update="i" site="filmon.com" site_id="97" xmltv_id="More4">More4</channel>
    <channel update="i" site="filmon.com" site_id="372" xmltv_id="Really">Really</channel>
    <channel update="i" site="filmon.com" site_id="845" xmltv_id="5USA">5USA</channel>
    <channel update="i" site="filmon.com" site_id="371" xmltv_id="Pick TV">Pick TV</channel>
    <channel update="i" site="filmon.com" site_id="1948" xmltv_id="FilmOn Tennis">FilmOn Tennis</channel>
    <channel update="i" site="filmon.com" site_id="2831" xmltv_id="Fighting Athletes Network">Fighting Athletes Network</channel>
    <channel update="i" site="filmon.com" site_id="3110" xmltv_id="Sports Bloopers TV">Sports Bloopers TV</channel>
    <channel update="i" site="filmon.com" site_id="3130" xmltv_id="Ultimate Disc TV">Ultimate Disc TV</channel>
    <channel update="i" site="filmon.com" site_id="3143" xmltv_id="Filmon Boxing">Filmon Boxing</channel>
    <channel update="i" site="filmon.com" site_id="3158" xmltv_id="Galli Lucha Libre">Galli Lucha Libre</channel>
    <channel update="i" site="filmon.com" site_id="374" xmltv_id="FilmOn Football ">FilmOn Football </channel>
    <channel update="i" site="filmon.com" site_id="2737" xmltv_id="Roopstigo">Roopstigo</channel>
    <channel update="i" site="filmon.com" site_id="1756" xmltv_id="Game Time">Game Time</channel>
    <channel update="i" site="filmon.com" site_id="713" xmltv_id="UFC Next">UFC Next</channel>
    <channel update="i" site="filmon.com" site_id="1988" xmltv_id="1 on 1 Boxing TV">1 on 1 Boxing TV</channel>
    <channel update="i" site="filmon.com" site_id="1477" xmltv_id="MLB Network: Intentional Talk">MLB Network: Intentional Talk</channel>
    <channel update="i" site="filmon.com" site_id="980" xmltv_id="AFL Classic">AFL Classic</channel>
    <channel update="i" site="filmon.com" site_id="1019" xmltv_id="Cheer Channel">Cheer Channel</channel>
    <channel update="i" site="filmon.com" site_id="326" xmltv_id="X-Treme Sports">X-Treme Sports</channel>
    <channel update="i" site="filmon.com" site_id="373" xmltv_id="NWA Wrestling">NWA Wrestling</channel>
    <channel update="i" site="filmon.com" site_id="802" xmltv_id="Masked Republic AAA Lucha Libre">Masked Republic AAA Lucha Libre</channel>
    <channel update="i" site="filmon.com" site_id="1484" xmltv_id="Freeskier Magazine Podcast">Freeskier Magazine Podcast</channel>
    <channel update="i" site="filmon.com" site_id="1479" xmltv_id="shralp! snowboarding video news">shralp! snowboarding video news</channel>
    <channel update="i" site="filmon.com" site_id="1093" xmltv_id="FUEL TV Motocross">FUEL TV Motocross</channel>
    <channel update="i" site="filmon.com" site_id="1090" xmltv_id="The best of FUEL TV">The best of FUEL TV</channel>
    <channel update="i" site="filmon.com" site_id="1483" xmltv_id="The Best of the UFC\u00ae">The Best of the UFC\u00ae</channel>
    <channel update="i" site="filmon.com" site_id="1254" xmltv_id="Correr es Vivir">Correr es Vivir</channel>
    <channel update="i" site="filmon.com" site_id="1487" xmltv_id="Element">Element</channel>
    <channel update="i" site="filmon.com" site_id="1684" xmltv_id="FilmOn Horror Network">FilmOn Horror Network</channel>
    <channel update="i" site="filmon.com" site_id="3190" xmltv_id="Creepy Crawly\u00a0">Creepy Crawly\u00a0</channel>
    <channel update="i" site="filmon.com" site_id="2699" xmltv_id="Chillings">Chillings</channel>
    <channel update="i" site="filmon.com" site_id="3071" xmltv_id="Zombie Underworld">Zombie Underworld</channel>
    <channel update="i" site="filmon.com" site_id="256" xmltv_id="RSquared">RSquared</channel>
    <channel update="i" site="filmon.com" site_id="339" xmltv_id="Terror-Flix">Terror-Flix</channel>
    <channel update="i" site="filmon.com" site_id="315" xmltv_id="Macabre Theatre">Macabre Theatre</channel>
    <channel update="i" site="filmon.com" site_id="393" xmltv_id="American Horrors">American Horrors</channel>
    <channel update="i" site="filmon.com" site_id="836" xmltv_id="Horror Channel">Horror Channel</channel>
    <channel update="i" site="filmon.com" site_id="500" xmltv_id="Action Cinema">Action Cinema</channel>
    <channel update="i" site="filmon.com" site_id="3068" xmltv_id="Beatles Stories">Beatles Stories</channel>
    <channel update="i" site="filmon.com" site_id="3074" xmltv_id="Eurotrash">Eurotrash</channel>
    <channel update="i" site="filmon.com" site_id="3080" xmltv_id="High School">High School</channel>
    <channel update="i" site="filmon.com" site_id="3092" xmltv_id=" New York Channel"> New York Channel</channel>
    <channel update="i" site="filmon.com" site_id="3095" xmltv_id="Major Crimes">Major Crimes</channel>
    <channel update="i" site="filmon.com" site_id="2716" xmltv_id="ShockMasters">ShockMasters</channel>
    <channel update="i" site="filmon.com" site_id="2719" xmltv_id="Movie Loft TV">Movie Loft TV</channel>
    <channel update="i" site="filmon.com" site_id="2948" xmltv_id="Bloodzillathon">Bloodzillathon</channel>
    <channel update="i" site="filmon.com" site_id="2951" xmltv_id="Banned Westerns">Banned Westerns</channel>
    <channel update="i" site="filmon.com" site_id="3047" xmltv_id="BiTV Stream">BiTV Stream</channel>
    <channel update="i" site="filmon.com" site_id="10" xmltv_id="FilmOn Martial Arts">FilmOn Martial Arts</channel>
    <channel update="i" site="filmon.com" site_id="336" xmltv_id="Cultra">Cultra</channel>
    <channel update="i" site="filmon.com" site_id="1991" xmltv_id="iFlix TV">iFlix TV</channel>
    <channel update="i" site="filmon.com" site_id="503" xmltv_id="Inspirational Films">Inspirational Films</channel>
    <channel update="i" site="filmon.com" site_id="494" xmltv_id="Filmon Stars">Filmon Stars</channel>
    <channel update="i" site="filmon.com" site_id="1967" xmltv_id="Kung Fu Classics">Kung Fu Classics</channel>
    <channel update="i" site="filmon.com" site_id="1693" xmltv_id="Double Feature TV">Double Feature TV</channel>
    <channel update="i" site="filmon.com" site_id="2023" xmltv_id="Oldie Goldie">Oldie Goldie</channel>
    <channel update="i" site="filmon.com" site_id="390" xmltv_id="Linkct Network">Linkct Network</channel>
    <channel update="i" site="filmon.com" site_id="13" xmltv_id="Film 4">Film 4</channel>
    <channel update="i" site="filmon.com" site_id="707" xmltv_id="American Primetime Television">American Primetime Television</channel>
    <channel update="i" site="filmon.com" site_id="1045" xmltv_id="Action Zone">Action Zone</channel>
    <channel update="i" site="filmon.com" site_id="310" xmltv_id="FilmOn Grab Bag TV">FilmOn Grab Bag TV</channel>
    <channel update="i" site="filmon.com" site_id="382" xmltv_id="Sci-Fi Telly">Sci-Fi Telly</channel>
    <channel update="i" site="filmon.com" site_id="411" xmltv_id="Hollywoodland Channel">Hollywoodland Channel</channel>
    <channel update="i" site="filmon.com" site_id="384" xmltv_id="The Western Channel">The Western Channel</channel>
    <channel update="i" site="filmon.com" site_id="1052" xmltv_id="Matriarch TV">Matriarch TV</channel>
    <channel update="i" site="filmon.com" site_id="514" xmltv_id="Threshold ">Threshold </channel>
    <channel update="i" site="filmon.com" site_id="2966" xmltv_id="Charlie Chaplin">Charlie Chaplin</channel>
    <channel update="i" site="filmon.com" site_id="2969" xmltv_id="The Beverly Hillbillies">The Beverly Hillbillies</channel>
    <channel update="i" site="filmon.com" site_id="2972" xmltv_id="Robin Hood ">Robin Hood </channel>
    <channel update="i" site="filmon.com" site_id="3011" xmltv_id="Timeless television">Timeless television</channel>
    <channel update="i" site="filmon.com" site_id="3017" xmltv_id="Spud's crime and punishment channel">Spud's crime and punishment channel</channel>
    <channel update="i" site="filmon.com" site_id="3098" xmltv_id="The Dick Van Dyke Show">The Dick Van Dyke Show</channel>
    <channel update="i" site="filmon.com" site_id="3101" xmltv_id="The Lucy Show">The Lucy Show</channel>
    <channel update="i" site="filmon.com" site_id="3119" xmltv_id="The Andy Griffith show">The Andy Griffith show</channel>
    <channel update="i" site="filmon.com" site_id="2957" xmltv_id="Bonanza">Bonanza</channel>
    <channel update="i" site="filmon.com" site_id="2960" xmltv_id="Ozzie &amp; Harriet">Ozzie &amp; Harriet</channel>
    <channel update="i" site="filmon.com" site_id="2963" xmltv_id="One Step Beyond">One Step Beyond</channel>
    <channel update="i" site="filmon.com" site_id="1117" xmltv_id="Old Jews Telling Jokes">Old Jews Telling Jokes</channel>
    <channel update="i" site="filmon.com" site_id="1114" xmltv_id="Dilbert Animated Cartoons">Dilbert Animated Cartoons</channel>
    <channel update="i" site="filmon.com" site_id="3020" xmltv_id="Spud's funny channel">Spud's funny channel</channel>
    <channel update="i" site="filmon.com" site_id="1111" xmltv_id="The New Yorker Animated Cartoons">The New Yorker Animated Cartoons</channel>
    <channel update="i" site="filmon.com" site_id="1108" xmltv_id="The Ricky Gervais Podcast">The Ricky Gervais Podcast</channel>
    <channel update="i" site="filmon.com" site_id="1209" xmltv_id="Rhett and Link">Rhett and Link</channel>
    <channel update="i" site="filmon.com" site_id="1099" xmltv_id="College Humor">College Humor</channel>
    <channel update="i" site="filmon.com" site_id="1013" xmltv_id="Supa Pirate Booty Hunt">Supa Pirate Booty Hunt</channel>
    <channel update="i" site="filmon.com" site_id="1727" xmltv_id="Fun Little Movies">Fun Little Movies</channel>
    <channel update="i" site="filmon.com" site_id="1198" xmltv_id="Friday Night Cranks">Friday Night Cranks</channel>
    <channel update="i" site="filmon.com" site_id="1102" xmltv_id="Kevin Pollak's Chat Show">Kevin Pollak's Chat Show</channel>
    <channel update="i" site="filmon.com" site_id="497" xmltv_id="Urban Comedy ">Urban Comedy </channel>
    <channel update="i" site="filmon.com" site_id="716" xmltv_id="Popcorn TV">Popcorn TV</channel>
    <channel update="i" site="filmon.com" site_id="344" xmltv_id="ComedyTime TV">ComedyTime TV</channel>
    <channel update="i" site="filmon.com" site_id="911" xmltv_id="Eye for an Eye">Eye for an Eye</channel>
    <channel update="i" site="filmon.com" site_id="2786" xmltv_id="CCTV9 Documentary">CCTV9 Documentary</channel>
    <channel update="i" site="filmon.com" site_id="2954" xmltv_id="FilmOn War Channel">FilmOn War Channel</channel>
    <channel update="i" site="filmon.com" site_id="805" xmltv_id="The War Channel">The War Channel</channel>
    <channel update="i" site="filmon.com" site_id="2710" xmltv_id="Living History Channel">Living History Channel</channel>
    <channel update="i" site="filmon.com" site_id="381" xmltv_id="WW2 TeeVee">WW2 TeeVee</channel>
    <channel update="i" site="filmon.com" site_id="1016" xmltv_id="The World Of...">The World Of...</channel>
    <channel update="i" site="filmon.com" site_id="1618" xmltv_id="Paranormal TV">Paranormal TV</channel>
    <channel update="i" site="filmon.com" site_id="2633" xmltv_id="Biography TV">Biography TV</channel>
    <channel update="i" site="filmon.com" site_id="298" xmltv_id="France24">France24</channel>
    <channel update="i" site="filmon.com" site_id="2834" xmltv_id="TV47">TV47</channel>
    <channel update="i" site="filmon.com" site_id="2996" xmltv_id="VoA English">VoA English</channel>
    <channel update="i" site="filmon.com" site_id="3044" xmltv_id="Al Jazeera America">Al Jazeera America</channel>
    <channel update="i" site="filmon.com" site_id="3113" xmltv_id="Occupy Television">Occupy Television</channel>
    <channel update="i" site="filmon.com" site_id="3181" xmltv_id="Farrakhan">Farrakhan</channel>
    <channel update="i" site="filmon.com" site_id="3223" xmltv_id="NEWSMAX">NEWSMAX</channel>
    <channel update="i" site="filmon.com" site_id="302" xmltv_id="FilmOn Breaking News">FilmOn Breaking News</channel>
    <channel update="i" site="filmon.com" site_id="4" xmltv_id="Al Jazeera">Al Jazeera</channel>
    <channel update="i" site="filmon.com" site_id="81" xmltv_id="Bloomberg">Bloomberg</channel>
    <channel update="i" site="filmon.com" site_id="1054" xmltv_id="NBC Nightly News">NBC Nightly News</channel>
    <channel update="i" site="filmon.com" site_id="2641" xmltv_id="DW English">DW English</channel>
    <channel update="i" site="filmon.com" site_id="93" xmltv_id="Russia Today">Russia Today</channel>
    <channel update="i" site="filmon.com" site_id="1759" xmltv_id="What America Thinks">What America Thinks</channel>
    <channel update="i" site="filmon.com" site_id="1672" xmltv_id="Euronews English">Euronews English</channel>
    <channel update="i" site="filmon.com" site_id="1675" xmltv_id="CCTV News">CCTV News</channel>
    <channel update="i" site="filmon.com" site_id="697" xmltv_id="Free Speech TV">Free Speech TV</channel>
    <channel update="i" site="filmon.com" site_id="725" xmltv_id="DVIDs TV">DVIDs TV</channel>
    <channel update="i" site="filmon.com" site_id="905" xmltv_id="Press TV">Press TV</channel>
    <channel update="i" site="filmon.com" site_id="1057" xmltv_id="NBC Today show">NBC Today show</channel>
    <channel update="i" site="filmon.com" site_id="1678" xmltv_id="Job Channel Network">Job Channel Network</channel>
    <channel update="i" site="filmon.com" site_id="333" xmltv_id="The Pentagon">The Pentagon</channel>
    <channel update="i" site="filmon.com" site_id="330" xmltv_id="NASA HD">NASA HD</channel>
    <channel update="i" site="filmon.com" site_id="1060" xmltv_id="Anderson Cooper 360 Daily">Anderson Cooper 360 Daily</channel>
    <channel update="i" site="filmon.com" site_id="1063" xmltv_id="MSNBC Morning Joe">MSNBC Morning Joe</channel>
    <channel update="i" site="filmon.com" site_id="1066" xmltv_id="NBC Meet the Press">NBC Meet the Press</channel>
    <channel update="i" site="filmon.com" site_id="1378" xmltv_id="MSNBC Rachel Maddow (video)">MSNBC Rachel Maddow (video)</channel>
    <channel update="i" site="filmon.com" site_id="1394" xmltv_id="President Obama's Weekly Address">President Obama's Weekly Address</channel>
    <channel update="i" site="filmon.com" site_id="2218" xmltv_id="NYT's World News (Video)">NYT's World News (Video)</channel>
    <channel update="i" site="filmon.com" site_id="3209" xmltv_id="The Promoter">The Promoter</channel>
    <channel update="i" site="filmon.com" site_id="1946" xmltv_id="Caribbean Lifestyle Channel">Caribbean Lifestyle Channel</channel>
    <channel update="i" site="filmon.com" site_id="1753" xmltv_id="Home and Green Living">Home and Green Living</channel>
    <channel update="i" site="filmon.com" site_id="1912" xmltv_id="Safe TV\u00ae">Safe TV\u00ae</channel>
    <channel update="i" site="filmon.com" site_id="3149" xmltv_id="Bid America">Bid America</channel>
    <channel update="i" site="filmon.com" site_id="2687" xmltv_id="MegaMe TV">MegaMe TV</channel>
    <channel update="i" site="filmon.com" site_id="2981" xmltv_id="Beachbody TV">Beachbody TV</channel>
    <channel update="i" site="filmon.com" site_id="2990" xmltv_id="Wonderful Living TV">Wonderful Living TV</channel>
    <channel update="i" site="filmon.com" site_id="3050" xmltv_id="Wilderness Channel">Wilderness Channel</channel>
    <channel update="i" site="filmon.com" site_id="2678" xmltv_id="Mega Destinations">Mega Destinations</channel>
    <channel update="i" site="filmon.com" site_id="2822" xmltv_id="RMC Live">RMC Live</channel>
    <channel update="i" site="filmon.com" site_id="1536" xmltv_id="NYT's Circuits with David Pogue (Video)">NYT's Circuits with David Pogue (Video)</channel>
    <channel update="i" site="filmon.com" site_id="1714" xmltv_id="30a TV">30a TV</channel>
    <channel update="i" site="filmon.com" site_id="1049" xmltv_id="OBXTV">OBXTV</channel>
    <channel update="i" site="filmon.com" site_id="1022" xmltv_id="Simply Me">Simply Me</channel>
    <channel update="i" site="filmon.com" site_id="842" xmltv_id="Travel Channel+1">Travel Channel+1</channel>
    <channel update="i" site="filmon.com" site_id="340" xmltv_id="The Walk TV">The Walk TV</channel>
    <channel update="i" site="filmon.com" site_id="1562" xmltv_id="Travel with Rick">Travel with Rick</channel>
    <channel update="i" site="filmon.com" site_id="1456" xmltv_id="Q with Jian Ghomeshi">Q with Jian Ghomeshi</channel>
    <channel update="i" site="filmon.com" site_id="1452" xmltv_id="Monocle">Monocle</channel>
    <channel update="i" site="filmon.com" site_id="1404" xmltv_id="DadLabs">DadLabs</channel>
    <channel update="i" site="filmon.com" site_id="728" xmltv_id="The Miki Show">The Miki Show</channel>
    <channel update="i" site="filmon.com" site_id="414" xmltv_id="Time TV">Time TV</channel>
    <channel update="i" site="filmon.com" site_id="239" xmltv_id="UNRELIABLE SOURCES">UNRELIABLE SOURCES</channel>
    <channel update="i" site="filmon.com" site_id="2236" xmltv_id="Celebrity Buzz">Celebrity Buzz</channel>
    <channel update="i" site="filmon.com" site_id="3136" xmltv_id="CRAGG">CRAGG</channel>
    <channel update="i" site="filmon.com" site_id="2063" xmltv_id="Mixed Media Network">Mixed Media Network</channel>
    <channel update="i" site="filmon.com" site_id="1385" xmltv_id="NPR Topics: Story of the Day Podcast">NPR Topics: Story of the Day Podcast</channel>
    <channel update="i" site="filmon.com" site_id="1069" xmltv_id="TMZ Live">TMZ Live</channel>
    <channel update="i" site="filmon.com" site_id="2927" xmltv_id="Clubin' it TV">Clubin' it TV</channel>
    <channel update="i" site="filmon.com" site_id="1240" xmltv_id="Tranquility du jour">Tranquility du jour</channel>
    <channel update="i" site="filmon.com" site_id="1087" xmltv_id="Sky News - Spotlight Entertainment">Sky News - Spotlight Entertainment</channel>
    <channel update="i" site="filmon.com" site_id="1078" xmltv_id="The Soup Video Podcast">The Soup Video Podcast</channel>
    <channel update="i" site="filmon.com" site_id="1075" xmltv_id="Chelsea Lately Video Podcast">Chelsea Lately Video Podcast</channel>
    <channel update="i" site="filmon.com" site_id="1072" xmltv_id="The Ellen Show">The Ellen Show</channel>
    <channel update="i" site="filmon.com" site_id="1426" xmltv_id="NPR Topics: Environment Podcast">NPR Topics: Environment Podcast</channel>
    <channel update="i" site="filmon.com" site_id="1447" xmltv_id="Ask Anything - From E! - Audio Podcast">Ask Anything - From E! - Audio Podcast</channel>
    <channel update="i" site="filmon.com" site_id="1449" xmltv_id="Widescreen Warrior.com - Weekly Blend Audio Show">Widescreen Warrior.com - Weekly Blend Audio Show</channel>
    <channel update="i" site="filmon.com" site_id="1458" xmltv_id="NPR Topics: Pop Culture Podcast">NPR Topics: Pop Culture Podcast</channel>
    <channel update="i" site="filmon.com" site_id="2146" xmltv_id="The Great Detectives of Old Time Radio Podcast">The Great Detectives of Old Time Radio Podcast</channel>
    <channel update="i" site="filmon.com" site_id="2230" xmltv_id="Daily Dish">Daily Dish</channel>
    <channel update="i" site="filmon.com" site_id="1964" xmltv_id="Hollywood Fast Lane">Hollywood Fast Lane</channel>
    <channel update="i" site="filmon.com" site_id="2206" xmltv_id="NPR: Jazz Profiles Podcast">NPR: Jazz Profiles Podcast</channel>
    <channel update="i" site="filmon.com" site_id="21" xmltv_id="Fashion TV">Fashion TV</channel>
    <channel update="i" site="filmon.com" site_id="2119" xmltv_id="H&amp;M Fashion Video">H&amp;M Fashion Video</channel>
    <channel update="i" site="filmon.com" site_id="2125" xmltv_id="Style Studio - Fashion Video from Style.com">Style Studio - Fashion Video from Style.com</channel>
    <channel update="i" site="filmon.com" site_id="2128" xmltv_id="GUCCI">GUCCI</channel>
    <channel update="i" site="filmon.com" site_id="2131" xmltv_id="Style Videos: Runway Fashion, Parties, and More from Style.com">Style Videos: Runway Fashion, Parties, and More from Style.com</channel>
    <channel update="i" site="filmon.com" site_id="2134" xmltv_id="The Fashion Update">The Fashion Update</channel>
    <channel update="i" site="filmon.com" site_id="3116" xmltv_id="Runway TV">Runway TV</channel>
    <channel update="i" site="filmon.com" site_id="1129" xmltv_id="Fashion network">Fashion network</channel>
    <channel update="i" site="filmon.com" site_id="1135" xmltv_id="CHIC.TV Fashion">CHIC.TV Fashion</channel>
    <channel update="i" site="filmon.com" site_id="1138" xmltv_id="Global Fashion News">Global Fashion News</channel>
    <channel update="i" site="filmon.com" site_id="272" xmltv_id="THE COOL TV">THE COOL TV</channel>
    <channel update="i" site="filmon.com" site_id="3086" xmltv_id="Award Cinema">Award Cinema</channel>
    <channel update="i" site="filmon.com" site_id="1681" xmltv_id="Music Mix USA">Music Mix USA</channel>
    <channel update="i" site="filmon.com" site_id="3172" xmltv_id="Heavy Metal Television">Heavy Metal Television</channel>
    <channel update="i" site="filmon.com" site_id="2891" xmltv_id="Global Music TV">Global Music TV</channel>
    <channel update="i" site="filmon.com" site_id="3217" xmltv_id="Bone Thugs TV">Bone Thugs TV</channel>
    <channel update="i" site="filmon.com" site_id="2942" xmltv_id="Rock Titan">Rock Titan</channel>
    <channel update="i" site="filmon.com" site_id="2999" xmltv_id="JBTV">JBTV</channel>
    <channel update="i" site="filmon.com" site_id="3008" xmltv_id="Country Star TV">Country Star TV</channel>
    <channel update="i" site="filmon.com" site_id="3038" xmltv_id="WHO?MAG TV">WHO?MAG TV</channel>
    <channel update="i" site="filmon.com" site_id="3056" xmltv_id="DMTV">DMTV</channel>
    <channel update="i" site="filmon.com" site_id="3059" xmltv_id="WHO?MAG Video Vision">WHO?MAG Video Vision</channel>
    <channel update="i" site="filmon.com" site_id="3065" xmltv_id="New Star TV">New Star TV</channel>
    <channel update="i" site="filmon.com" site_id="2233" xmltv_id="The Best of VH1 Podcast (Video)">The Best of VH1 Podcast (Video)</channel>
    <channel update="i" site="filmon.com" site_id="257" xmltv_id="FilmOn Music Legends TV">FilmOn Music Legends TV</channel>
    <channel update="i" site="filmon.com" site_id="2188" xmltv_id="Acoustic Long Island VIDEO">Acoustic Long Island VIDEO</channel>
    <channel update="i" site="filmon.com" site_id="950" xmltv_id="247Clubber">247Clubber</channel>
    <channel update="i" site="filmon.com" site_id="1687" xmltv_id="Jazz TeeVee">Jazz TeeVee</channel>
    <channel update="i" site="filmon.com" site_id="1690" xmltv_id="Dancing Machine TV">Dancing Machine TV</channel>
    <channel update="i" site="filmon.com" site_id="1696" xmltv_id="Inside Music TV">Inside Music TV</channel>
    <channel update="i" site="filmon.com" site_id="2072" xmltv_id="The Raw Report">The Raw Report</channel>
    <channel update="i" site="filmon.com" site_id="95" xmltv_id="4 Music">4 Music</channel>
    <channel update="i" site="filmon.com" site_id="2152" xmltv_id="NPR: Tiny Desk Concerts - Video Podcast">NPR: Tiny Desk Concerts - Video Podcast</channel>
    <channel update="i" site="filmon.com" site_id="2170" xmltv_id="WFUV's The Alternate Side In Session">WFUV's The Alternate Side In Session</channel>
    <channel update="i" site="filmon.com" site_id="2179" xmltv_id="UVTV: Heavy Metal Music Videos, Concert Footage &amp; Interviews">UVTV: Heavy Metal Music Videos, Concert Footage &amp; Interviews</channel>
    <channel update="i" site="filmon.com" site_id="691" xmltv_id="Clubbing TV">Clubbing TV</channel>
    <channel update="i" site="filmon.com" site_id="2182" xmltv_id="Music - The Interface">Music - The Interface</channel>
    <channel update="i" site="filmon.com" site_id="8" xmltv_id="Viva">Viva</channel>
    <channel update="i" site="filmon.com" site_id="385" xmltv_id="The Noise Network">The Noise Network</channel>
    <channel update="i" site="filmon.com" site_id="530" xmltv_id="FilmOn Jazz and Blues">FilmOn Jazz and Blues</channel>
    <channel update="i" site="filmon.com" site_id="1367" xmltv_id="WBEZ's Live Music Thursday">WBEZ's Live Music Thursday</channel>
    <channel update="i" site="filmon.com" site_id="311" xmltv_id="FilmOn Rock TV">FilmOn Rock TV</channel>
    <channel update="i" site="filmon.com" site_id="1356" xmltv_id="La s\u00e9lection de Bande \u00e0 part, sans chapitres">La s\u00e9lection de Bande \u00e0 part, sans chapitres</channel>
    <channel update="i" site="filmon.com" site_id="350" xmltv_id="The Soundtrack Channel">The Soundtrack Channel</channel>
    <channel update="i" site="filmon.com" site_id="400" xmltv_id="JCTV">JCTV</channel>
    <channel update="i" site="filmon.com" site_id="309" xmltv_id="Classic Arts Showcase">Classic Arts Showcase</channel>
    <channel update="i" site="filmon.com" site_id="342" xmltv_id="Zuus Country">Zuus Country</channel>
    <channel update="i" site="filmon.com" site_id="347" xmltv_id="Urban Music Network">Urban Music Network</channel>
    <channel update="i" site="filmon.com" site_id="1042" xmltv_id="Vintage Music TV">Vintage Music TV</channel>
    <channel update="i" site="filmon.com" site_id="1325" xmltv_id="Sound &amp; Vision Radio">Sound &amp; Vision Radio</channel>
    <channel update="i" site="filmon.com" site_id="1310" xmltv_id="NPR: Tiny Desk Concerts Podcast">NPR: Tiny Desk Concerts Podcast</channel>
    <channel update="i" site="filmon.com" site_id="1336" xmltv_id="Irish &amp; Celtic Music Podcast">Irish &amp; Celtic Music Podcast</channel>
    <channel update="i" site="filmon.com" site_id="1337" xmltv_id="Above &amp; Beyond: Group Therapy">Above &amp; Beyond: Group Therapy</channel>
    <channel update="i" site="filmon.com" site_id="1353" xmltv_id="This Week in Music - Video">This Week in Music - Video</channel>
    <channel update="i" site="filmon.com" site_id="1568" xmltv_id="IGN.com - Daily Fix (Video)">IGN.com - Daily Fix (Video)</channel>
    <channel update="i" site="filmon.com" site_id="1576" xmltv_id="Video Reviews - GameTrailers.com">Video Reviews - GameTrailers.com</channel>
    <channel update="i" site="filmon.com" site_id="29" xmltv_id="CBBC">CBBC</channel>
    <channel update="i" site="filmon.com" site_id="2734" xmltv_id="Your Family Entertainment">Your Family Entertainment</channel>
    <channel update="i" site="filmon.com" site_id="3191" xmltv_id="CBEEBIES">CBEEBIES</channel>
    <channel update="i" site="filmon.com" site_id="1286" xmltv_id="Sesame Street Podcast">Sesame Street Podcast</channel>
    <channel update="i" site="filmon.com" site_id="719" xmltv_id="Emba Kids">Emba Kids</channel>
    <channel update="i" site="filmon.com" site_id="793" xmltv_id="Kartoon Klassics">Kartoon Klassics</channel>
    <channel update="i" site="filmon.com" site_id="1861" xmltv_id="Fun Little Kids">Fun Little Kids</channel>
    <channel update="i" site="filmon.com" site_id="2993" xmltv_id="Tea Time with Tayla">Tea Time with Tayla</channel>
    <channel update="i" site="filmon.com" site_id="3146" xmltv_id="Wild About Animals">Wild About Animals</channel>
    <channel update="i" site="filmon.com" site_id="7" xmltv_id="FilmOn Kids">FilmOn Kids</channel>
    <channel update="i" site="filmon.com" site_id="1288" xmltv_id="Big Cat Rescue">Big Cat Rescue</channel>
    <channel update="i" site="filmon.com" site_id="799" xmltv_id="Animal Atlas">Animal Atlas</channel>
    <channel update="i" site="filmon.com" site_id="401" xmltv_id="Smile of a Child">Smile of a Child</channel>
    <channel update="i" site="filmon.com" site_id="1624" xmltv_id="DocuBox">DocuBox</channel>
    <channel update="i" site="filmon.com" site_id="1627" xmltv_id="FashionBox">FashionBox</channel>
    <channel update="i" site="filmon.com" site_id="796" xmltv_id="Ginx">Ginx</channel>
    <channel update="i" site="filmon.com" site_id="914" xmltv_id="Ebru">Ebru</channel>
    <channel update="i" site="filmon.com" site_id="335" xmltv_id="Havoc Television">Havoc Television</channel>
    <channel update="i" site="filmon.com" site_id="265" xmltv_id="The Ski Channel">The Ski Channel</channel>
    <channel update="i" site="filmon.com" site_id="396" xmltv_id="Men7">Men7</channel>
    <channel update="i" site="filmon.com" site_id="2752" xmltv_id="Filmbox Arthouse HD">Filmbox Arthouse HD</channel>
    <channel update="i" site="filmon.com" site_id="2731" xmltv_id="The Venture Channel">The Venture Channel</channel>
    <channel update="i" site="filmon.com" site_id="1621" xmltv_id="FightBox">FightBox</channel>
    <channel update="i" site="filmon.com" site_id="686" xmltv_id="Sportskool">Sportskool</channel>
    <channel update="i" site="filmon.com" site_id="694" xmltv_id="HRTV">HRTV</channel>
    <channel update="i" site="filmon.com" site_id="341" xmltv_id="eScapes HD TV">eScapes HD TV</channel>
    <channel update="i" site="filmon.com" site_id="2755" xmltv_id="360 TuneBox HD">360 TuneBox HD</channel>
    <channel update="i" site="filmon.com" site_id="2749" xmltv_id="FastnFun Box HD">FastnFun Box HD</channel>
    <channel update="i" site="filmon.com" site_id="406" xmltv_id="World of Martial Arts Television">World of Martial Arts Television</channel>
    <channel update="i" site="filmon.com" site_id="295" xmltv_id="My Combat Channel">My Combat Channel</channel>
    <channel update="i" site="filmon.com" site_id="394" xmltv_id="WW Extreme">WW Extreme</channel>
    <channel update="i" site="filmon.com" site_id="2677" xmltv_id="One America News">One America News</channel>
    <channel update="i" site="filmon.com" site_id="403" xmltv_id="AWE">AWE</channel>
    <channel update="i" site="filmon.com" site_id="402" xmltv_id="R&amp;R Television">R&amp;R Television</channel>
    <channel update="i" site="filmon.com" site_id="397" xmltv_id="Wheels TV">Wheels TV</channel>
    <channel update="i" site="filmon.com" site_id="395" xmltv_id="Films On Reels">Films On Reels</channel>
    <channel update="i" site="filmon.com" site_id="979" xmltv_id="Ebru TV US">Ebru TV US</channel>
    <channel update="i" site="filmon.com" site_id="2690" xmltv_id="Sprockets &amp; Splices">Sprockets &amp; Splices</channel>
    <channel update="i" site="filmon.com" site_id="2978" xmltv_id="MiShorts">MiShorts</channel>
    <channel update="i" site="filmon.com" site_id="1976" xmltv_id="Guido">Guido</channel>
    <channel update="i" site="filmon.com" site_id="2933" xmltv_id="Filmon Red Carpet">Filmon Red Carpet</channel>
    <channel update="i" site="filmon.com" site_id="2987" xmltv_id="Tribe TV">Tribe TV</channel>
    <channel update="i" site="filmon.com" site_id="3104" xmltv_id="Battle Rap">Battle Rap</channel>
    <channel update="i" site="filmon.com" site_id="3161" xmltv_id="Imagination TV">Imagination TV</channel>
    <channel update="i" site="filmon.com" site_id="2725" xmltv_id="Live From the Center of the Universe">Live From the Center of the Universe</channel>
    <channel update="i" site="filmon.com" site_id="3184" xmltv_id="Joe Nation">Joe Nation</channel>
    <channel update="i" site="filmon.com" site_id="2746" xmltv_id="Filmon USA Live TV">Filmon USA Live TV</channel>
    <channel update="i" site="filmon.com" site_id="1676" xmltv_id="Filmon Studio">Filmon Studio</channel>
    <channel update="i" site="filmon.com" site_id="2873" xmltv_id="VertroTV">VertroTV</channel>
    <channel update="i" site="filmon.com" site_id="2885" xmltv_id="Nub TV">Nub TV</channel>
    <channel update="i" site="filmon.com" site_id="2894" xmltv_id="TV GOLD">TV GOLD</channel>
    <channel update="i" site="filmon.com" site_id="2627" xmltv_id="Drive-In TV ">Drive-In TV </channel>
    <channel update="i" site="filmon.com" site_id="1973" xmltv_id="MHL TV">MHL TV</channel>
    <channel update="i" site="filmon.com" site_id="2044" xmltv_id="Jennifer Stano">Jennifer Stano</channel>
    <channel update="i" site="filmon.com" site_id="1864" xmltv_id="LIVE BOXING">LIVE BOXING</channel>
    <channel update="i" site="filmon.com" site_id="2621" xmltv_id="FilmOn Reality">FilmOn Reality</channel>
    <channel update="i" site="filmon.com" site_id="2003" xmltv_id="VENICEBEACHLIVECAM.TV">VENICEBEACHLIVECAM.TV</channel>
    <channel update="i" site="filmon.com" site_id="2921" xmltv_id="Indian Recipes">Indian Recipes</channel>
    <channel update="i" site="filmon.com" site_id="3002" xmltv_id="Wine Oh TV">Wine Oh TV</channel>
    <channel update="i" site="filmon.com" site_id="3005" xmltv_id="Gastrolab">Gastrolab</channel>
    <channel update="i" site="filmon.com" site_id="3062" xmltv_id="The Outdoor Cooking Channel">The Outdoor Cooking Channel</channel>
    <channel update="i" site="filmon.com" site_id="3107" xmltv_id="Wineram TV">Wineram TV</channel>
    <channel update="i" site="filmon.com" site_id="3164" xmltv_id="World of Wine">World of Wine</channel>
    <channel update="i" site="filmon.com" site_id="1829" xmltv_id="Food Network+1">Food Network+1</channel>
    <channel update="i" site="filmon.com" site_id="2915" xmltv_id="Dude Food">Dude Food</channel>
    <channel update="i" site="filmon.com" site_id="20" xmltv_id="Food Network">Food Network</channel>
    <channel update="i" site="filmon.com" site_id="2918" xmltv_id="iFood TV">iFood TV</channel>
    <channel update="i" site="filmon.com" site_id="1213" xmltv_id="Simply Ming Video Podcast">Simply Ming Video Podcast</channel>
    <channel update="i" site="filmon.com" site_id="1212" xmltv_id="Cooking Everything Outdoors">Cooking Everything Outdoors</channel>
    <channel update="i" site="filmon.com" site_id="1217" xmltv_id="PCC Natural Markets Videos">PCC Natural Markets Videos</channel>
    <channel update="i" site="filmon.com" site_id="1218" xmltv_id="GrapeRadio \u2013 Wine Talk Show">GrapeRadio \u2013 Wine Talk Show</channel>
    <channel update="i" site="filmon.com" site_id="263" xmltv_id="Wine Channel TV">Wine Channel TV</channel>
    <channel update="i" site="filmon.com" site_id="1219" xmltv_id="Start Cooking">Start Cooking</channel>
    <channel update="i" site="filmon.com" site_id="710" xmltv_id="Eco-Rico">Eco-Rico</channel>
    <channel update="i" site="filmon.com" site_id="1181" xmltv_id="Barrett-Jackson Collector Car Auction Highlight Clips">Barrett-Jackson Collector Car Auction Highlight Clips</channel>
    <channel update="i" site="filmon.com" site_id="2945" xmltv_id="AutoTV">AutoTV</channel>
    <channel update="i" site="filmon.com" site_id="3187" xmltv_id="Torque and Tush">Torque and Tush</channel>
    <channel update="i" site="filmon.com" site_id="1176" xmltv_id="SPEED X Extreme Action Clips">SPEED X Extreme Action Clips</channel>
    <channel update="i" site="filmon.com" site_id="1177" xmltv_id="SPEED Engine Block">SPEED Engine Block</channel>
    <channel update="i" site="filmon.com" site_id="1179" xmltv_id="Radio Le Mans">Radio Le Mans</channel>
    <channel update="i" site="filmon.com" site_id="262" xmltv_id="Motorz">Motorz</channel>
    <channel update="i" site="filmon.com" site_id="784" xmltv_id="Steel Dreams">Steel Dreams</channel>
    <channel update="i" site="filmon.com" site_id="787" xmltv_id="Distant Roads">Distant Roads</channel>
    <channel update="i" site="filmon.com" site_id="2618" xmltv_id="Rotana Aflam">Rotana Aflam</channel>
    <channel update="i" site="filmon.com" site_id="2693" xmltv_id="DW (Arabia)">DW (Arabia)</channel>
    <channel update="i" site="filmon.com" site_id="3029" xmltv_id="Al Jazeera Documentary">Al Jazeera Documentary</channel>
    <channel update="i" site="filmon.com" site_id="3032" xmltv_id="Al Jazeera Mubasher">Al Jazeera Mubasher</channel>
    <channel update="i" site="filmon.com" site_id="3035" xmltv_id="Al Jazeera Arabic">Al Jazeera Arabic</channel>
    <channel update="i" site="filmon.com" site_id="3041" xmltv_id="Al Jazeera Mubasher Misr">Al Jazeera Mubasher Misr</channel>
    <channel update="i" site="filmon.com" site_id="367" xmltv_id="MBC">MBC</channel>
    <channel update="i" site="filmon.com" site_id="3178" xmltv_id="Levant TV">Levant TV</channel>
    <channel update="i" site="filmon.com" site_id="1778" xmltv_id="Saudi Arabian TV 2">Saudi Arabian TV 2</channel>
    <channel update="i" site="filmon.com" site_id="1781" xmltv_id="Saudi Arabian TV Sports">Saudi Arabian TV Sports</channel>
    <channel update="i" site="filmon.com" site_id="1790" xmltv_id="Al Fayhaa TV">Al Fayhaa TV</channel>
    <channel update="i" site="filmon.com" site_id="1796" xmltv_id="Suryoyo Sat">Suryoyo Sat</channel>
    <channel update="i" site="filmon.com" site_id="2600" xmltv_id="Rotana">Rotana</channel>
    <channel update="i" site="filmon.com" site_id="2603" xmltv_id="Rotana Clip">Rotana Clip</channel>
    <channel update="i" site="filmon.com" site_id="2606" xmltv_id="Rotana Khalijiah">Rotana Khalijiah</channel>
    <channel update="i" site="filmon.com" site_id="2609" xmltv_id="Rotana Classic">Rotana Classic</channel>
    <channel update="i" site="filmon.com" site_id="2612" xmltv_id="Rotana Masriya">Rotana Masriya</channel>
    <channel update="i" site="filmon.com" site_id="1951" xmltv_id="VoA Persian TV">VoA Persian TV</channel>
    <channel update="i" site="filmon.com" site_id="2615" xmltv_id="Rotana Cinema">Rotana Cinema</channel>
    <channel update="i" site="filmon.com" site_id="1775" xmltv_id="Saudi Arabian TV 1">Saudi Arabian TV 1</channel>
    <channel update="i" site="filmon.com" site_id="1766" xmltv_id="Infinity TV">Infinity TV</channel>
    <channel update="i" site="filmon.com" site_id="368" xmltv_id="MBC2">MBC2</channel>
    <channel update="i" site="filmon.com" site_id="366" xmltv_id="Al Arabiya">Al Arabiya</channel>
    <channel update="i" site="filmon.com" site_id="908" xmltv_id="iFilm">iFilm</channel>
    <channel update="i" site="filmon.com" site_id="79" xmltv_id="Dubai Sports">Dubai Sports</channel>
    <channel update="i" site="filmon.com" site_id="2053" xmltv_id="CFRN CTV Edmonton">CFRN CTV Edmonton</channel>
    <channel update="i" site="filmon.com" site_id="2056" xmltv_id="CKCK CTV Regina">CKCK CTV Regina</channel>
    <channel update="i" site="filmon.com" site_id="2059" xmltv_id="CFCN-5 CTV Lethbridge">CFCN-5 CTV Lethbridge</channel>
    <channel update="i" site="filmon.com" site_id="2062" xmltv_id="CICC CTV Yorkton">CICC CTV Yorkton</channel>
    <channel update="i" site="filmon.com" site_id="360" xmltv_id="ZDF Neo">ZDF Neo</channel>
    <channel update="i" site="filmon.com" site_id="2903" xmltv_id="Euronews German">Euronews German</channel>
    <channel update="i" site="filmon.com" site_id="359" xmltv_id="ZDF Kultur">ZDF Kultur</channel>
    <channel update="i" site="filmon.com" site_id="2756" xmltv_id="KIKA">KIKA</channel>
    <channel update="i" site="filmon.com" site_id="2759" xmltv_id="ZDF">ZDF</channel>
    <channel update="i" site="filmon.com" site_id="2762" xmltv_id="ZDF INFOKANAL">ZDF INFOKANAL</channel>
    <channel update="i" site="filmon.com" site_id="424" xmltv_id="Phoenix">Phoenix</channel>
    <channel update="i" site="filmon.com" site_id="415" xmltv_id="Tagesschau24">Tagesschau24</channel>
    <channel update="i" site="filmon.com" site_id="421" xmltv_id="Eins Festival">Eins Festival</channel>
    <channel update="i" site="filmon.com" site_id="418" xmltv_id="Eins Plus">Eins Plus</channel>
    <channel update="i" site="filmon.com" site_id="354" xmltv_id="QVC Deutschland">QVC Deutschland</channel>
    <channel update="i" site="filmon.com" site_id="355" xmltv_id="QVC PLUS Deutsch">QVC PLUS Deutsch</channel>
    <channel update="i" site="filmon.com" site_id="1729" xmltv_id="ARTE Fran\u00e7ais">ARTE Fran\u00e7ais</channel>
    <channel update="i" site="filmon.com" site_id="2765" xmltv_id="BFM TV">BFM TV</channel>
    <channel update="i" site="filmon.com" site_id="2900" xmltv_id="Euronews French">Euronews French</channel>
    <channel update="i" site="filmon.com" site_id="1726" xmltv_id="iTELE">iTELE</channel>
    <channel update="i" site="filmon.com" site_id="364" xmltv_id="M6 BOUTIQUE LA CHAINE">M6 BOUTIQUE LA CHAINE</channel>
    <channel update="i" site="filmon.com" site_id="1717" xmltv_id="France 2">France 2</channel>
    <channel update="i" site="filmon.com" site_id="1720" xmltv_id="France 5">France 5</channel>
    <channel update="i" site="filmon.com" site_id="1723" xmltv_id="France 3">France 3</channel>
    <channel update="i" site="filmon.com" site_id="3175" xmltv_id="Cinestream TV">Cinestream TV</channel>
    <channel update="i" site="filmon.com" site_id="445" xmltv_id="Italia Channel">Italia Channel</channel>
    <channel update="i" site="filmon.com" site_id="2912" xmltv_id="Euronews Italian">Euronews Italian</channel>
    <channel update="i" site="filmon.com" site_id="379" xmltv_id="Camera dei Deputati">Camera dei Deputati</channel>
    <channel update="i" site="filmon.com" site_id="463" xmltv_id="QVC Italia">QVC Italia</channel>
    <channel update="i" site="filmon.com" site_id="1738" xmltv_id="RTR Planeta">RTR Planeta</channel>
    <channel update="i" site="filmon.com" site_id="1981" xmltv_id="RT Documentary">RT Documentary</channel>
    <channel update="i" site="filmon.com" site_id="1735" xmltv_id="Perviy kanal Europa">Perviy kanal Europa</channel>
    <channel update="i" site="filmon.com" site_id="1741" xmltv_id="Music Box Russia">Music Box Russia</channel>
    <channel update="i" site="filmon.com" site_id="1744" xmltv_id="Rossiya 24">Rossiya 24</channel>
    <channel update="i" site="filmon.com" site_id="1747" xmltv_id="RBK TV">RBK TV</channel>
    <channel update="i" site="filmon.com" site_id="932" xmltv_id="Arirang TV">Arirang TV</channel>
    <channel update="i" site="filmon.com" site_id="1955" xmltv_id="ICN Chinese">ICN Chinese</channel>
    <channel update="i" site="filmon.com" site_id="1958" xmltv_id="ICN English">ICN English</channel>
    <channel update="i" site="filmon.com" site_id="2936" xmltv_id="VTC 10">VTC 10</channel>
    <channel update="i" site="filmon.com" site_id="2906" xmltv_id="Euronews Spanish">Euronews Spanish</channel>
    <channel update="i" site="filmon.com" site_id="303" xmltv_id="RTP international">RTP international</channel>
    <channel update="i" site="filmon.com" site_id="2909" xmltv_id="Euronews Portuguese">Euronews Portuguese</channel>
    <channel update="i" site="filmon.com" site_id="1997" xmltv_id="Hispan TV">Hispan TV</channel>
    <channel update="i" site="filmon.com" site_id="1610" xmltv_id="CTN International">CTN International</channel>
    <channel update="i" site="filmon.com" site_id="2624" xmltv_id="Telenovelas TV">Telenovelas TV</channel>
    <channel update="i" site="filmon.com" site_id="2777" xmltv_id="CANAL 24 HORAS">CANAL 24 HORAS</channel>
    <channel update="i" site="filmon.com" site_id="299" xmltv_id="RT Espa\u00f1ol">RT Espa\u00f1ol</channel>
    <channel update="i" site="filmon.com" site_id="213" xmltv_id="TVC Latino">TVC Latino</channel>
    <channel update="i" site="filmon.com" site_id="1007" xmltv_id="ABC Australia">ABC Australia</channel>
    <channel update="i" site="filmon.com" site_id="1732" xmltv_id="RIK">RIK</channel>
    <channel update="i" site="filmon.com" site_id="1793" xmltv_id="Eri TV">Eri TV</channel>
    <channel update="i" site="filmon.com" site_id="1984" xmltv_id="OHTV">OHTV</channel>
    <channel update="i" site="filmon.com" site_id="2674" xmltv_id="Kazakh TV">Kazakh TV</channel>
    <channel update="i" site="filmon.com" site_id="3137" xmltv_id="IranyTV">IranyTV</channel>
    <channel update="i" site="filmon.com" site_id="324" xmltv_id="Battlecam People">Battlecam People</channel>
    <channel update="i" site="filmon.com" site_id="767" xmltv_id="Andy Dick ">Andy Dick </channel>
    <channel update="i" site="filmon.com" site_id="899" xmltv_id="Zolar Live">Zolar Live</channel>
    <channel update="i" site="filmon.com" site_id="764" xmltv_id="Rampage">Rampage</channel>
    <channel update="i" site="filmon.com" site_id="460" xmltv_id="Janice TV">Janice TV</channel>
    <channel update="i" site="filmon.com" site_id="761" xmltv_id="Situation">Situation</channel>
    <channel update="i" site="filmon.com" site_id="758" xmltv_id="Kato">Kato</channel>
    <channel update="i" site="filmon.com" site_id="412" xmltv_id=" PPV Celebrity Fight"> PPV Celebrity Fight</channel>
    <channel update="i" site="filmon.com" site_id="1535" xmltv_id="The Engadget Show">The Engadget Show</channel>
    <channel update="i" site="filmon.com" site_id="1420" xmltv_id="Podcast for audio and video - NASA's Jet Propulsion Laboratory">Podcast for audio and video - NASA's Jet Propulsion Laboratory</channel>
    <channel update="i" site="filmon.com" site_id="1500" xmltv_id="Tech News Today Video (large)">Tech News Today Video (large)</channel>
    <channel update="i" site="filmon.com" site_id="1424" xmltv_id="Science Friday Video Podcast">Science Friday Video Podcast</channel>
    <channel update="i" site="filmon.com" site_id="1505" xmltv_id="Hak5 (HD MP4 - 30fps)">Hak5 (HD MP4 - 30fps)</channel>
    <channel update="i" site="filmon.com" site_id="1546" xmltv_id="Lifehacker (HD MP4 - 30fps)">Lifehacker (HD MP4 - 30fps)</channel>
    <channel update="i" site="filmon.com" site_id="1506" xmltv_id="GeekBeat.TV (Small MP4)">GeekBeat.TV (Small MP4)</channel>
    <channel update="i" site="filmon.com" site_id="1429" xmltv_id="TERRA: The Nature of Our World">TERRA: The Nature of Our World</channel>
    <channel update="i" site="filmon.com" site_id="1507" xmltv_id="GeekBeat.TV (HD MP4 - 30fps)">GeekBeat.TV (HD MP4 - 30fps)</channel>
    <channel update="i" site="filmon.com" site_id="1523" xmltv_id="iPad Today Video (large)">iPad Today Video (large)</channel>
    <channel update="i" site="filmon.com" site_id="1436" xmltv_id="NASA EDGE">NASA EDGE</channel>
    <channel update="i" site="filmon.com" site_id="1524" xmltv_id="Diggnation (Quicktime Small)">Diggnation (Quicktime Small)</channel>
    <channel update="i" site="filmon.com" site_id="1526" xmltv_id="The Vergecast (video feed)">The Vergecast (video feed)</channel>
    <channel update="i" site="filmon.com" site_id="2245" xmltv_id="Tech Feed News (HD MP4 - 30fps)">Tech Feed News (HD MP4 - 30fps)</channel>
    <channel update="i" site="filmon.com" site_id="1513" xmltv_id="Home Theater Geeks">Home Theater Geeks</channel>
    <channel update="i" site="filmon.com" site_id="1529" xmltv_id="This Week in Computer Hardware">This Week in Computer Hardware</channel>
    <channel update="i" site="filmon.com" site_id="1498" xmltv_id="Wall Street Journal Tech News Briefing">Wall Street Journal Tech News Briefing</channel>
    <channel update="i" site="filmon.com" site_id="1514" xmltv_id="Android App Addicts">Android App Addicts</channel>
    <channel update="i" site="filmon.com" site_id="1422" xmltv_id="The Skeptics' Guide to the Universe">The Skeptics' Guide to the Universe</channel>
    <channel update="i" site="filmon.com" site_id="1530" xmltv_id="Today in iOS Podcast - The Unofficial iOS, iPhone, iPad and iPod Touch News and iPhone Apps Podcast">Today in iOS Podcast - The Unofficial iOS, iPhone, iPad and iPod Touch News and iPhone Apps Podcast</channel>
    <channel update="i" site="filmon.com" site_id="1499" xmltv_id="Tech News Today">Tech News Today</channel>
    <channel update="i" site="filmon.com" site_id="1515" xmltv_id="TechStuff">TechStuff</channel>
    <channel update="i" site="filmon.com" site_id="1423" xmltv_id="Science Friday Audio Podcast">Science Friday Audio Podcast</channel>
    <channel update="i" site="filmon.com" site_id="1532" xmltv_id="Tech Weekly">Tech Weekly</channel>
    <channel update="i" site="filmon.com" site_id="1516" xmltv_id="Leo Laporte - The Tech Guy">Leo Laporte - The Tech Guy</channel>
    <channel update="i" site="filmon.com" site_id="1425" xmltv_id="Quirks and Quarks Complete Show from CBC Radio">Quirks and Quarks Complete Show from CBC Radio</channel>
    <channel update="i" site="filmon.com" site_id="1533" xmltv_id="Geek News Central Audio">Geek News Central Audio</channel>
    <channel update="i" site="filmon.com" site_id="1502" xmltv_id="Day in Tech History">Day in Tech History</channel>
    <channel update="i" site="filmon.com" site_id="1409" xmltv_id="Science Magazine Podcast">Science Magazine Podcast</channel>
    <channel update="i" site="filmon.com" site_id="1517" xmltv_id="This WEEK in TECH - MP3 Edition">This WEEK in TECH - MP3 Edition</channel>
    <channel update="i" site="filmon.com" site_id="1503" xmltv_id="This Week In Google">This Week In Google</channel>
    <channel update="i" site="filmon.com" site_id="1411" xmltv_id="WFIU-FM: A Moment of Science: Audio Podcast">WFIU-FM: A Moment of Science: Audio Podcast</channel>
    <channel update="i" site="filmon.com" site_id="1518" xmltv_id="iMore show">iMore show</channel>
    <channel update="i" site="filmon.com" site_id="1430" xmltv_id="- The Naked Scientists Podcast - Stripping Down Science">- The Naked Scientists Podcast - Stripping Down Science</channel>
    <channel update="i" site="filmon.com" site_id="1504" xmltv_id="Security Now!">Security Now!</channel>
    <channel update="i" site="filmon.com" site_id="1557" xmltv_id="KQED Science News">KQED Science News</channel>
    <channel update="i" site="filmon.com" site_id="1412" xmltv_id="Nature Podcast">Nature Podcast</channel>
    <channel update="i" site="filmon.com" site_id="1519" xmltv_id="Into Tomorrow with Dave Graveline">Into Tomorrow with Dave Graveline</channel>
    <channel update="i" site="filmon.com" site_id="1414" xmltv_id="NEJM This Week - Audio Summaries">NEJM This Week - Audio Summaries</channel>
    <channel update="i" site="filmon.com" site_id="1520" xmltv_id="The Social Hour">The Social Hour</channel>
    <channel update="i" site="filmon.com" site_id="1415" xmltv_id="Science Times">Science Times</channel>
    <channel update="i" site="filmon.com" site_id="1522" xmltv_id="Windows Weekly">Windows Weekly</channel>
    <channel update="i" site="filmon.com" site_id="1433" xmltv_id="Brain Science Podcast">Brain Science Podcast</channel>
    <channel update="i" site="filmon.com" site_id="1511" xmltv_id="Daily Giz Wiz">Daily Giz Wiz</channel>
    <channel update="i" site="filmon.com" site_id="1416" xmltv_id="Point of Inquiry">Point of Inquiry</channel>
    <channel update="i" site="filmon.com" site_id="1434" xmltv_id="QuackCast">QuackCast</channel>
    <channel update="i" site="filmon.com" site_id="1512" xmltv_id="MacBreak Weekly">MacBreak Weekly</channel>
    <channel update="i" site="filmon.com" site_id="1417" xmltv_id="Skeptoid">Skeptoid</channel>
    <channel update="i" site="filmon.com" site_id="1527" xmltv_id="techzing tech podcast">techzing tech podcast</channel>
    <channel update="i" site="filmon.com" site_id="3053" xmltv_id="Red Chip Money Report">Red Chip Money Report</channel>
    <channel update="i" site="filmon.com" site_id="1165" xmltv_id="This Week in Startups - Video">This Week in Startups - Video</channel>
    <channel update="i" site="filmon.com" site_id="1169" xmltv_id="MSNBC's Your Business">MSNBC's Your Business</channel>
    <channel update="i" site="filmon.com" site_id="1170" xmltv_id="CNBC's \¨Fast Money\¨">CNBC's \¨Fast Money\¨</channel>
    <channel update="i" site="filmon.com" site_id="1171" xmltv_id="CNBC's \¨The Suze Orman Show\¨- Full Show">CNBC's \¨The Suze Orman Show\¨- Full Show</channel>
    <channel update="i" site="filmon.com" site_id="1172" xmltv_id="WealthTrack">WealthTrack</channel>
    <channel update="i" site="filmon.com" site_id="1173" xmltv_id="CNBC's \¨Options Action\¨">CNBC's \¨Options Action\¨</channel>
    <channel update="i" site="filmon.com" site_id="2107" xmltv_id="CNBC's People, Planet and Profit">CNBC's People, Planet and Profit</channel>
    <channel update="i" site="filmon.com" site_id="2110" xmltv_id="CNBC's The Business of Innovation">CNBC's The Business of Innovation</channel>
    <channel update="i" site="filmon.com" site_id="2113" xmltv_id="CNBC's On The Money">CNBC's On The Money</channel>
    <channel update="i" site="filmon.com" site_id="2728" xmltv_id="American Business TV">American Business TV</channel>
    <channel update="i" site="filmon.com" site_id="1160" xmltv_id="MAD MONEY W\/ JIM CRAMER - Full Episode">MAD MONEY W\/ JIM CRAMER - Full Episode</channel>
    <channel update="i" site="filmon.com" site_id="343" xmltv_id="BizTV">BizTV</channel>
    <channel update="i" site="filmon.com" site_id="1168" xmltv_id="Get-It-Done Guy's Quick and Dirty Tips to Work Less and Do More">Get-It-Done Guy's Quick and Dirty Tips to Work Less and Do More</channel>
    <channel update="i" site="filmon.com" site_id="1155" xmltv_id="Wall Street Journal What's News">Wall Street Journal What's News</channel>
    <channel update="i" site="filmon.com" site_id="1156" xmltv_id="APM: Marketplace Tech Report">APM: Marketplace Tech Report</channel>
    <channel update="i" site="filmon.com" site_id="1157" xmltv_id="Wall Street Journal's Your Money Matters">Wall Street Journal's Your Money Matters</channel>
    <channel update="i" site="filmon.com" site_id="2074" xmltv_id="EntrepreneurOnFire">EntrepreneurOnFire</channel>
    <channel update="i" site="filmon.com" site_id="2083" xmltv_id="Well Kept Wallet Podcast: Interviews with Successful People">Well Kept Wallet Podcast: Interviews with Successful People</channel>
    <channel update="i" site="filmon.com" site_id="2092" xmltv_id="The Fizzle Show: Honest Online Business">The Fizzle Show: Honest Online Business</channel>
    <channel update="i" site="filmon.com" site_id="1162" xmltv_id="Wall Street Journal This Morning">Wall Street Journal This Morning</channel>
    <channel update="i" site="filmon.com" site_id="2095" xmltv_id="The Ultimate Real Estate Investing Podcast">The Ultimate Real Estate Investing Podcast</channel>
    <channel update="i" site="filmon.com" site_id="1163" xmltv_id="Money Girl's Quick and Dirty Tips for a Richer Life">Money Girl's Quick and Dirty Tips for a Richer Life</channel>
    <channel update="i" site="filmon.com" site_id="2098" xmltv_id="DishyMix: Success Secrets from Famous Media and Internet Business Executives">DishyMix: Success Secrets from Famous Media and Internet Business Executives</channel>
    <channel update="i" site="filmon.com" site_id="1164" xmltv_id="This Week in Startups - Audio">This Week in Startups - Audio</channel>
    <channel update="i" site="filmon.com" site_id="2101" xmltv_id="Weekend Business">Weekend Business</channel>
    <channel update="i" site="filmon.com" site_id="1166" xmltv_id="Wall Street Journal on Small Business">Wall Street Journal on Small Business</channel>
    <channel update="i" site="filmon.com" site_id="2104" xmltv_id="The Digital Marketer's Quick and Dirty Tips for Growing Your Business with Digital Tools">The Digital Marketer's Quick and Dirty Tips for Growing Your Business with Digital Tools</channel>
    <channel update="i" site="filmon.com" site_id="1167" xmltv_id="NPR: Planet Money Podcast">NPR: Planet Money Podcast</channel>
    <channel update="i" site="filmon.com" site_id="2176" xmltv_id="The Official Mark Levin Audio Rewind">The Official Mark Levin Audio Rewind</channel>
    <channel update="i" site="filmon.com" site_id="1282" xmltv_id="Storynory - Stories For Kids">Storynory - Stories For Kids</channel>
    <channel update="i" site="filmon.com" site_id="1283" xmltv_id="Inside the Magic - Your source for Disney news and all theme park fun!">Inside the Magic - Your source for Disney news and all theme park fun!</channel>
    <channel update="i" site="filmon.com" site_id="1285" xmltv_id="Spare the Rock, Spoil the Child Playlists">Spare the Rock, Spoil the Child Playlists</channel>
    <channel update="i" site="filmon.com" site_id="1287" xmltv_id="The Official Adventures in Odyssey Podcast">The Official Adventures in Odyssey Podcast</channel>
    <channel update="i" site="filmon.com" site_id="1289" xmltv_id="The MuppetCast">The MuppetCast</channel>
    <channel update="i" site="filmon.com" site_id="1281" xmltv_id="The WDW Radio Show - Your Walt Disney World Information Station">The WDW Radio Show - Your Walt Disney World Information Station</channel>
    <channel update="i" site="filmon.com" site_id="1380" xmltv_id="MSNBC Rachel Maddow (audio)">MSNBC Rachel Maddow (audio)</channel>
    <channel update="i" site="filmon.com" site_id="1393" xmltv_id="FOX News Sunday">FOX News Sunday</channel>
    <channel update="i" site="filmon.com" site_id="1381" xmltv_id="NBC Nightly News (audio)">NBC Nightly News (audio)</channel>
    <channel update="i" site="filmon.com" site_id="1382" xmltv_id="FOX Across America">FOX Across America</channel>
    <channel update="i" site="filmon.com" site_id="1397" xmltv_id="WeatherBrains">WeatherBrains</channel>
    <channel update="i" site="filmon.com" site_id="1383" xmltv_id="MSNBC Hardball with Chris Matthews">MSNBC Hardball with Chris Matthews</channel>
    <channel update="i" site="filmon.com" site_id="2200" xmltv_id="NPR News">NPR News</channel>
    <channel update="i" site="filmon.com" site_id="1384" xmltv_id="CNN Radio News">CNN Radio News</channel>
    <channel update="i" site="filmon.com" site_id="1387" xmltv_id="NPR Programs: Fresh Air Podcast">NPR Programs: Fresh Air Podcast</channel>
    <channel update="i" site="filmon.com" site_id="1150" xmltv_id="NPR: Hourly News Summary Podcast">NPR: Hourly News Summary Podcast</channel>
    <channel update="i" site="filmon.com" site_id="1374" xmltv_id="The Alex Jones Show - Infowars.com">The Alex Jones Show - Infowars.com</channel>
    <channel update="i" site="filmon.com" site_id="1375" xmltv_id="Global News">Global News</channel>
    <channel update="i" site="filmon.com" site_id="1390" xmltv_id="Selected Shorts">Selected Shorts</channel>
    <channel update="i" site="filmon.com" site_id="1376" xmltv_id="NPR: Shuffle Podcast">NPR: Shuffle Podcast</channel>
    <channel update="i" site="filmon.com" site_id="1391" xmltv_id="NBC Meet the Press (audio)">NBC Meet the Press (audio)</channel>
    <channel update="i" site="filmon.com" site_id="1379" xmltv_id="Alan Colmes Show">Alan Colmes Show</channel>
    <channel update="i" site="filmon.com" site_id="2239" xmltv_id="Talk Asia">Talk Asia</channel>
    <channel update="i" site="filmon.com" site_id="2221" xmltv_id="WBUR-FM: On Point with Tom Ashbrook Podcast">WBUR-FM: On Point with Tom Ashbrook Podcast</channel>
    <channel update="i" site="filmon.com" site_id="2215" xmltv_id="NPR: Most Emailed Stories Podcast">NPR: Most Emailed Stories Podcast</channel>
    <channel update="i" site="filmon.com" site_id="1147" xmltv_id="ESPN Baseball Today">ESPN Baseball Today</channel>
    <channel update="i" site="filmon.com" site_id="1490" xmltv_id="Real Sports with Bryant Gumbel">Real Sports with Bryant Gumbel</channel>
    <channel update="i" site="filmon.com" site_id="1493" xmltv_id="Running Times">Running Times</channel>
    <channel update="i" site="filmon.com" site_id="1494" xmltv_id="ESPN: Fantasy Focus Baseball">ESPN: Fantasy Focus Baseball</channel>
    <channel update="i" site="filmon.com" site_id="1488" xmltv_id="The Basketball Jones Video Podcast">The Basketball Jones Video Podcast</channel>
    <channel update="i" site="filmon.com" site_id="1481" xmltv_id="Footballguys.com - The Audible - Fantasy Football Info for Serious Fans">Footballguys.com - The Audible - Fantasy Football Info for Serious Fans</channel>
    <channel update="i" site="filmon.com" site_id="1467" xmltv_id="The Dan Patrick Show: Podcast">The Dan Patrick Show: Podcast</channel>
    <channel update="i" site="filmon.com" site_id="1468" xmltv_id="ESPN Radio: Best of Mike and Mike">ESPN Radio: Best of Mike and Mike</channel>
    <channel update="i" site="filmon.com" site_id="1469" xmltv_id="ESPN: Football Today">ESPN: Football Today</channel>
    <channel update="i" site="filmon.com" site_id="1472" xmltv_id="5 live Football Daily">5 live Football Daily</channel>
    <channel update="i" site="filmon.com" site_id="1473" xmltv_id="ESPN: The B.S. Report with Bill Simmons">ESPN: The B.S. Report with Bill Simmons</channel>
    <channel update="i" site="filmon.com" site_id="1474" xmltv_id="ESPN Chicago: Waddle &amp; Silvy">ESPN Chicago: Waddle &amp; Silvy</channel>
    <channel update="i" site="filmon.com" site_id="1475" xmltv_id="ESPN: PTI">ESPN: PTI</channel>
    <channel update="i" site="filmon.com" site_id="1476" xmltv_id="ESPN Radio: SVP &amp; Russillo">ESPN Radio: SVP &amp; Russillo</channel>
    <channel update="i" site="filmon.com" site_id="1478" xmltv_id="Why Today Doesn't Suck">Why Today Doesn't Suck</channel>
    <channel update="i" site="filmon.com" site_id="1270" xmltv_id="John McConnell Yoga">John McConnell Yoga</channel>
    <channel update="i" site="filmon.com" site_id="2828" xmltv_id="DRTV">DRTV</channel>
    <channel update="i" site="filmon.com" site_id="3220" xmltv_id="Medical News Minute">Medical News Minute</channel>
    <channel update="i" site="filmon.com" site_id="1256" xmltv_id="YOGAmazing">YOGAmazing</channel>
    <channel update="i" site="filmon.com" site_id="1272" xmltv_id="Sean vigue fitness">Sean vigue fitness</channel>
    <channel update="i" site="filmon.com" site_id="1257" xmltv_id="POWER BLAST Podcast">POWER BLAST Podcast</channel>
    <channel update="i" site="filmon.com" site_id="1259" xmltv_id="Namaste Yoga with Dr Melissa West">Namaste Yoga with Dr Melissa West</channel>
    <channel update="i" site="filmon.com" site_id="1262" xmltv_id="Pilates Podcasts from Balanced Body">Pilates Podcasts from Balanced Body</channel>
    <channel update="i" site="filmon.com" site_id="304" xmltv_id="Supreme Master TV">Supreme Master TV</channel>
    <channel update="i" site="filmon.com" site_id="1265" xmltv_id="Yoga &amp; other useful stuff with Tara Stiles">Yoga &amp; other useful stuff with Tara Stiles</channel>
    <channel update="i" site="filmon.com" site_id="1266" xmltv_id="Fit Life">Fit Life</channel>
    <channel update="i" site="filmon.com" site_id="1711" xmltv_id="Psychic Today">Psychic Today</channel>
    <channel update="i" site="filmon.com" site_id="1867" xmltv_id="Telos Digital Television ">Telos Digital Television </channel>
    <channel update="i" site="filmon.com" site_id="1123" xmltv_id="Fitness TV">Fitness TV</channel>
    <channel update="i" site="filmon.com" site_id="1267" xmltv_id="Thrive Personal Fitness">Thrive Personal Fitness</channel>
    <channel update="i" site="filmon.com" site_id="1462" xmltv_id="On Being with Krista Tippett">On Being with Krista Tippett</channel>
    <channel update="i" site="filmon.com" site_id="2143" xmltv_id="Girlfriend M.D. Quick and Dirty Tips to Understand Your Body">Girlfriend M.D. Quick and Dirty Tips to Understand Your Body</channel>
    <channel update="i" site="filmon.com" site_id="1245" xmltv_id="The Nutrition Diva's Quick and Dirty Tips for Eating Well and Feeling Fabulous">The Nutrition Diva's Quick and Dirty Tips for Eating Well and Feeling Fabulous</channel>
    <channel update="i" site="filmon.com" site_id="1248" xmltv_id="The Jillian Michaels Show">The Jillian Michaels Show</channel>
    <channel update="i" site="filmon.com" site_id="1255" xmltv_id="Get-Fit Guy's Quick and Dirty Tips to Slim Down and Shape Up">Get-Fit Guy's Quick and Dirty Tips to Slim Down and Shape Up</channel>
    <channel update="i" site="filmon.com" site_id="1258" xmltv_id="The Fat-Burning Man Show ">The Fat-Burning Man Show </channel>
    <channel update="i" site="filmon.com" site_id="2086" xmltv_id="Operation Self Reset Podcast">Operation Self Reset Podcast</channel>
    <channel update="i" site="filmon.com" site_id="1572" xmltv_id="Giant Bombcast">Giant Bombcast</channel>
    <channel update="i" site="filmon.com" site_id="1573" xmltv_id="4Player Podcast">4Player Podcast</channel>
    <channel update="i" site="filmon.com" site_id="1586" xmltv_id="GeekNights Mondays: Science Technology Computing">GeekNights Mondays: Science Technology Computing</channel>
    <channel update="i" site="filmon.com" site_id="1575" xmltv_id="Official Xbox Magazine">Official Xbox Magazine</channel>
    <channel update="i" site="filmon.com" site_id="1577" xmltv_id="PC Gamer \u00bb US Podcast">PC Gamer \u00bb US Podcast</channel>
    <channel update="i" site="filmon.com" site_id="1578" xmltv_id="Fast Karate for the Gentleman">Fast Karate for the Gentleman</channel>
    <channel update="i" site="filmon.com" site_id="1579" xmltv_id="Weekend Confirmed: The Video Game Show">Weekend Confirmed: The Video Game Show</channel>
    <channel update="i" site="filmon.com" site_id="1567" xmltv_id="IGN Games Podcasts">IGN Games Podcasts</channel>
    <channel update="i" site="filmon.com" site_id="1580" xmltv_id="Rebel FM">Rebel FM</channel>
    <channel update="i" site="filmon.com" site_id="1569" xmltv_id="Video Game Outsiders">Video Game Outsiders</channel>
    <channel update="i" site="filmon.com" site_id="1581" xmltv_id="Major Nelson Radio">Major Nelson Radio</channel>
    <channel update="i" site="filmon.com" site_id="1570" xmltv_id="The Geekbox">The Geekbox</channel>
    <channel update="i" site="filmon.com" site_id="1571" xmltv_id="Player One Podcast">Player One Podcast</channel>
    <channel update="i" site="filmon.com" site_id="808" xmltv_id="UWTV">UWTV</channel>
    <channel update="i" site="filmon.com" site_id="305" xmltv_id="The Florida Channel">The Florida Channel</channel>
    <channel update="i" site="filmon.com" site_id="1238" xmltv_id="Adobe Creative Suite Video Podcast">Adobe Creative Suite Video Podcast</channel>
    <channel update="i" site="filmon.com" site_id="1221" xmltv_id="TEDTalks (video)">TEDTalks (video)</channel>
    <channel update="i" site="filmon.com" site_id="1227" xmltv_id="Photoshop User TV">Photoshop User TV</channel>
    <channel update="i" site="filmon.com" site_id="1235" xmltv_id="Grammar Girl Quick and Dirty Tips for Better Writing">Grammar Girl Quick and Dirty Tips for Better Writing</channel>
    <channel update="i" site="filmon.com" site_id="1236" xmltv_id="The Public Speaker's Quick and Dirty Tips for Improving Your Communication Skills">The Public Speaker's Quick and Dirty Tips for Improving Your Communication Skills</channel>
    <channel update="i" site="filmon.com" site_id="1237" xmltv_id="APM: American RadioWorks">APM: American RadioWorks</channel>
    <channel update="i" site="filmon.com" site_id="1239" xmltv_id="NPR: Intelligence Squared Podcast">NPR: Intelligence Squared Podcast</channel>
    <channel update="i" site="filmon.com" site_id="1300" xmltv_id="LearnItalianPod.com - Learn to Speak Italian with Podcasts">LearnItalianPod.com - Learn to Speak Italian with Podcasts</channel>
    <channel update="i" site="filmon.com" site_id="1302" xmltv_id="Learn French with daily podcasts">Learn French with daily podcasts</channel>
    <channel update="i" site="filmon.com" site_id="1303" xmltv_id="ArabicPod - Learn Arabic">ArabicPod - Learn Arabic</channel>
    <channel update="i" site="filmon.com" site_id="1304" xmltv_id="Coffee Break Spanish">Coffee Break Spanish</channel>
    <channel update="i" site="filmon.com" site_id="1305" xmltv_id="Mandarin Chinese Lessons with Serge Melnyk">Mandarin Chinese Lessons with Serge Melnyk</channel>
    <channel update="i" site="filmon.com" site_id="1307" xmltv_id="Coffee Break French">Coffee Break French</channel>
    <channel update="i" site="filmon.com" site_id="1233" xmltv_id="Big Ideas (Audio)">Big Ideas (Audio)</channel>
    <channel update="i" site="filmon.com" site_id="1232" xmltv_id="My History Can Beat Up Your Politics">My History Can Beat Up Your Politics</channel>
    <channel update="i" site="filmon.com" site_id="1222" xmltv_id="APM: Garrison Keillor's The Writer's Almanac Podcast feed">APM: Garrison Keillor's The Writer's Almanac Podcast feed</channel>
    <channel update="i" site="filmon.com" site_id="1223" xmltv_id="History According to Bob">History According to Bob</channel>
    <channel update="i" site="filmon.com" site_id="1224" xmltv_id="The Dave Ramsey Show">The Dave Ramsey Show</channel>
    <channel update="i" site="filmon.com" site_id="1225" xmltv_id="Freakonomics Radio">Freakonomics Radio</channel>
    <channel update="i" site="filmon.com" site_id="1226" xmltv_id="Stuff You Missed in History Class">Stuff You Missed in History Class</channel>
    <channel update="i" site="filmon.com" site_id="1229" xmltv_id="Modern Manners Guy Quick and Dirty Tips for a More Polite Life">Modern Manners Guy Quick and Dirty Tips for a More Polite Life</channel>
    <channel update="i" site="filmon.com" site_id="1230" xmltv_id="Legal Lad's Quick and Dirty Tips for a More Lawful Life">Legal Lad's Quick and Dirty Tips for a More Lawful Life</channel>
    <channel update="i" site="filmon.com" site_id="1419" xmltv_id="MedicCast Audio Podcast for EMT Paramedics and EMS Students">MedicCast Audio Podcast for EMT Paramedics and EMS Students</channel>
    <channel update="i" site="filmon.com" site_id="2242" xmltv_id="The Ethicist">The Ethicist</channel>
    <channel update="i" site="filmon.com" site_id="1876" xmltv_id="Catholic TV">Catholic TV</channel>
    <channel update="i" site="filmon.com" site_id="399" xmltv_id="The Church Channel">The Church Channel</channel>
    <channel update="i" site="filmon.com" site_id="398" xmltv_id="TBN">TBN</channel>
    <channel update="i" site="filmon.com" site_id="833" xmltv_id="DAYSTAR">DAYSTAR</channel>
    <channel update="i" site="filmon.com" site_id="289" xmltv_id="The Spirit Word Channel">The Spirit Word Channel</channel>
    <channel update="i" site="filmon.com" site_id="1924" xmltv_id="Vida Atlanta">Vida Atlanta</channel>
    <channel update="i" site="filmon.com" site_id="306" xmltv_id="Jewelry TV">Jewelry TV</channel>
    <channel update="i" site="filmon.com" site_id="413" xmltv_id="QVC HD">QVC HD</channel>
    <channel update="i" site="filmon.com" site_id="2701" xmltv_id="QVC PLUS">QVC PLUS</channel>
    <channel update="i" site="filmon.com" site_id="2252" xmltv_id="America's Auction Network">America's Auction Network</channel>
    <channel update="i" site="filmon.com" site_id="2066" xmltv_id="Caribbean Shopping Channel">Caribbean Shopping Channel</channel>
    <channel update="i" site="filmon.com" site_id="214" xmltv_id="9021go TV">9021go TV</channel>
    <channel update="i" site="filmon.com" site_id="2704" xmltv_id="Product Showcase Network">Product Showcase Network</channel>
    <channel update="i" site="filmon.com" site_id="1201" xmltv_id="Laugh Out Loud from CBC Radio">Laugh Out Loud from CBC Radio</channel>
    <channel update="i" site="filmon.com" site_id="1202" xmltv_id="The Bugle">The Bugle</channel>
    <channel update="i" site="filmon.com" site_id="1203" xmltv_id="Friday Night Comedy from BBC Radio 4">Friday Night Comedy from BBC Radio 4</channel>
    <channel update="i" site="filmon.com" site_id="1204" xmltv_id="Metro And Gordon Do The Internet (mp3)">Metro And Gordon Do The Internet (mp3)</channel>
    <channel update="i" site="filmon.com" site_id="1205" xmltv_id="Episodes of The Irrelevant Show from CBC Radio">Episodes of The Irrelevant Show from CBC Radio</channel>
    <channel update="i" site="filmon.com" site_id="1207" xmltv_id="Laugh Out Loud's Laugh of the Day from CBC Radio">Laugh Out Loud's Laugh of the Day from CBC Radio</channel>
    <channel update="i" site="filmon.com" site_id="1208" xmltv_id="Onion Radio News">Onion Radio News</channel>
    <channel update="i" site="filmon.com" site_id="1200" xmltv_id="APM: A Prairie Home Companion's News from Lake Wobegon">APM: A Prairie Home Companion's News from Lake Wobegon</channel>
    <channel update="i" site="filmon.com" site_id="1199" xmltv_id="Big Broadcast (Old Time Radio)">Big Broadcast (Old Time Radio)</channel>
    <channel update="i" site="filmon.com" site_id="1197" xmltv_id="Comedy Bang Bang: The Podcast">Comedy Bang Bang: The Podcast</channel>
    <channel update="i" site="filmon.com" site_id="1186" xmltv_id="The Dennis Miller Show">The Dennis Miller Show</channel>
    <channel update="i" site="filmon.com" site_id="1187" xmltv_id="Heidi and Frank Whole Show">Heidi and Frank Whole Show</channel>
    <channel update="i" site="filmon.com" site_id="1189" xmltv_id="WTF with Marc Maron Podcast">WTF with Marc Maron Podcast</channel>
    <channel update="i" site="filmon.com" site_id="1190" xmltv_id="The Adam Carolla Show">The Adam Carolla Show</channel>
    <channel update="i" site="filmon.com" site_id="1193" xmltv_id="Distorted View Daily">Distorted View Daily</channel>
    <channel update="i" site="filmon.com" site_id="1195" xmltv_id="Pod Is My Copilot">Pod Is My Copilot</channel>
    <channel update="i" site="filmon.com" site_id="1196" xmltv_id="Stop Podcasting Yourself">Stop Podcasting Yourself</channel>
    <channel update="i" site="filmon.com" site_id="1312" xmltv_id="KCRW's Today's Top Tune">KCRW's Today's Top Tune</channel>
    <channel update="i" site="filmon.com" site_id="1329" xmltv_id="In the Groove, Jazz and Beyond">In the Groove, Jazz and Beyond</channel>
    <channel update="i" site="filmon.com" site_id="1342" xmltv_id="KEXP Presents Music That Matters">KEXP Presents Music That Matters</channel>
    <channel update="i" site="filmon.com" site_id="2194" xmltv_id="ElectronicaElectronica">ElectronicaElectronica</channel>
    <channel update="i" site="filmon.com" site_id="1315" xmltv_id="remix.nin.com - Newest Mixes">remix.nin.com - Newest Mixes</channel>
    <channel update="i" site="filmon.com" site_id="1330" xmltv_id="KEXP Presents Mind Over Matters Sustainability Segment">KEXP Presents Mind Over Matters Sustainability Segment</channel>
    <channel update="i" site="filmon.com" site_id="2140" xmltv_id="Couch to 5K (C25K) 5K101.com">Couch to 5K (C25K) 5K101.com</channel>
    <channel update="i" site="filmon.com" site_id="1343" xmltv_id="The Watt From Pedro Show">The Watt From Pedro Show</channel>
    <channel update="i" site="filmon.com" site_id="2197" xmltv_id="Musical Yarns of the Counter Culture on NWCZradio.com">Musical Yarns of the Counter Culture on NWCZradio.com</channel>
    <channel update="i" site="filmon.com" site_id="1316" xmltv_id="Coverville">Coverville</channel>
    <channel update="i" site="filmon.com" site_id="1331" xmltv_id="Endless Boundaries">Endless Boundaries</channel>
    <channel update="i" site="filmon.com" site_id="2149" xmltv_id="Corsten's Countdown Official Podcast by FLAIX.fr">Corsten's Countdown Official Podcast by FLAIX.fr</channel>
    <channel update="i" site="filmon.com" site_id="1345" xmltv_id="House of Reggae">House of Reggae</channel>
    <channel update="i" site="filmon.com" site_id="2203" xmltv_id="XLR8R TV (Quicktime Small)">XLR8R TV (Quicktime Small)</channel>
    <channel update="i" site="filmon.com" site_id="1332" xmltv_id="Sound Opinions">Sound Opinions</channel>
    <channel update="i" site="filmon.com" site_id="2155" xmltv_id="RA Podcast">RA Podcast</channel>
    <channel update="i" site="filmon.com" site_id="1346" xmltv_id="Song of the Day">Song of the Day</channel>
    <channel update="i" site="filmon.com" site_id="1319" xmltv_id="NPR: All Songs Considered Podcast">NPR: All Songs Considered Podcast</channel>
    <channel update="i" site="filmon.com" site_id="2158" xmltv_id="Protocol Radio">Protocol Radio</channel>
    <channel update="i" site="filmon.com" site_id="1334" xmltv_id="Bluegrass Highway">Bluegrass Highway</channel>
    <channel update="i" site="filmon.com" site_id="2161" xmltv_id="Hardwell On Air Official Podcast">Hardwell On Air Official Podcast</channel>
    <channel update="i" site="filmon.com" site_id="1348" xmltv_id="Raven and Blues">Raven and Blues</channel>
    <channel update="i" site="filmon.com" site_id="1321" xmltv_id="KEXP Live Performances Podcast">KEXP Live Performances Podcast</channel>
    <channel update="i" site="filmon.com" site_id="1349" xmltv_id="Canada Live from CBC Radio 2">Canada Live from CBC Radio 2</channel>
    <channel update="i" site="filmon.com" site_id="2167" xmltv_id="The Going Quantum Podcast">The Going Quantum Podcast</channel>
    <channel update="i" site="filmon.com" site_id="1180" xmltv_id="NPR: Car Talk Podcast">NPR: Car Talk Podcast</channel>
    <channel update="i" site="filmon.com" site_id="1350" xmltv_id="WNYC's Radiolab">WNYC's Radiolab</channel>
    <channel update="i" site="filmon.com" site_id="1323" xmltv_id="Classical Performance Podcast">Classical Performance Podcast</channel>
    <channel update="i" site="filmon.com" site_id="1339" xmltv_id="Scotland Introducing">Scotland Introducing</channel>
    <channel update="i" site="filmon.com" site_id="2173" xmltv_id="UKF Music Podcast">UKF Music Podcast</channel>
    <channel update="i" site="filmon.com" site_id="1327" xmltv_id="Perfecto Podcast: featuring Paul Oakenfold">Perfecto Podcast: featuring Paul Oakenfold</channel>
    <channel update="i" site="filmon.com" site_id="1340" xmltv_id="The Deadpod">The Deadpod</channel>
    <channel update="i" site="filmon.com" site_id="2185" xmltv_id="IndieFeed: Hip Hop Music">IndieFeed: Hip Hop Music</channel>
    <channel update="i" site="filmon.com" site_id="1311" xmltv_id="NPR: Live In Concert from NPR's All Songs Considered Podcast">NPR: Live In Concert from NPR's All Songs Considered Podcast</channel>
    <channel update="i" site="filmon.com" site_id="1328" xmltv_id="AMPed New Music Weekly">AMPed New Music Weekly</channel>
    <channel update="i" site="filmon.com" site_id="1341" xmltv_id="Music Popcast">Music Popcast</channel>
    <channel update="i" site="filmon.com" site_id="2191" xmltv_id="89.3 The Current: Musicheads - Minnesota Public Radio">89.3 The Current: Musicheads - Minnesota Public Radio</channel>
    <channel update="i" site="filmon.com" site_id="1317" xmltv_id="KEXP Song of the Day">KEXP Song of the Day</channel>
    <channel update="i" site="filmon.com" site_id="1320" xmltv_id="Q: The Podcast from CBC Radio">Q: The Podcast from CBC Radio</channel>
    <channel update="i" site="filmon.com" site_id="1358" xmltv_id="Sphere of Hip-Hop Podcast">Sphere of Hip-Hop Podcast</channel>
    <channel update="i" site="filmon.com" site_id="1355" xmltv_id="NPR: World Cafe Words and Music from WXPN Podcast">NPR: World Cafe Words and Music from WXPN Podcast</channel>
    <channel update="i" site="filmon.com" site_id="2209" xmltv_id="World Business Report">World Business Report</channel>
    <channel update="i" site="filmon.com" site_id="2164" xmltv_id="Dave's Lounge">Dave's Lounge</channel>
    <channel update="i" site="filmon.com" site_id="1408" xmltv_id="Building Relationships with Dr. Gary Chapman">Building Relationships with Dr. Gary Chapman</channel>
    <channel update="i" site="filmon.com" site_id="1558" xmltv_id="Travel with Rick Steves">Travel with Rick Steves</channel>
    <channel update="i" site="filmon.com" site_id="1211" xmltv_id="The Harvest Eating Podcast">The Harvest Eating Podcast</channel>
    <channel update="i" site="filmon.com" site_id="1451" xmltv_id="In Our Time With Melvyn Bragg">In Our Time With Melvyn Bragg</channel>
    <channel update="i" site="filmon.com" site_id="1214" xmltv_id="KCRW's Good Food">KCRW's Good Food</channel>
    <channel update="i" site="filmon.com" site_id="1561" xmltv_id="Indie Travel Podcast">Indie Travel Podcast</channel>
    <channel update="i" site="filmon.com" site_id="1215" xmltv_id="The Splendid Table">The Splendid Table</channel>
    <channel update="i" site="filmon.com" site_id="1455" xmltv_id="Bullseye with Jesse Thorn">Bullseye with Jesse Thorn</channel>
    <channel update="i" site="filmon.com" site_id="1563" xmltv_id="Irish Fireside">Irish Fireside</channel>
    <channel update="i" site="filmon.com" site_id="1216" xmltv_id="GrateTV">GrateTV</channel>
    <channel update="i" site="filmon.com" site_id="1457" xmltv_id="This American Life">This American Life</channel>
    <channel update="i" site="filmon.com" site_id="1400" xmltv_id="PediaCast">PediaCast</channel>
    <channel update="i" site="filmon.com" site_id="1459" xmltv_id="Writers and Company from CBC Radio">Writers and Company from CBC Radio</channel>
    <channel update="i" site="filmon.com" site_id="1565" xmltv_id="The Rest of Everest">The Rest of Everest</channel>
    <channel update="i" site="filmon.com" site_id="1401" xmltv_id="The Mighty Mommy's Quick and Dirty Tips for Practical Parenting">The Mighty Mommy's Quick and Dirty Tips for Practical Parenting</channel>
    <channel update="i" site="filmon.com" site_id="1460" xmltv_id="The Strand - A World of Arts">The Strand - A World of Arts</channel>
    <channel update="i" site="filmon.com" site_id="2077" xmltv_id="In the Loop with Andy Andrews">In the Loop with Andy Andrews</channel>
    <channel update="i" site="filmon.com" site_id="1402" xmltv_id="Manic Mommies">Manic Mommies</channel>
    <channel update="i" site="filmon.com" site_id="1461" xmltv_id="Book Review">Book Review</channel>
    <channel update="i" site="filmon.com" site_id="2080" xmltv_id="Good Life Project">Good Life Project</channel>
    <channel update="i" site="filmon.com" site_id="2089" xmltv_id="GFGI Podcast">GFGI Podcast</channel>
    <channel update="i" site="filmon.com" site_id="1406" xmltv_id="Savage Lovecast">Savage Lovecast</channel>
    <channel update="i" site="filmon.com" site_id="1464" xmltv_id="Common Sense with Dan Carlin">Common Sense with Dan Carlin</channel>
    <channel update="i" site="filmon.com" site_id="1407" xmltv_id="Pickup Podcast">Pickup Podcast</channel>
    <channel update="i" site="filmon.com" site_id="1194" xmltv_id="The Mike O'Meara Show">The Mike O'Meara Show</channel>
    <channel update="i" site="filmon.com" site_id="1453" xmltv_id="NPR: Most E-Mailed Stories Podcast">NPR: Most E-Mailed Stories Podcast</channel>
    <channel update="i" site="filmon.com" site_id="1405" xmltv_id="Sex With Emily">Sex With Emily</channel>
    <channel update="i" site="filmon.com" site_id="345" xmltv_id="After Dark TV">After Dark TV</channel>
    <channel update="i" site="filmon.com" site_id="2984" xmltv_id="Bikini Girls Showing Off">Bikini Girls Showing Off</channel>
    <channel update="i" site="filmon.com" site_id="3133" xmltv_id="Bikini Girls Show and Tell">Bikini Girls Show and Tell</channel>
    <channel update="i" site="filmon.com" site_id="3152" xmltv_id="Models In Motion">Models In Motion</channel>
    <channel update="i" site="filmon.com" site_id="1970" xmltv_id="Hooters' Calendar Girls">Hooters' Calendar Girls</channel>
    <channel update="i" site="filmon.com" site_id="3155" xmltv_id="Studio Girls">Studio Girls</channel>
    <channel update="i" site="filmon.com" site_id="2684" xmltv_id="Player TV">Player TV</channel>
    <channel update="i" site="filmon.com" site_id="2726" xmltv_id="Bikini Beach TV">Bikini Beach TV</channel>
    <channel update="i" site="filmon.com" site_id="2819" xmltv_id="Bikini Down Under">Bikini Down Under</channel>
    <channel update="i" site="filmon.com" site_id="2939" xmltv_id="Hottest Cheerleaders">Hottest Cheerleaders</channel>
    <channel update="i" site="filmon.com" site_id="2975" xmltv_id="Party Girls TV">Party Girls TV</channel>
    <channel update="i" site="filmon.com" site_id="2638" xmltv_id="Miss Top of the World ">Miss Top of the World </channel>
    <channel update="i" site="filmon.com" site_id="380" xmltv_id="Bikini TeeVee">Bikini TeeVee</channel>
    <channel update="i" site="filmon.com" site_id="2000" xmltv_id="Bikini Kitchen">Bikini Kitchen</channel>
    <channel update="i" site="filmon.com" site_id="1858" xmltv_id="College Hotties">College Hotties</channel>
    <channel update="i" site="filmon.com" site_id="866" xmltv_id="MiamiTV">MiamiTV</channel>
  </channels>
</site>