﻿<?xml version="1.0" encoding="UTF-8"?>
<site generator-info-name="WebGrab+Plus/w MDB &amp; REX Postprocess -- version 1.55.13/0.02 -- Jan van Straaten" site="gatotv.com">
  <channels>
    <channel update="i" site="gatotv.com" site_id="hola_tv" xmltv_id="Canal ¡Hola! TV">Canal ¡Hola! TV</channel>
    <channel update="i" site="gatotv.com" site_id="11_de_costa_rica" xmltv_id="Canal 11 de Costa Rica">Canal 11 de Costa Rica</channel>
    <channel update="i" site="gatotv.com" site_id="11_de_guatemala_teleonce" xmltv_id="Canal 11 de Guatemala (Teleonce)">Canal 11 de Guatemala (Teleonce)</channel>
    <channel update="i" site="gatotv.com" site_id="11_de_honduras" xmltv_id="Canal 11 de Honduras">Canal 11 de Honduras</channel>
    <channel update="i" site="gatotv.com" site_id="12_de_el_salvador" xmltv_id="Canal 12 de El Salvador">Canal 12 de El Salvador</channel>
    <channel update="i" site="gatotv.com" site_id="13_de_costa_rica" xmltv_id="Canal 13 de Costa Rica">Canal 13 de Costa Rica</channel>
    <channel update="i" site="gatotv.com" site_id="13_de_guatemala_trecevision" xmltv_id="Canal 13 de Guatemala (Trecevisión)">Canal 13 de Guatemala (Trecevisión)</channel>
    <channel update="i" site="gatotv.com" site_id="13_de_nicaragua" xmltv_id="Canal 13 de Nicaragua (Viva Nicaragua)">Canal 13 de Nicaragua (Viva Nicaragua)</channel>
    <channel update="i" site="gatotv.com" site_id="13_de_puerto_rico" xmltv_id="Canal 13 de Puerto Rico (WORO-DT)">Canal 13 de Puerto Rico (WORO-DT)</channel>
    <channel update="i" site="gatotv.com" site_id="14_de_nicaragua" xmltv_id="Canal 14 de Nicaragua (Vos TV)">Canal 14 de Nicaragua (Vos TV)</channel>
    <channel update="i" site="gatotv.com" site_id="15_republica_dominicana" xmltv_id="Canal 15 (Digital Quince Telemicro) (República Dominicana)">Canal 15 (Digital Quince Telemicro) (República Dominicana)</channel>
    <channel update="i" site="gatotv.com" site_id="2_de_el_salvador" xmltv_id="Canal 2 de El Salvador">Canal 2 de El Salvador</channel>
    <channel update="i" site="gatotv.com" site_id="de_las_estrellas_mexico" xmltv_id="Canal 2 de México (Canal de las Estrellas - XEW) ">Canal 2 de México (Canal de las Estrellas - XEW) </channel>
    <channel update="i" site="gatotv.com" site_id="2_de_nicaragua_televicentro" xmltv_id="Canal 2 de Nicaragua (Televicentro)">Canal 2 de Nicaragua (Televicentro)</channel>
    <channel update="i" site="gatotv.com" site_id="tvn-2" xmltv_id="Canal 2 de Panamá (TVN-2)">Canal 2 de Panamá (TVN-2)</channel>
    <channel update="i" site="gatotv.com" site_id="tele_antillas" xmltv_id="Canal 2 de Tele Antillas (República Dominicana)">Canal 2 de Tele Antillas (República Dominicana)</channel>
    <channel update="i" site="gatotv.com" site_id="21_el_salvador" xmltv_id="Canal 21 de El Salvador (Megavisión)">Canal 21 de El Salvador (Megavisión)</channel>
    <channel update="i" site="gatotv.com" site_id="22_mexico" xmltv_id="Canal 22 de México">Canal 22 de México</channel>
    <channel update="i" site="gatotv.com" site_id="24_horas_tve" xmltv_id="Canal 24 Horas (TVE)">Canal 24 Horas (TVE)</channel>
    <channel update="i" site="gatotv.com" site_id="29_republica_dominicana" xmltv_id="Canal 29 de TeleUniverso (República Dominicana)">Canal 29 de TeleUniverso (República Dominicana)</channel>
    <channel update="i" site="gatotv.com" site_id="3_de_guatemala_el_super_canal" xmltv_id="Canal 3 de Guatemala (El Super Canal)">Canal 3 de Guatemala (El Super Canal)</channel>
    <channel update="i" site="gatotv.com" site_id="34_monterrey" xmltv_id="Canal 34 de Monterrey (MTY tv)">Canal 34 de Monterrey (MTY tv)</channel>
    <channel update="i" site="gatotv.com" site_id="37_republica_dominicana" xmltv_id="Canal 37 de CDN (República Dominicana)">Canal 37 de CDN (República Dominicana)</channel>
    <channel update="i" site="gatotv.com" site_id="4_de_costa_rica_repretel" xmltv_id="Canal 4 de Costa Rica (Repretel)">Canal 4 de Costa Rica (Repretel)</channel>
    <channel update="i" site="gatotv.com" site_id="4_de_el_salvador" xmltv_id="Canal 4 de El Salvador">Canal 4 de El Salvador</channel>
    <channel update="i" site="gatotv.com" site_id="4_guadalajara" xmltv_id="Canal 4 de Guadalajara (México)">Canal 4 de Guadalajara (México)</channel>
    <channel update="i" site="gatotv.com" site_id="5_mexico" xmltv_id="Canal 5 de México (XHGC)">Canal 5 de México (XHGC)</channel>
    <channel update="i" site="gatotv.com" site_id="5_telemicro" xmltv_id="Canal 5 de Telemicro (República Dominicana)">Canal 5 de Telemicro (República Dominicana)</channel>
    <channel update="i" site="gatotv.com" site_id="5_el_lider_honduras" xmltv_id="Canal 5 El Líder (Honduras)">Canal 5 El Líder (Honduras)</channel>
    <channel update="i" site="gatotv.com" site_id="5_hd_mexico" xmltv_id="Canal 5 HD de México (XHGC)">Canal 5 HD de México (XHGC)</channel>
    <channel update="i" site="gatotv.com" site_id="6_de_el_salvador" xmltv_id="Canal 6 de El Salvador">Canal 6 de El Salvador</channel>
    <channel update="i" site="gatotv.com" site_id="6_de_nicaragua" xmltv_id="Canal 6 de Nicaragua">Canal 6 de Nicaragua</channel>
    <channel update="i" site="gatotv.com" site_id="repretel" xmltv_id="Canal 6 Repretel (Costa Rica)">Canal 6 Repretel (Costa Rica)</channel>
    <channel update="i" site="gatotv.com" site_id="7_republica_dominicana" xmltv_id="Canal 7 de Antena Latina (República Dominicana)">Canal 7 de Antena Latina (República Dominicana)</channel>
    <channel update="i" site="gatotv.com" site_id="7_de_guatemala_televisiete" xmltv_id="Canal 7 de Guatemala (Televisiete)">Canal 7 de Guatemala (Televisiete)</channel>
    <channel update="i" site="gatotv.com" site_id="7_de_puerto_rico_teleisla" xmltv_id="Canal 7 de Puerto Rico (teleisla)">Canal 7 de Puerto Rico (teleisla)</channel>
    <channel update="i" site="gatotv.com" site_id="teletica" xmltv_id="Canal 7 de Teletica (Costa Rica)">Canal 7 de Teletica (Costa Rica)</channel>
    <channel update="i" site="gatotv.com" site_id="9_republica_dominicana" xmltv_id="Canal 9 de Color Visión (República Dominicana)">Canal 9 de Color Visión (República Dominicana)</channel>
    <channel update="i" site="gatotv.com" site_id="9_de_costa_rica" xmltv_id="Canal 9 de Costa Rica">Canal 9 de Costa Rica</channel>
    <channel update="i" site="gatotv.com" site_id="tvmax" xmltv_id="Canal 9 de Panamá (TVMax)">Canal 9 de Panamá (TVMax)</channel>
    <channel update="i" site="gatotv.com" site_id="a_y_e" xmltv_id="Canal A&amp;E (Latinoamérica)">Canal A&amp;E (Latinoamérica)</channel>
    <channel update="i" site="gatotv.com" site_id="a_y_e_hd" xmltv_id="Canal A&amp;E HD Latinoamérica">Canal A&amp;E HD Latinoamérica</channel>
    <channel update="i" site="gatotv.com" site_id="amc_hd_latinoamerica" xmltv_id="Canal AMC HD Latinoamérica">Canal AMC HD Latinoamérica</channel>
    <channel update="i" site="gatotv.com" site_id="amc_latinoamerica" xmltv_id="Canal AMC Latinoamérica">Canal AMC Latinoamérica</channel>
    <channel update="i" site="gatotv.com" site_id="animal_planet" xmltv_id="Canal Animal Planet">Canal Animal Planet</channel>
    <channel update="i" site="gatotv.com" site_id="antena_3" xmltv_id="Canal Antena 3">Canal Antena 3</channel>
    <channel update="i" site="gatotv.com" site_id="antena_3_espana" xmltv_id="Canal Antena 3 de España">Canal Antena 3 de España</channel>
    <channel update="i" site="gatotv.com" site_id="antigua" xmltv_id="Canal Antigua (Guatemala)">Canal Antigua (Guatemala)</channel>
    <channel update="i" site="gatotv.com" site_id="aprende" xmltv_id="Canal Aprende">Canal Aprende</channel>
    <channel update="i" site="gatotv.com" site_id="axn" xmltv_id="Canal AXN">Canal AXN</channel>
    <channel update="i" site="gatotv.com" site_id="axn_hd" xmltv_id="Canal AXN HD">Canal AXN HD</channel>
    <channel update="i" site="gatotv.com" site_id="axn_white_espana" xmltv_id="Canal AXN White España">Canal AXN White España</channel>
    <channel update="i" site="gatotv.com" site_id="aym_sports" xmltv_id="Canal AYM Sports">Canal AYM Sports</channel>
    <channel update="i" site="gatotv.com" site_id="azcorazon" xmltv_id="Canal AZCorazón">Canal AZCorazón</channel>
    <channel update="i" site="gatotv.com" site_id="azmundo" xmltv_id="Canal AZMundo">Canal AZMundo</channel>
    <channel update="i" site="gatotv.com" site_id="azteca_13" xmltv_id="Canal Azteca 13 (México)">Canal Azteca 13 (México)</channel>
    <channel update="i" site="gatotv.com" site_id="azteca_13_-1h" xmltv_id="Canal Azteca 13 -1 Hora (México)">Canal Azteca 13 -1 Hora (México)</channel>
    <channel update="i" site="gatotv.com" site_id="azteca_13_hd" xmltv_id="Canal Azteca 13 HD (México)">Canal Azteca 13 HD (México)</channel>
    <channel update="i" site="gatotv.com" site_id="azteca_7" xmltv_id="Canal Azteca 7  (México)">Canal Azteca 7  (México)</channel>
    <channel update="i" site="gatotv.com" site_id="azteca_7_hd" xmltv_id="Canal Azteca 7 HD (México)">Canal Azteca 7 HD (México)</channel>
    <channel update="i" site="gatotv.com" site_id="azteca_guatemala" xmltv_id="Canal Azteca Guatemala">Canal Azteca Guatemala</channel>
    <channel update="i" site="gatotv.com" site_id="baby_tv" xmltv_id="Canal Baby TV">Canal Baby TV</channel>
    <channel update="i" site="gatotv.com" site_id="babyfirst_tv" xmltv_id="Canal BabyFirst TV">Canal BabyFirst TV</channel>
    <channel update="i" site="gatotv.com" site_id="bandamax" xmltv_id="Canal Bandamax">Canal Bandamax</channel>
    <channel update="i" site="gatotv.com" site_id="bbc_entertainment" xmltv_id="Canal BBC Entertainment">Canal BBC Entertainment</channel>
    <channel update="i" site="gatotv.com" site_id="bbc_hd" xmltv_id="Canal BBC HD">Canal BBC HD</channel>
    <channel update="i" site="gatotv.com" site_id="bbc_world" xmltv_id="Canal BBC World">Canal BBC World</channel>
    <channel update="i" site="gatotv.com" site_id="bein_sport_en_espanol" xmltv_id="Canal beIN Sport en Español">Canal beIN Sport en Español</channel>
    <channel update="i" site="gatotv.com" site_id="bloomberg" xmltv_id="Canal Bloomberg">Canal Bloomberg</channel>
    <channel update="i" site="gatotv.com" site_id="boomerang" xmltv_id="Canal Boomerang">Canal Boomerang</channel>
    <channel update="i" site="gatotv.com" site_id="cadena_3" xmltv_id="Canal Cadena 3">Canal Cadena 3</channel>
    <channel update="i" site="gatotv.com" site_id="caracol_internacional" xmltv_id="Canal Caracol Internacional">Canal Caracol Internacional</channel>
    <channel update="i" site="gatotv.com" site_id="cartoon_network" xmltv_id="Canal Cartoon Network">Canal Cartoon Network</channel>
    <channel update="i" site="gatotv.com" site_id="casa_club" xmltv_id="Canal Casa Club TV">Canal Casa Club TV</channel>
    <channel update="i" site="gatotv.com" site_id="castilla-la_mancha" xmltv_id="Canal Castilla-La Mancha Televisión">Canal Castilla-La Mancha Televisión</channel>
    <channel update="i" site="gatotv.com" site_id="cbeebies" xmltv_id="Canal CBeebies">Canal CBeebies</channel>
    <channel update="i" site="gatotv.com" site_id="cctv_espanol" xmltv_id="Canal CCTV-Español">Canal CCTV-Español</channel>
    <channel update="i" site="gatotv.com" site_id="cdm_internacional" xmltv_id="Canal CDM Internacional">Canal CDM Internacional</channel>
    <channel update="i" site="gatotv.com" site_id="cdn" xmltv_id="Canal CDN">Canal CDN</channel>
    <channel update="i" site="gatotv.com" site_id="cdn_sportsmax" xmltv_id="Canal CDN-SportsMax">Canal CDN-SportsMax</channel>
    <channel update="i" site="gatotv.com" site_id="cinecanal" xmltv_id="Canal Cinecanal">Canal Cinecanal</channel>
    <channel update="i" site="gatotv.com" site_id="cinecanal_mas" xmltv_id="Canal Cinecanal +">Canal Cinecanal +</channel>
    <channel update="i" site="gatotv.com" site_id="cinecanal_hd" xmltv_id="Canal Cinecanal HD">Canal Cinecanal HD</channel>
    <channel update="i" site="gatotv.com" site_id="cinelatino" xmltv_id="Canal Cinelatino">Canal Cinelatino</channel>
    <channel update="i" site="gatotv.com" site_id="cinelatino_u_s_a" xmltv_id="Canal Cinelatino U.S.A.">Canal Cinelatino U.S.A.</channel>
    <channel update="i" site="gatotv.com" site_id="cinema_dinamita" xmltv_id="Canal Cinema Dinamita">Canal Cinema Dinamita</channel>
    <channel update="i" site="gatotv.com" site_id="cinemax_argentina" xmltv_id="Canal Cinemax Argentina">Canal Cinemax Argentina</channel>
    <channel update="i" site="gatotv.com" site_id="cinemax_mexico" xmltv_id="Canal Cinemax México">Canal Cinemax México</channel>
    <channel update="i" site="gatotv.com" site_id="cinemax_oeste" xmltv_id="Canal Cinemax Oeste">Canal Cinemax Oeste</channel>
    <channel update="i" site="gatotv.com" site_id="claro_sports" xmltv_id="Canal Claro Sports">Canal Claro Sports</channel>
    <channel update="i" site="gatotv.com" site_id="claro_tv" xmltv_id="Canal Claro TV">Canal Claro TV</channel>
    <channel update="i" site="gatotv.com" site_id="cnn_en_espanol" xmltv_id="Canal CNN en español">Canal CNN en español</channel>
    <channel update="i" site="gatotv.com" site_id="cnn_internacional" xmltv_id="Canal CNN Internacional">Canal CNN Internacional</channel>
    <channel update="i" site="gatotv.com" site_id="comedy_central_hd_latinoamerica" xmltv_id="Canal Comedy Central HD Latinoamérica">Canal Comedy Central HD Latinoamérica</channel>
    <channel update="i" site="gatotv.com" site_id="comedy_central_latinoamerica" xmltv_id="Canal Comedy Central Latinoamérica">Canal Comedy Central Latinoamérica</channel>
    <channel update="i" site="gatotv.com" site_id="concert_channel_hd" xmltv_id="Canal Concert Channel HD">Canal Concert Channel HD</channel>
    <channel update="i" site="gatotv.com" site_id="cosmopolitan" xmltv_id="Canal Cosmopolitan">Canal Cosmopolitan</channel>
    <channel update="i" site="gatotv.com" site_id="cuatro_de_espana" xmltv_id="Canal Cuatro de España">Canal Cuatro de España</channel>
    <channel update="i" site="gatotv.com" site_id="de_las_estrellas_-1h_mexico" xmltv_id="Canal de las Estrellas -1 Hora - México (XEW)">Canal de las Estrellas -1 Hora - México (XEW)</channel>
    <channel update="i" site="gatotv.com" site_id="de_las_estrellas_-2h_mexico" xmltv_id="Canal de las Estrellas -2 Horas - México (XEW)">Canal de las Estrellas -2 Horas - México (XEW)</channel>
    <channel update="i" site="gatotv.com" site_id="de_las_estrellas_hd_mexico" xmltv_id="Canal de las Estrellas HD - México (XEW)">Canal de las Estrellas HD - México (XEW)</channel>
    <channel update="i" site="gatotv.com" site_id="de_las_estrellas_latinoamerica" xmltv_id="Canal de las Estrellas Latinoamérica">Canal de las Estrellas Latinoamérica</channel>
    <channel update="i" site="gatotv.com" site_id="de_pelicula" xmltv_id="Canal De Pelicula">Canal De Pelicula</channel>
    <channel update="i" site="gatotv.com" site_id="de_pelicula_m" xmltv_id="Canal De Pelicula (Multiplex)">Canal De Pelicula (Multiplex)</channel>
    <channel update="i" site="gatotv.com" site_id="de_pelicula_clasico" xmltv_id="Canal De Película Clásico">Canal De Película Clásico</channel>
    <channel update="i" site="gatotv.com" site_id="de_pelicula_hd" xmltv_id="Canal de Película HD">Canal de Película HD</channel>
    <channel update="i" site="gatotv.com" site_id="deutsche_welle" xmltv_id="Canal Deutsche Welle">Canal Deutsche Welle</channel>
    <channel update="i" site="gatotv.com" site_id="discovery" xmltv_id="Canal Discovery">Canal Discovery</channel>
    <channel update="i" site="gatotv.com" site_id="discovery_channel_hd" xmltv_id="Canal Discovery Channel HD">Canal Discovery Channel HD</channel>
    <channel update="i" site="gatotv.com" site_id="discovery_civilization_latinoamerica" xmltv_id="Canal Discovery Civilization Latinoamérica">Canal Discovery Civilization Latinoamérica</channel>
    <channel update="i" site="gatotv.com" site_id="discovery_h_y_h_hd_latinoamerica" xmltv_id="Canal Discovery H&amp;H HD Latinoamérica">Canal Discovery H&amp;H HD Latinoamérica</channel>
    <channel update="i" site="gatotv.com" site_id="discovery_home_and_health" xmltv_id="Canal Discovery Home &amp; Health">Canal Discovery Home &amp; Health</channel>
    <channel update="i" site="gatotv.com" site_id="discovery_kids" xmltv_id="Canal Discovery Kids">Canal Discovery Kids</channel>
    <channel update="i" site="gatotv.com" site_id="discovery_science_latinoamerica" xmltv_id="Canal Discovery Science Latinoamérica">Canal Discovery Science Latinoamérica</channel>
    <channel update="i" site="gatotv.com" site_id="discovery_turbo_latinoamerica" xmltv_id="Canal Discovery Turbo Latinoamérica">Canal Discovery Turbo Latinoamérica</channel>
    <channel update="i" site="gatotv.com" site_id="disney" xmltv_id="Canal Disney Channel">Canal Disney Channel</channel>
    <channel update="i" site="gatotv.com" site_id="disney_hd" xmltv_id="Canal Disney HD">Canal Disney HD</channel>
    <channel update="i" site="gatotv.com" site_id="disney_junior" xmltv_id="Canal Disney Junior">Canal Disney Junior</channel>
    <channel update="i" site="gatotv.com" site_id="disney_xd" xmltv_id="Canal Disney XD">Canal Disney XD</channel>
    <channel update="i" site="gatotv.com" site_id="distrito_comedia" xmltv_id="Canal Distrito Comedia">Canal Distrito Comedia</channel>
    <channel update="i" site="gatotv.com" site_id="e_entertainment_television" xmltv_id="Canal E! Entertainment Television (Latinoamérica)">Canal E! Entertainment Television (Latinoamérica)</channel>
    <channel update="i" site="gatotv.com" site_id="efekto_tv" xmltv_id="Canal Efekto TV (Efekto Noticias)">Canal Efekto TV (Efekto Noticias)</channel>
    <channel update="i" site="gatotv.com" site_id="el_financiero_bloomberg" xmltv_id="Canal El Financiero - Bloomberg">Canal El Financiero - Bloomberg</channel>
    <channel update="i" site="gatotv.com" site_id="elgourmet" xmltv_id="Canal Elgourmet">Canal Elgourmet</channel>
    <channel update="i" site="gatotv.com" site_id="ella" xmltv_id="Canal Ella">Canal Ella</channel>
    <channel update="i" site="gatotv.com" site_id="enlace" xmltv_id="Canal Enlace (TBN)">Canal Enlace (TBN)</channel>
    <channel update="i" site="gatotv.com" site_id="esne_tv" xmltv_id="Canal ESNE TV">Canal ESNE TV</channel>
    <channel update="i" site="gatotv.com" site_id="espn_mexico" xmltv_id="Canal ESPN (México)">Canal ESPN (México)</channel>
    <channel update="i" site="gatotv.com" site_id="espn_2" xmltv_id="Canal ESPN 2">Canal ESPN 2</channel>
    <channel update="i" site="gatotv.com" site_id="espn_3" xmltv_id="Canal ESPN 3 Latinoamérica">Canal ESPN 3 Latinoamérica</channel>
    <channel update="i" site="gatotv.com" site_id="espn_deportes" xmltv_id="Canal ESPN Deportes">Canal ESPN Deportes</channel>
    <channel update="i" site="gatotv.com" site_id="espn_hd" xmltv_id="Canal ESPN HD">Canal ESPN HD</channel>
    <channel update="i" site="gatotv.com" site_id="espn_internacional" xmltv_id="Canal ESPN Internacional">Canal ESPN Internacional</channel>
    <channel update="i" site="gatotv.com" site_id="etb_1" xmltv_id="Canal ETB 1">Canal ETB 1</channel>
    <channel update="i" site="gatotv.com" site_id="etb_2" xmltv_id="Canal ETB 2">Canal ETB 2</channel>
    <channel update="i" site="gatotv.com" site_id="eurochannel" xmltv_id="Canal Eurochannel">Canal Eurochannel</channel>
    <channel update="i" site="gatotv.com" site_id="euronews" xmltv_id="Canal Euronews">Canal Euronews</channel>
    <channel update="i" site="gatotv.com" site_id="europa_europa" xmltv_id="Canal Europa Europa">Canal Europa Europa</channel>
    <channel update="i" site="gatotv.com" site_id="ewtn_en_espanol" xmltv_id="Canal EWTN en Español">Canal EWTN en Español</channel>
    <channel update="i" site="gatotv.com" site_id="excelsior_tv" xmltv_id="Canal Excelsior TV">Canal Excelsior TV</channel>
    <channel update="i" site="gatotv.com" site_id="extra_tv_42_de_costa_rica" xmltv_id="Canal Extra TV 42 de Costa Rica">Canal Extra TV 42 de Costa Rica</channel>
    <channel update="i" site="gatotv.com" site_id="film_and_arts" xmltv_id="Canal Film &amp; Arts">Canal Film &amp; Arts</channel>
    <channel update="i" site="gatotv.com" site_id="foro_tv" xmltv_id="Canal Foro TV">Canal Foro TV</channel>
    <channel update="i" site="gatotv.com" site_id="foro_tv_hd" xmltv_id="Canal Foro TV HD">Canal Foro TV HD</channel>
    <channel update="i" site="gatotv.com" site_id="fox" xmltv_id="Canal Fox">Canal Fox</channel>
    <channel update="i" site="gatotv.com" site_id="fox_action_este" xmltv_id="Canal Fox Action (Este)">Canal Fox Action (Este)</channel>
    <channel update="i" site="gatotv.com" site_id="fox_action_oeste" xmltv_id="Canal Fox Action (Oeste)">Canal Fox Action (Oeste)</channel>
    <channel update="i" site="gatotv.com" site_id="fox_action_hd" xmltv_id="Canal Fox Action HD">Canal Fox Action HD</channel>
    <channel update="i" site="gatotv.com" site_id="fox_cinema" xmltv_id="Canal Fox Cinema">Canal Fox Cinema</channel>
    <channel update="i" site="gatotv.com" site_id="fox_classics" xmltv_id="Canal Fox Classics">Canal Fox Classics</channel>
    <channel update="i" site="gatotv.com" site_id="fox_deportes" xmltv_id="Canal Fox Deportes">Canal Fox Deportes</channel>
    <channel update="i" site="gatotv.com" site_id="fox_family" xmltv_id="Canal Fox Family">Canal Fox Family</channel>
    <channel update="i" site="gatotv.com" site_id="fox_hd" xmltv_id="Canal Fox HD">Canal Fox HD</channel>
    <channel update="i" site="gatotv.com" site_id="fox_life" xmltv_id="Canal Fox Life">Canal Fox Life</channel>
    <channel update="i" site="gatotv.com" site_id="fox_movies" xmltv_id="Canal Fox Movies">Canal Fox Movies</channel>
    <channel update="i" site="gatotv.com" site_id="fox_movies_hd" xmltv_id="Canal Fox Movies HD">Canal Fox Movies HD</channel>
    <channel update="i" site="gatotv.com" site_id="fox_news" xmltv_id="Canal Fox News">Canal Fox News</channel>
    <channel update="i" site="gatotv.com" site_id="fox_sports" xmltv_id="Canal Fox Sports">Canal Fox Sports</channel>
    <channel update="i" site="gatotv.com" site_id="fox_sports_2_hd" xmltv_id="Canal Fox Sports 2 HD Latinoamérica">Canal Fox Sports 2 HD Latinoamérica</channel>
    <channel update="i" site="gatotv.com" site_id="fox_sports_2" xmltv_id="Canal Fox Sports 2 Latinoamérica">Canal Fox Sports 2 Latinoamérica</channel>
    <channel update="i" site="gatotv.com" site_id="fox_sports_3" xmltv_id="Canal Fox Sports 3 Latinoamérica">Canal Fox Sports 3 Latinoamérica</channel>
    <channel update="i" site="gatotv.com" site_id="fox_sports_hd" xmltv_id="Canal Fox Sports HD">Canal Fox Sports HD</channel>
    <channel update="i" site="gatotv.com" site_id="fox1_este" xmltv_id="Canal Fox1 (Este)">Canal Fox1 (Este)</channel>
    <channel update="i" site="gatotv.com" site_id="fox1_oeste" xmltv_id="Canal Fox1 (Oeste)">Canal Fox1 (Oeste)</channel>
    <channel update="i" site="gatotv.com" site_id="fox1_hd" xmltv_id="Canal Fox1 HD">Canal Fox1 HD</channel>
    <channel update="i" site="gatotv.com" site_id="fx" xmltv_id="Canal FX">Canal FX</channel>
    <channel update="i" site="gatotv.com" site_id="gala_tv" xmltv_id="Canal Gala TV">Canal Gala TV</channel>
    <channel update="i" site="gatotv.com" site_id="gala_tv_hd" xmltv_id="Canal Gala TV HD">Canal Gala TV HD</channel>
    <channel update="i" site="gatotv.com" site_id="galicia_tv" xmltv_id="Canal Galicia TV">Canal Galicia TV</channel>
    <channel update="i" site="gatotv.com" site_id="glitz" xmltv_id="Canal Glitz">Canal Glitz</channel>
    <channel update="i" site="gatotv.com" site_id="golden" xmltv_id="Canal Golden">Canal Golden</channel>
    <channel update="i" site="gatotv.com" site_id="golden_edge" xmltv_id="Canal Golden Edge">Canal Golden Edge</channel>
    <channel update="i" site="gatotv.com" site_id="golden_hd" xmltv_id="Canal Golden HD">Canal Golden HD</channel>
    <channel update="i" site="gatotv.com" site_id="golden_mpx" xmltv_id="Canal Golden Multiplex">Canal Golden Multiplex</channel>
    <channel update="i" site="gatotv.com" site_id="golden_premier" xmltv_id="Canal Golden Premier">Canal Golden Premier</channel>
    <channel update="i" site="gatotv.com" site_id="golden_premier_2" xmltv_id="Canal Golden Premier 2">Canal Golden Premier 2</channel>
    <channel update="i" site="gatotv.com" site_id="golf_channel" xmltv_id="Canal Golf Channel">Canal Golf Channel</channel>
    <channel update="i" site="gatotv.com" site_id="goltv_latinoamerica" xmltv_id="Canal GolTV Latinoamérica">Canal GolTV Latinoamérica</channel>
    <channel update="i" site="gatotv.com" site_id="green_tv_mexico" xmltv_id="Canal Green TV México">Canal Green TV México</channel>
    <channel update="i" site="gatotv.com" site_id="guatevision" xmltv_id="Canal Guatevisión">Canal Guatevisión</channel>
    <channel update="i" site="gatotv.com" site_id="h2" xmltv_id="Canal H2 (History 2)">Canal H2 (History 2)</channel>
    <channel update="i" site="gatotv.com" site_id="hbo" xmltv_id="Canal HBO">Canal HBO</channel>
    <channel update="i" site="gatotv.com" site_id="hbo_2" xmltv_id="Canal HBO 2">Canal HBO 2</channel>
    <channel update="i" site="gatotv.com" site_id="hbo_family_este" xmltv_id="Canal HBO Family Este">Canal HBO Family Este</channel>
    <channel update="i" site="gatotv.com" site_id="hbo_hd_latinoamerica" xmltv_id="Canal HBO HD Latinoamérica">Canal HBO HD Latinoamérica</channel>
    <channel update="i" site="gatotv.com" site_id="hbo_latino_este" xmltv_id="Canal HBO Latino Este">Canal HBO Latino Este</channel>
    <channel update="i" site="gatotv.com" site_id="hbo_oeste" xmltv_id="Canal HBO Oeste">Canal HBO Oeste</channel>
    <channel update="i" site="gatotv.com" site_id="hbo_plus" xmltv_id="Canal HBO Plus">Canal HBO Plus</channel>
    <channel update="i" site="gatotv.com" site_id="hbo_plus_oeste" xmltv_id="Canal HBO Plus Oeste">Canal HBO Plus Oeste</channel>
    <channel update="i" site="gatotv.com" site_id="hbo_signature_latinoamerica" xmltv_id="Canal HBO Signature Latinoamérica">Canal HBO Signature Latinoamérica</channel>
    <channel update="i" site="gatotv.com" site_id="history" xmltv_id="Canal History Channel (Latinoamérica)">Canal History Channel (Latinoamérica)</channel>
    <channel update="i" site="gatotv.com" site_id="history_hd" xmltv_id="Canal History Channel HD">Canal History Channel HD</channel>
    <channel update="i" site="gatotv.com" site_id="hln" xmltv_id="Canal HLN">Canal HLN</channel>
    <channel update="i" site="gatotv.com" site_id="htv" xmltv_id="Canal HTV">Canal HTV</channel>
    <channel update="i" site="gatotv.com" site_id="i.sat" xmltv_id="Canal I.Sat">Canal I.Sat</channel>
    <channel update="i" site="gatotv.com" site_id="investigation_discovery_hd_mexico" xmltv_id="Canal ID (Investigation Discovery) HD - México">Canal ID (Investigation Discovery) HD - México</channel>
    <channel update="i" site="gatotv.com" site_id="investigation_discovery" xmltv_id="Canal ID (Investigation Discovery) Latinoamérica">Canal ID (Investigation Discovery) Latinoamérica</channel>
    <channel update="i" site="gatotv.com" site_id="infinito" xmltv_id="Canal Infinito">Canal Infinito</channel>
    <channel update="i" site="gatotv.com" site_id="ingenio_tv_mexico" xmltv_id="Canal Ingenio TV (México)">Canal Ingenio TV (México)</channel>
    <channel update="i" site="gatotv.com" site_id="judicial" xmltv_id="Canal Judicial">Canal Judicial</channel>
    <channel update="i" site="gatotv.com" site_id="k_music" xmltv_id="Canal K - Music">Canal K - Music</channel>
    <channel update="i" site="gatotv.com" site_id="kw_television" xmltv_id="Canal KW Televisión">Canal KW Televisión</channel>
    <channel update="i" site="gatotv.com" site_id="la_1" xmltv_id="Canal La 1">Canal La 1</channel>
    <channel update="i" site="gatotv.com" site_id="la_2" xmltv_id="Canal La 2">Canal La 2</channel>
    <channel update="i" site="gatotv.com" site_id="la_sexta" xmltv_id="Canal La Sexta">Canal La Sexta</channel>
    <channel update="i" site="gatotv.com" site_id="laotra" xmltv_id="Canal laOtra">Canal laOtra</channel>
    <channel update="i" site="gatotv.com" site_id="latele_novela" xmltv_id="Canal Latele Novela">Canal Latele Novela</channel>
    <channel update="i" site="gatotv.com" site_id="lifetime_latinoamerica" xmltv_id="Canal Lifetime Latinoamérica">Canal Lifetime Latinoamérica</channel>
    <channel update="i" site="gatotv.com" site_id="maria_vision" xmltv_id="Canal María Visión">Canal María Visión</channel>
    <channel update="i" site="gatotv.com" site_id="max_este" xmltv_id="Canal Max (Este)">Canal Max (Este)</channel>
    <channel update="i" site="gatotv.com" site_id="max_prime_este" xmltv_id="Canal MAX Prime Este">Canal MAX Prime Este</channel>
    <channel update="i" site="gatotv.com" site_id="max_prime_oeste" xmltv_id="Canal MAX Prime Oeste">Canal MAX Prime Oeste</channel>
    <channel update="i" site="gatotv.com" site_id="max_up" xmltv_id="Canal Max UP">Canal Max UP</channel>
    <channel update="i" site="gatotv.com" site_id="mexiquense_tv" xmltv_id="Canal Mexiquense TV">Canal Mexiquense TV</channel>
    <channel update="i" site="gatotv.com" site_id="milenio_tv" xmltv_id="Canal Milenio TV">Canal Milenio TV</channel>
    <channel update="i" site="gatotv.com" site_id="mtv" xmltv_id="Canal MTV (Latinoamérica)">Canal MTV (Latinoamérica)</channel>
    <channel update="i" site="gatotv.com" site_id="mtv_hd" xmltv_id="Canal MTV HD">Canal MTV HD</channel>
    <channel update="i" site="gatotv.com" site_id="mtv_hits" xmltv_id="Canal MTV Hits">Canal MTV Hits</channel>
    <channel update="i" site="gatotv.com" site_id="mtv_jams" xmltv_id="Canal MTV Jams">Canal MTV Jams</channel>
    <channel update="i" site="gatotv.com" site_id="much_music" xmltv_id="Canal Much Music">Canal Much Music</channel>
    <channel update="i" site="gatotv.com" site_id="multimedios_plus" xmltv_id="Canal Multimedios Plus">Canal Multimedios Plus</channel>
    <channel update="i" site="gatotv.com" site_id="multipremier" xmltv_id="Canal Multipremier">Canal Multipremier</channel>
    <channel update="i" site="gatotv.com" site_id="mun2" xmltv_id="Canal Mun2">Canal Mun2</channel>
    <channel update="i" site="gatotv.com" site_id="mundofox_latinoamerica" xmltv_id="Canal MundoFox Latinoamérica">Canal MundoFox Latinoamérica</channel>
    <channel update="i" site="gatotv.com" site_id="nat_geo_wild" xmltv_id="Canal Nat Geo Wild">Canal Nat Geo Wild</channel>
    <channel update="i" site="gatotv.com" site_id="nat_geo_wild_hd" xmltv_id="Canal Nat Geo Wild HD">Canal Nat Geo Wild HD</channel>
    <channel update="i" site="gatotv.com" site_id="natgeo" xmltv_id="Canal National Geographic (NatGeo Latinoamérica)">Canal National Geographic (NatGeo Latinoamérica)</channel>
    <channel update="i" site="gatotv.com" site_id="nfl_network" xmltv_id="Canal NFL Network">Canal NFL Network</channel>
    <channel update="i" site="gatotv.com" site_id="nhk_world" xmltv_id="Canal NHK World">Canal NHK World</channel>
    <channel update="i" site="gatotv.com" site_id="nick_jr" xmltv_id="Canal Nick Jr.">Canal Nick Jr.</channel>
    <channel update="i" site="gatotv.com" site_id="nickelodeon" xmltv_id="Canal Nickelodeon">Canal Nickelodeon</channel>
    <channel update="i" site="gatotv.com" site_id="nickelodeon_hd_latinoamerica" xmltv_id="Canal Nickelodeon HD Latinoamérica">Canal Nickelodeon HD Latinoamérica</channel>
    <channel update="i" site="gatotv.com" site_id="ntn24_nuestra_tele_noticias" xmltv_id="Canal NTN24 (Nuestra Tele Noticias 24 Horas)">Canal NTN24 (Nuestra Tele Noticias 24 Horas)</channel>
    <channel update="i" site="gatotv.com" site_id="nu_music" xmltv_id="Canal NU music">Canal NU music</channel>
    <channel update="i" site="gatotv.com" site_id="once_tv_mexico_xeipn-tv" xmltv_id="Canal Once TV - México (XEIPN-TV)">Canal Once TV - México (XEIPN-TV)</channel>
    <channel update="i" site="gatotv.com" site_id="outdoor_channel_hd" xmltv_id="Canal Outdoor Channel HD">Canal Outdoor Channel HD</channel>
    <channel update="i" site="gatotv.com" site_id="paramount_channel_latinoamerica" xmltv_id="Canal Paramount Channel Latinoamérica">Canal Paramount Channel Latinoamérica</channel>
    <channel update="i" site="gatotv.com" site_id="planeta_futbol" xmltv_id="Canal Planeta Futbol (Canal 516)">Canal Planeta Futbol (Canal 516)</channel>
    <channel update="i" site="gatotv.com" site_id="planeta_futbol_9" xmltv_id="Canal Planeta Futbol 9 (Canal 524)">Canal Planeta Futbol 9 (Canal 524)</channel>
    <channel update="i" site="gatotv.com" site_id="planeta_futbol_9_hd" xmltv_id="Canal Planeta Futbol 9 HD (Canal 1524)">Canal Planeta Futbol 9 HD (Canal 1524)</channel>
    <channel update="i" site="gatotv.com" site_id="planeta_futbol_hd" xmltv_id="Canal Planeta Futbol HD (Canal 1516)">Canal Planeta Futbol HD (Canal 1516)</channel>
    <channel update="i" site="gatotv.com" site_id="proyecto_40" xmltv_id="Canal Proyecto 40">Canal Proyecto 40</channel>
    <channel update="i" site="gatotv.com" site_id="puerto_rico_sports_network" xmltv_id="Canal Puerto Rico Sports Network">Canal Puerto Rico Sports Network</channel>
    <channel update="i" site="gatotv.com" site_id="puerto_rico_tv" xmltv_id="Canal Puerto Rico TV">Canal Puerto Rico TV</channel>
    <channel update="i" site="gatotv.com" site_id="punto_2_puerto_rico" xmltv_id="Canal Punto 2 Puerto Rico">Canal Punto 2 Puerto Rico</channel>
    <channel update="i" site="gatotv.com" site_id="rai_international" xmltv_id="Canal RAI International">Canal RAI International</channel>
    <channel update="i" site="gatotv.com" site_id="rcn_novelas" xmltv_id="Canal RCN Novelas">Canal RCN Novelas</channel>
    <channel update="i" site="gatotv.com" site_id="reality_tv" xmltv_id="Canal Reality TV">Canal Reality TV</channel>
    <channel update="i" site="gatotv.com" site_id="ritmoson" xmltv_id="Canal Ritmoson Latino">Canal Ritmoson Latino</channel>
    <channel update="i" site="gatotv.com" site_id="sky_one_mexico" xmltv_id="Canal Sky One (México)">Canal Sky One (México)</channel>
    <channel update="i" site="gatotv.com" site_id="sky_sports_1_mexico" xmltv_id="Canal Sky Sports 1 (México)">Canal Sky Sports 1 (México)</channel>
    <channel update="i" site="gatotv.com" site_id="sony" xmltv_id="Canal Sony Entertainment Television (Latinoamérica)">Canal Sony Entertainment Television (Latinoamérica)</channel>
    <channel update="i" site="gatotv.com" site_id="sony_hd" xmltv_id="Canal Sony Entertainment Television HD">Canal Sony Entertainment Television HD</channel>
    <channel update="i" site="gatotv.com" site_id="sorpresa" xmltv_id="Canal Sorpresa">Canal Sorpresa</channel>
    <channel update="i" site="gatotv.com" site_id="space" xmltv_id="Canal Space">Canal Space</channel>
    <channel update="i" site="gatotv.com" site_id="space_hd" xmltv_id="Canal Space HD">Canal Space HD</channel>
    <channel update="i" site="gatotv.com" site_id="studio_universal" xmltv_id="Canal Studio Universal">Canal Studio Universal</channel>
    <channel update="i" site="gatotv.com" site_id="sundance_channel_latinoamerica" xmltv_id="Canal Sundance Channel Latinoamérica">Canal Sundance Channel Latinoamérica</channel>
    <channel update="i" site="gatotv.com" site_id="sur_andalucia" xmltv_id="Canal Sur Andalucía">Canal Sur Andalucía</channel>
    <channel update="i" site="gatotv.com" site_id="syfy" xmltv_id="Canal SyFy">Canal SyFy</channel>
    <channel update="i" site="gatotv.com" site_id="tbs_veryfunny_latinoamerica" xmltv_id="Canal TBS veryfunny Latinoamérica">Canal TBS veryfunny Latinoamérica</channel>
    <channel update="i" site="gatotv.com" site_id="tcm" xmltv_id="Canal TCM (Turner Classic Movies)">Canal TCM (Turner Classic Movies)</channel>
    <channel update="i" site="gatotv.com" site_id="tdn" xmltv_id="Canal TDN">Canal TDN</channel>
    <channel update="i" site="gatotv.com" site_id="tdn_hd" xmltv_id="Canal TDN HD">Canal TDN HD</channel>
    <channel update="i" site="gatotv.com" site_id="telecadena_7_y_4_honduras" xmltv_id="Canal Telecadena 7 y 4 (Honduras)">Canal Telecadena 7 y 4 (Honduras)</channel>
    <channel update="i" site="gatotv.com" site_id="13_de_republica_dominicana_telecentro" xmltv_id="Canal Telecentro (13 de República Dominicana)">Canal Telecentro (13 de República Dominicana)</channel>
    <channel update="i" site="gatotv.com" site_id="telecinco" xmltv_id="Canal Telecinco">Canal Telecinco</channel>
    <channel update="i" site="gatotv.com" site_id="telefe_internacional" xmltv_id="Canal Telefe Internacional">Canal Telefe Internacional</channel>
    <channel update="i" site="gatotv.com" site_id="teleformula" xmltv_id="Canal Telefórmula">Canal Telefórmula</channel>
    <channel update="i" site="gatotv.com" site_id="telehit" xmltv_id="Canal Telehit">Canal Telehit</channel>
    <channel update="i" site="gatotv.com" site_id="telehit_hd" xmltv_id="Canal Telehit HD">Canal Telehit HD</channel>
    <channel update="i" site="gatotv.com" site_id="telemadrid" xmltv_id="Canal TeleMadrid">Canal TeleMadrid</channel>
    <channel update="i" site="gatotv.com" site_id="telemundo" xmltv_id="Canal Telemundo Internacional">Canal Telemundo Internacional</channel>
    <channel update="i" site="gatotv.com" site_id="telemundo_puerto_rico" xmltv_id="Canal Telemundo Puerto Rico">Canal Telemundo Puerto Rico</channel>
    <channel update="i" site="gatotv.com" site_id="tlnovelas" xmltv_id="Canal Telenovelas (TLNovelas)">Canal Telenovelas (TLNovelas)</channel>
    <channel update="i" site="gatotv.com" site_id="telesistema_11" xmltv_id="Canal Telesistema 11 (República Dominicana)">Canal Telesistema 11 (República Dominicana)</channel>
    <channel update="i" site="gatotv.com" site_id="telesur" xmltv_id="Canal teleSUR">Canal teleSUR</channel>
    <channel update="i" site="gatotv.com" site_id="teleunion_republica_dominicana" xmltv_id="Canal Teleunion (República Dominicana)">Canal Teleunion (República Dominicana)</channel>
    <channel update="i" site="gatotv.com" site_id="television_canaria" xmltv_id="Canal Televisión Canaria">Canal Televisión Canaria</channel>
    <channel update="i" site="gatotv.com" site_id="the_film_zone" xmltv_id="Canal The Film Zone">Canal The Film Zone</channel>
    <channel update="i" site="gatotv.com" site_id="tiin" xmltv_id="Canal Tiin">Canal Tiin</channel>
    <channel update="i" site="gatotv.com" site_id="tiva_tv_puerto_rico" xmltv_id="Canal Tiva TV (Puerto Rico) ">Canal Tiva TV (Puerto Rico) </channel>
    <channel update="i" site="gatotv.com" site_id="tlc" xmltv_id="Canal TLC (Travel &amp; Living Channel) Latinoamérica">Canal TLC (Travel &amp; Living Channel) Latinoamérica</channel>
    <channel update="i" site="gatotv.com" site_id="tnt" xmltv_id="Canal TNT">Canal TNT</channel>
    <channel update="i" site="gatotv.com" site_id="tnt_hd_latinoamerica" xmltv_id="Canal TNT HD Latinoamérica">Canal TNT HD Latinoamérica</channel>
    <channel update="i" site="gatotv.com" site_id="tooncast" xmltv_id="Canal Tooncast">Canal Tooncast</channel>
    <channel update="i" site="gatotv.com" site_id="trace_sports_hd_latinoamerica" xmltv_id="Canal Trace Sports HD Latinoamérica">Canal Trace Sports HD Latinoamérica</channel>
    <channel update="i" site="gatotv.com" site_id="tlc_hd" xmltv_id="Canal Travel &amp; Living Channel / TLC HD (Latinoamérica)">Canal Travel &amp; Living Channel / TLC HD (Latinoamérica)</channel>
    <channel update="i" site="gatotv.com" site_id="tru_tv" xmltv_id="Canal truTV">Canal truTV</channel>
    <channel update="i" site="gatotv.com" site_id="tru_tv_hd" xmltv_id="Canal truTV HD">Canal truTV HD</channel>
    <channel update="i" site="gatotv.com" site_id="tv_globo_internacional" xmltv_id="Canal TV Globo Internacional">Canal TV Globo Internacional</channel>
    <channel update="i" site="gatotv.com" site_id="tv5monde" xmltv_id="Canal TV5MONDE">Canal TV5MONDE</channel>
    <channel update="i" site="gatotv.com" site_id="tve" xmltv_id="Canal TVE Internacional (Televisión Española)">Canal TVE Internacional (Televisión Española)</channel>
    <channel update="i" site="gatotv.com" site_id="tve_internacional_america_2" xmltv_id="Canal TVE Internacional América 2">Canal TVE Internacional América 2</channel>
    <channel update="i" site="gatotv.com" site_id="tvunam" xmltv_id="Canal TVUNAM">Canal TVUNAM</channel>
    <channel update="i" site="gatotv.com" site_id="udn_univision_deportes_network" xmltv_id="Canal UDN (Univision Deportes Network)">Canal UDN (Univision Deportes Network)</channel>
    <channel update="i" site="gatotv.com" site_id="ufc_network_latinoamerica" xmltv_id="Canal UFC Network Latinoamérica">Canal UFC Network Latinoamérica</channel>
    <channel update="i" site="gatotv.com" site_id="ultra_cine" xmltv_id="Canal Ultra Cine">Canal Ultra Cine</channel>
    <channel update="i" site="gatotv.com" site_id="ultra_docu" xmltv_id="Canal Ultra Docu">Canal Ultra Docu</channel>
    <channel update="i" site="gatotv.com" site_id="ultra_fiesta" xmltv_id="Canal Ultra Fiesta">Canal Ultra Fiesta</channel>
    <channel update="i" site="gatotv.com" site_id="ultra_film" xmltv_id="Canal Ultra Film">Canal Ultra Film</channel>
    <channel update="i" site="gatotv.com" site_id="ultra_kidz" xmltv_id="Canal Ultra Kidz">Canal Ultra Kidz</channel>
    <channel update="i" site="gatotv.com" site_id="ultra_tainment" xmltv_id="Canal Ultra Tainment">Canal Ultra Tainment</channel>
    <channel update="i" site="gatotv.com" site_id="una_voz_con_todos" xmltv_id="Canal Una Voz con Todos">Canal Una Voz con Todos</channel>
    <channel update="i" site="gatotv.com" site_id="unicable" xmltv_id="Canal Unicable">Canal Unicable</channel>
    <channel update="i" site="gatotv.com" site_id="universal_channel" xmltv_id="Canal Universal Channel">Canal Universal Channel</channel>
    <channel update="i" site="gatotv.com" site_id="universal_hd" xmltv_id="Canal Universal Channel HD">Canal Universal Channel HD</channel>
    <channel update="i" site="gatotv.com" site_id="univision_puerto_rico" xmltv_id="Canal Univision Puerto Rico">Canal Univision Puerto Rico</channel>
    <channel update="i" site="gatotv.com" site_id="univision_tdn" xmltv_id="Canal Univisión TDN">Canal Univisión TDN</channel>
    <channel update="i" site="gatotv.com" site_id="univision_tlnovelas" xmltv_id="Canal Univision TLNovelas">Canal Univision TLNovelas</channel>
    <channel update="i" site="gatotv.com" site_id="vh1" xmltv_id="Canal VH1 (Latinoamérica)">Canal VH1 (Latinoamérica)</channel>
    <channel update="i" site="gatotv.com" site_id="vh1_classic" xmltv_id="Canal VH1 Classic">Canal VH1 Classic</channel>
    <channel update="i" site="gatotv.com" site_id="vh1_megahits_latinoamerica" xmltv_id="Canal VH1 MegaHits Latinoamérica">Canal VH1 MegaHits Latinoamérica</channel>
    <channel update="i" site="gatotv.com" site_id="vibra_tv" xmltv_id="Canal Vibra TV">Canal Vibra TV</channel>
    <channel update="i" site="gatotv.com" site_id="viendomovies" xmltv_id="Canal ViendoMovies">Canal ViendoMovies</channel>
    <channel update="i" site="gatotv.com" site_id="vme_tv" xmltv_id="Canal Vme TV">Canal Vme TV</channel>
    <channel update="i" site="gatotv.com" site_id="wapa_2_deportes" xmltv_id="Canal WAPA 2 Deportes">Canal WAPA 2 Deportes</channel>
    <channel update="i" site="gatotv.com" site_id="wapa_tv" xmltv_id="Canal WAPA-TV">Canal WAPA-TV</channel>
    <channel update="i" site="gatotv.com" site_id="warner_channel" xmltv_id="Canal Warner Channel (Latinoamérica)">Canal Warner Channel (Latinoamérica)</channel>
    <channel update="i" site="gatotv.com" site_id="warner_hd" xmltv_id="Canal Warner HD">Canal Warner HD</channel>
    <channel update="i" site="gatotv.com" site_id="wobi" xmltv_id="Canal WOBI">Canal WOBI</channel>
  </channels>
</site>