﻿<?xml version="1.0" encoding="UTF-8"?>
<site generator-info-name="WebGrab+Plus/w MDB &amp; REX Postprocess -- version 1.1.1/53.13 -- Jan van Straaten" site="osnetwork.com">
  <channels>
    <channel update="i" site="osn.com" site_id="ZEN" xmltv_id="Aaj Tak">Aaj Tak</channel>
    <channel update="i" site="osn.com" site_id="ABP" xmltv_id="ABP News India">ABP News India</channel>
    <channel update="i" site="osn.com" site_id="aks" xmltv_id="Aksyon TV">Aksyon TV</channel>
    <channel update="i" site="osn.com" site_id="SAF" xmltv_id="Al Safwa">Al Safwa</channel>
    <channel update="i" site="osn.com" site_id="YAW" xmltv_id="Al Yawm">Al Yawm</channel>
    <channel update="i" site="osn.com" site_id="ARH" xmltv_id="Alarabiya HD">Alarabiya HD</channel>
    <channel update="i" site="osn.com" site_id="ANC" xmltv_id="ANC">ANC</channel>
    <channel update="i" site="osn.com" site_id="APL" xmltv_id="Animal Planet">Animal Planet</channel>
    <channel update="i" site="osn.com" site_id="AF1" xmltv_id="ART Aflam 1">ART Aflam 1</channel>
    <channel update="i" site="osn.com" site_id="AF2" xmltv_id="ART Aflam 2">ART Aflam 2</channel>
    <channel update="i" site="osn.com" site_id="ACM" xmltv_id="ART Cinema">ART Cinema</channel>
    <channel update="i" site="osn.com" site_id="ARY" xmltv_id="Ary Digital UAE">Ary Digital UAE</channel>
    <channel update="i" site="osn.com" site_id="ASN" xmltv_id="Asianet">Asianet</channel>
    <channel update="i" site="osn.com" site_id="ANN" xmltv_id="Asianet News">Asianet News</channel>
    <channel update="i" site="osn.com" site_id="BAB" xmltv_id="Baby TV Europe">Baby TV Europe</channel>
    <channel update="i" site="osn.com" site_id="BBE" xmltv_id="BBC Entertainment">BBC Entertainment</channel>
    <channel update="i" site="osn.com" site_id="BBL" xmltv_id="BBC Lifestyle">BBC Lifestyle</channel>
    <channel update="i" site="osn.com" site_id="BBW" xmltv_id="BBC World News">BBC World News</channel>
    <channel update="i" site="osn.com" site_id="ZZZ" xmltv_id="Bindass">Bindass</channel>
    <channel update="i" site="osn.com" site_id="BTV" xmltv_id="Bloomberg">Bloomberg</channel>
    <channel update="i" site="osn.com" site_id="BOM" xmltv_id="Boomerang">Boomerang</channel>
    <channel update="i" site="osn.com" site_id="BRO" xmltv_id="BRO">BRO</channel>
    <channel update="i" site="osn.com" site_id="TCN" xmltv_id="Cartoon Network">Cartoon Network</channel>
    <channel update="i" site="osn.com" site_id="cta" xmltv_id="CCTV Arabic">CCTV Arabic</channel>
    <channel update="i" site="osn.com" site_id="ct9" xmltv_id="CCTV News">CCTV News</channel>
    <channel update="i" site="osn.com" site_id="CM1" xmltv_id="Cinema 1">Cinema 1</channel>
    <channel update="i" site="osn.com" site_id="CM2" xmltv_id="Cinema 2">Cinema 2</channel>
    <channel update="i" site="osn.com" site_id="COG" xmltv_id="Cinema One Global">Cinema One Global</channel>
    <channel update="i" site="osn.com" site_id="CNB" xmltv_id="CNBC">CNBC</channel>
    <channel update="i" site="osn.com" site_id="CNN" xmltv_id="CNN">CNN</channel>
    <channel update="i" site="osn.com" site_id="COL" xmltv_id="Colors">Colors</channel>
    <channel update="i" site="osn.com" site_id="CAI" xmltv_id="Crime &amp; Investigation Network">Crime &amp; Investigation Network</channel>
    <channel update="i" site="osn.com" site_id="DSC" xmltv_id="Discovery HD">Discovery HD</channel>
    <channel update="i" site="osn.com" site_id="DID" xmltv_id="Discovery ID">Discovery ID</channel>
    <channel update="i" site="osn.com" site_id="SCI" xmltv_id="Discovery Science">Discovery Science</channel>
    <channel update="i" site="osn.com" site_id="DCW" xmltv_id="Discovery World">Discovery World</channel>
    <channel update="i" site="osn.com" site_id="DIS" xmltv_id="Disney Channel">Disney Channel</channel>
    <channel update="i" site="osn.com" site_id="DJR" xmltv_id="Disney Junior">Disney Junior</channel>
    <channel update="i" site="osn.com" site_id="DXD" xmltv_id="Disney XD">Disney XD</channel>
    <channel update="i" site="osn.com" site_id="ETV" xmltv_id="E! Entertainment HD">E! Entertainment HD</channel>
    <channel update="i" site="osn.com" site_id="FAN" xmltv_id="Fann">Fann</channel>
    <channel update="i" site="osn.com" site_id="FTH" xmltv_id="Fashion TV HD">Fashion TV HD</channel>
    <channel update="i" site="osn.com" site_id="FIN" xmltv_id="Fine Living">Fine Living</channel>
    <channel update="i" site="osn.com" site_id="FNH" xmltv_id="Food Network HD">Food Network HD</channel>
    <channel update="i" site="osn.com" site_id="FXM" xmltv_id="Fox Movies">Fox Movies</channel>
    <channel update="i" site="osn.com" site_id="FXN" xmltv_id="Fox News">Fox News</channel>
    <channel update="i" site="osn.com" site_id="FOX" xmltv_id="Fox Series">Fox Series</channel>
    <channel update="i" site="osn.com" site_id="FRA" xmltv_id="France 24">France 24</channel>
    <channel update="i" site="osn.com" site_id="fre" xmltv_id="France 24 English">France 24 English</channel>
    <channel update="i" site="osn.com" site_id="FUE" xmltv_id="Fuel TV">Fuel TV</channel>
    <channel update="i" site="osn.com" site_id="fxx" xmltv_id="FX">FX</channel>
    <channel update="i" site="osn.com" site_id="GEM" xmltv_id="Gemini TV">Gemini TV</channel>
    <channel update="i" site="osn.com" site_id="GON" xmltv_id="Geo News">Geo News</channel>
    <channel update="i" site="osn.com" site_id="GEO" xmltv_id="GEO TV">GEO TV</channel>
    <channel update="i" site="osn.com" site_id="HK1" xmltv_id="Hikayat">Hikayat</channel>
    <channel update="i" site="osn.com" site_id="HK2" xmltv_id="Hikayat 2">Hikayat 2</channel>
    <channel update="i" site="osn.com" site_id="HIS" xmltv_id="History">History</channel>
    <channel update="i" site="osn.com" site_id="HUM" xmltv_id="Hum TV Middle East">Hum TV Middle East</channel>
    <channel update="i" site="osn.com" site_id="GUK" xmltv_id="ITV Choice HD">ITV Choice HD</channel>
    <channel update="i" site="osn.com" site_id="JAY" xmltv_id="Jaya TV">Jaya TV</channel>
    <channel update="i" site="osn.com" site_id="JJM" xmltv_id="Jim Jam">Jim Jam</channel>
    <channel update="i" site="osn.com" site_id="KAI" xmltv_id="Kairali TV">Kairali TV</channel>
    <channel update="i" site="osn.com" site_id="tv5" xmltv_id="Kapatid TV5">Kapatid TV5</channel>
    <channel update="i" site="osn.com" site_id="LIF" xmltv_id="Life OK Middle East">Life OK Middle East</channel>
    <channel update="i" site="osn.com" site_id="MH1" xmltv_id="MBC 1 HD">MBC 1 HD</channel>
    <channel update="i" site="osn.com" site_id="MH2" xmltv_id="MBC 2 HD">MBC 2 HD</channel>
    <channel update="i" site="osn.com" site_id="MB3" xmltv_id="MBC 3">MBC 3</channel>
    <channel update="i" site="osn.com" site_id="MB4" xmltv_id="MBC 4">MBC 4</channel>
    <channel update="i" site="osn.com" site_id="MH4" xmltv_id="MBC 4 HD">MBC 4 HD</channel>
    <channel update="i" site="osn.com" site_id="MBA" xmltv_id="MBC Action">MBC Action</channel>
    <channel update="i" site="osn.com" site_id="MHA" xmltv_id="MBC Action HD">MBC Action HD</channel>
    <channel update="i" site="osn.com" site_id="MHD" xmltv_id="MBC Drama HD">MBC Drama HD</channel>
    <channel update="i" site="osn.com" site_id="MHM" xmltv_id="MBC MAX HD">MBC MAX HD</channel>
    <channel update="i" site="osn.com" site_id="MBP" xmltv_id="MBC+ Drama HD">MBC+ Drama HD</channel>
    <channel update="i" site="osn.com" site_id="MGM" xmltv_id="MGM">MGM</channel>
    <channel update="i" site="osn.com" site_id="MTV" xmltv_id="MTV">MTV</channel>
    <channel update="i" site="osn.com" site_id="MIN" xmltv_id="MTV India">MTV India</channel>
    <channel update="i" site="osn.com" site_id="MTI" xmltv_id="MTV Music 24">MTV Music 24</channel>
    <channel update="i" site="osn.com" site_id="NOW" xmltv_id="Music Now">Music Now</channel>
    <channel update="i" site="osn.com" site_id="NAH" xmltv_id="Nat Geo Adv HD">Nat Geo Adv HD</channel>
    <channel update="i" site="osn.com" site_id="NGO" xmltv_id="Nat Geo HD">Nat Geo HD</channel>
    <channel update="i" site="osn.com" site_id="NHD" xmltv_id="Nat Geo Wild HD">Nat Geo Wild HD</channel>
    <channel update="i" site="osn.com" site_id="NDT" xmltv_id="NDTV 24x7">NDTV 24x7</channel>
    <channel update="i" site="osn.com" site_id="NHK" xmltv_id="NKK World TV">NKK World TV</channel>
    <channel update="i" site="osn.com" site_id="FNW" xmltv_id="OSN Fight Network HD">OSN Fight Network HD</channel>
    <channel update="i" site="osn.com" site_id="OFX" xmltv_id="OSN First +2">OSN First +2</channel>
    <channel update="i" site="osn.com" site_id="OCX" xmltv_id="OSN First Comedy +2">OSN First Comedy +2</channel>
    <channel update="i" site="osn.com" site_id="OCO" xmltv_id="OSN First Comedy HD">OSN First Comedy HD</channel>
    <channel update="i" site="osn.com" site_id="OFH" xmltv_id="OSN First HD">OSN First HD</channel>
    <channel update="i" site="osn.com" site_id="OFS" xmltv_id="OSN First More">OSN First More</channel>
    <channel update="i" site="osn.com" site_id="AHD" xmltv_id="OSN Movies Action">OSN Movies Action</channel>
    <channel update="i" site="osn.com" site_id="BO1" xmltv_id="OSN Movies Action HD">OSN Movies Action HD</channel>
    <channel update="i" site="osn.com" site_id="BO2" xmltv_id="OSN Movies Box Office 1">OSN Movies Box Office 1</channel>
    <channel update="i" site="osn.com" site_id="BO3" xmltv_id="OSN Movies Box Office 2">OSN Movies Box Office 2</channel>
    <channel update="i" site="osn.com" site_id="OMC" xmltv_id="OSN Movies Box Office 3">OSN Movies Box Office 3</channel>
    <channel update="i" site="osn.com" site_id="OCM" xmltv_id="OSN Movies Comedy HD">OSN Movies Comedy HD</channel>
    <channel update="i" site="osn.com" site_id="OC2" xmltv_id="OSN Movies Drama">OSN Movies Drama</channel>
    <channel update="i" site="osn.com" site_id="OMF" xmltv_id="OSN Movies Drama +2">OSN Movies Drama +2</channel>
    <channel update="i" site="osn.com" site_id="OM1" xmltv_id="OSN Movies Festival">OSN Movies Festival</channel>
    <channel update="i" site="osn.com" site_id="OMX" xmltv_id="OSN Movies HD">OSN Movies HD</channel>
    <channel update="i" site="osn.com" site_id="OMK" xmltv_id="OSN Movies HD+2">OSN Movies HD+2</channel>
    <channel update="i" site="osn.com" site_id="OPR" xmltv_id="OSN Movies Kids">OSN Movies Kids</channel>
    <channel update="i" site="osn.com" site_id="OPX" xmltv_id="OSN Movies Premiere">OSN Movies Premiere</channel>
    <channel update="i" site="osn.com" site_id="ONS" xmltv_id="OSN Movies Premiere +2">OSN Movies Premiere +2</channel>
    <channel update="i" site="osn.com" site_id="vhd" xmltv_id="OSN News">OSN News</channel>
    <channel update="i" site="osn.com" site_id="SPH" xmltv_id="OSN On Demand HD">OSN On Demand HD</channel>
    <channel update="i" site="osn.com" site_id="SP2" xmltv_id="OSN Sports 1 HD">OSN Sports 1 HD</channel>
    <channel update="i" site="osn.com" site_id="SP3" xmltv_id="OSN Sports 2 HD">OSN Sports 2 HD</channel>
    <channel update="i" site="osn.com" site_id="SP4" xmltv_id="OSN Sports 3">OSN Sports 3</channel>
    <channel update="i" site="osn.com" site_id="CRI" xmltv_id="OSN Sports 4">OSN Sports 4</channel>
    <channel update="i" site="osn.com" site_id="OYA" xmltv_id="OSN Sports Cricket HD">OSN Sports Cricket HD</channel>
    <channel update="i" site="osn.com" site_id="oyh" xmltv_id="OSN Yahala Drama HD">OSN Yahala Drama HD</channel>
    <channel update="i" site="osn.com" site_id="oyx" xmltv_id="OSN Yahala HD">OSN Yahala HD</channel>
    <channel update="i" site="osn.com" site_id="OYS" xmltv_id="OSN Yahala HD +2">OSN Yahala HD +2</channel>
    <channel update="i" site="osn.com" site_id="OHD" xmltv_id="OSN Yahala Shabab HD">OSN Yahala Shabab HD</channel>
    <channel update="i" site="osn.com" site_id="SAB" xmltv_id="Outdoor HD">Outdoor HD</channel>
    <channel update="i" site="osn.com" site_id="SE4" xmltv_id="Sab TV">Sab TV</channel>
    <channel update="i" site="osn.com" site_id="SER" xmltv_id="Series +4">Series +4</channel>
    <channel update="i" site="osn.com" site_id="SET" xmltv_id="Series Channel">Series Channel</channel>
    <channel update="i" site="osn.com" site_id="SNA" xmltv_id="SET Middle East">SET Middle East</channel>
    <channel update="i" site="osn.com" site_id="SNH" xmltv_id="Sky News Arabia">Sky News Arabia</channel>
    <channel update="i" site="osn.com" site_id="SKH" xmltv_id="Sky News Arabia HD">Sky News Arabia HD</channel>
    <channel update="i" site="osn.com" site_id="SEM" xmltv_id="Sky News HD">Sky News HD</channel>
    <channel update="i" site="osn.com" site_id="STG" xmltv_id="Sony Max Middle East">Sony Max Middle East</channel>
    <channel update="i" site="osn.com" site_id="STJ" xmltv_id="Star Gold">Star Gold</channel>
    <channel update="i" site="osn.com" site_id="STM" xmltv_id="Star Jalsha">Star Jalsha</channel>
    <channel update="i" site="osn.com" site_id="STP" xmltv_id="Star Movies HD">Star Movies HD</channel>
    <channel update="i" site="osn.com" site_id="SVI" xmltv_id="Star Plus Middle East">Star Plus Middle East</channel>
    <channel update="i" site="osn.com" site_id="STW" xmltv_id="Star Vijay International">Star Vijay International</channel>
    <channel update="i" site="osn.com" site_id="STV" xmltv_id="Star World HD">Star World HD</channel>
    <channel update="i" site="osn.com" site_id="sun" xmltv_id="Sun TV (India)">Sun TV (India)</channel>
    <channel update="i" site="osn.com" site_id="SUR" xmltv_id="Sundance Channel HD">Sundance Channel HD</channel>
    <channel update="i" site="osn.com" site_id="TCR" xmltv_id="Surya TV">Surya TV</channel>
    <channel update="i" site="osn.com" site_id="TFC" xmltv_id="Ten Cricket International">Ten Cricket International</channel>
    <channel update="i" site="osn.com" site_id="STY" xmltv_id="TFC">TFC</channel>
    <channel update="i" site="osn.com" site_id="TIM" xmltv_id="The Style Network">The Style Network</channel>
    <channel update="i" site="osn.com" site_id="TRM" xmltv_id="Times Now">Times Now</channel>
    <channel update="i" site="osn.com" site_id="TRA" xmltv_id="Trace TV">Trace TV</channel>
    <channel update="i" site="osn.com" site_id="TCM" xmltv_id="Travel Channel">Travel Channel</channel>
    <channel update="i" site="osn.com" site_id="UDA" xmltv_id="Turner Classic Movies">Turner Classic Movies</channel>
    <channel update="i" site="osn.com" site_id="UTM" xmltv_id="Udaya TV">Udaya TV</channel>
    <channel update="i" site="osn.com" site_id="UTV" xmltv_id="UTV Movies">UTV Movies</channel>
    <channel update="i" site="osn.com" site_id="VH1" xmltv_id="UTV Stars / Bindass">UTV Stars / Bindass</channel>
    <channel update="i" site="osn.com" site_id="VIV" xmltv_id="VH1">VH1</channel>
    <channel update="i" site="osn.com" site_id="ZEC" xmltv_id="Viva TV">Viva TV</channel>
    <channel update="i" site="osn.com" site_id="ZET" xmltv_id="Zee Cinema">Zee Cinema</channel>
    <channel update="i" site="osn.com" site_id="ZEN" xmltv_id="Zee TV">Zee TV</channel>
    <channel update="i" site="osn.com" site_id="ABP" xmltv_id="Aaj Tak">Aaj Tak</channel>
    <channel update="i" site="osn.com" site_id="aks" xmltv_id="ABP News India">ABP News India</channel>
    <channel update="i" site="osn.com" site_id="SAF" xmltv_id="Aksyon TV">Aksyon TV</channel>
    <channel update="i" site="osn.com" site_id="YAW" xmltv_id="Al Safwa">Al Safwa</channel>
    <channel update="i" site="osn.com" site_id="ARH" xmltv_id="Al Yawm">Al Yawm</channel>
    <channel update="i" site="osn.com" site_id="ANC" xmltv_id="Alarabiya HD">Alarabiya HD</channel>
    <channel update="i" site="osn.com" site_id="APL" xmltv_id="ANC">ANC</channel>
    <channel update="i" site="osn.com" site_id="AF1" xmltv_id="Animal Planet">Animal Planet</channel>
    <channel update="i" site="osn.com" site_id="AF2" xmltv_id="ART Aflam 1">ART Aflam 1</channel>
    <channel update="i" site="osn.com" site_id="ACM" xmltv_id="ART Aflam 2">ART Aflam 2</channel>
    <channel update="i" site="osn.com" site_id="ARY" xmltv_id="ART Cinema">ART Cinema</channel>
    <channel update="i" site="osn.com" site_id="ASN" xmltv_id="Ary Digital UAE">Ary Digital UAE</channel>
    <channel update="i" site="osn.com" site_id="ANN" xmltv_id="Asianet">Asianet</channel>
    <channel update="i" site="osn.com" site_id="BAB" xmltv_id="Asianet News">Asianet News</channel>
    <channel update="i" site="osn.com" site_id="BBE" xmltv_id="Baby TV Europe">Baby TV Europe</channel>
    <channel update="i" site="osn.com" site_id="BBL" xmltv_id="BBC Entertainment">BBC Entertainment</channel>
    <channel update="i" site="osn.com" site_id="BBW" xmltv_id="BBC Lifestyle">BBC Lifestyle</channel>
    <channel update="i" site="osn.com" site_id="ZZZ" xmltv_id="BBC World News">BBC World News</channel>
    <channel update="i" site="osn.com" site_id="BTV" xmltv_id="Bindass">Bindass</channel>
    <channel update="i" site="osn.com" site_id="BOM" xmltv_id="Bloomberg">Bloomberg</channel>
    <channel update="i" site="osn.com" site_id="BRO" xmltv_id="Boomerang">Boomerang</channel>
    <channel update="i" site="osn.com" site_id="TCN" xmltv_id="BRO">BRO</channel>
    <channel update="i" site="osn.com" site_id="cta" xmltv_id="Cartoon Network">Cartoon Network</channel>
    <channel update="i" site="osn.com" site_id="ct9" xmltv_id="CCTV Arabic">CCTV Arabic</channel>
    <channel update="i" site="osn.com" site_id="CM1" xmltv_id="CCTV News">CCTV News</channel>
    <channel update="i" site="osn.com" site_id="CM2" xmltv_id="Cinema 1">Cinema 1</channel>
    <channel update="i" site="osn.com" site_id="COG" xmltv_id="Cinema 2">Cinema 2</channel>
    <channel update="i" site="osn.com" site_id="CNB" xmltv_id="Cinema One Global">Cinema One Global</channel>
    <channel update="i" site="osn.com" site_id="CNN" xmltv_id="CNBC">CNBC</channel>
    <channel update="i" site="osn.com" site_id="COL" xmltv_id="CNN">CNN</channel>
    <channel update="i" site="osn.com" site_id="CAI" xmltv_id="Colors">Colors</channel>
    <channel update="i" site="osn.com" site_id="DSC" xmltv_id="Crime &amp; Investigation Network">Crime &amp; Investigation Network</channel>
    <channel update="i" site="osn.com" site_id="DID" xmltv_id="Discovery HD">Discovery HD</channel>
    <channel update="i" site="osn.com" site_id="SCI" xmltv_id="Discovery ID">Discovery ID</channel>
    <channel update="i" site="osn.com" site_id="DCW" xmltv_id="Discovery Science">Discovery Science</channel>
    <channel update="i" site="osn.com" site_id="DIS" xmltv_id="Discovery World">Discovery World</channel>
    <channel update="i" site="osn.com" site_id="DJR" xmltv_id="Disney Channel">Disney Channel</channel>
    <channel update="i" site="osn.com" site_id="DXD" xmltv_id="Disney Junior">Disney Junior</channel>
    <channel update="i" site="osn.com" site_id="ETV" xmltv_id="Disney XD">Disney XD</channel>
    <channel update="i" site="osn.com" site_id="FAN" xmltv_id="E! Entertainment HD">E! Entertainment HD</channel>
    <channel update="i" site="osn.com" site_id="FTH" xmltv_id="Fann">Fann</channel>
    <channel update="i" site="osn.com" site_id="FIN" xmltv_id="Fashion TV HD">Fashion TV HD</channel>
    <channel update="i" site="osn.com" site_id="FNH" xmltv_id="Fine Living">Fine Living</channel>
    <channel update="i" site="osn.com" site_id="FXM" xmltv_id="Food Network HD">Food Network HD</channel>
    <channel update="i" site="osn.com" site_id="FXN" xmltv_id="Fox Movies">Fox Movies</channel>
    <channel update="i" site="osn.com" site_id="FOX" xmltv_id="Fox News">Fox News</channel>
    <channel update="i" site="osn.com" site_id="FRA" xmltv_id="Fox Series">Fox Series</channel>
    <channel update="i" site="osn.com" site_id="fre" xmltv_id="France 24">France 24</channel>
    <channel update="i" site="osn.com" site_id="FUE" xmltv_id="France 24 English">France 24 English</channel>
    <channel update="i" site="osn.com" site_id="fxx" xmltv_id="Fuel TV">Fuel TV</channel>
    <channel update="i" site="osn.com" site_id="GEM" xmltv_id="FX">FX</channel>
    <channel update="i" site="osn.com" site_id="GON" xmltv_id="Gemini TV">Gemini TV</channel>
    <channel update="i" site="osn.com" site_id="GEO" xmltv_id="Geo News">Geo News</channel>
    <channel update="i" site="osn.com" site_id="HK1" xmltv_id="GEO TV">GEO TV</channel>
    <channel update="i" site="osn.com" site_id="HK2" xmltv_id="Hikayat">Hikayat</channel>
    <channel update="i" site="osn.com" site_id="HIS" xmltv_id="Hikayat 2">Hikayat 2</channel>
    <channel update="i" site="osn.com" site_id="HUM" xmltv_id="History">History</channel>
    <channel update="i" site="osn.com" site_id="GUK" xmltv_id="Hum TV Middle East">Hum TV Middle East</channel>
    <channel update="i" site="osn.com" site_id="JAY" xmltv_id="ITV Choice HD">ITV Choice HD</channel>
    <channel update="i" site="osn.com" site_id="JJM" xmltv_id="Jaya TV">Jaya TV</channel>
    <channel update="i" site="osn.com" site_id="KAI" xmltv_id="Jim Jam">Jim Jam</channel>
    <channel update="i" site="osn.com" site_id="tv5" xmltv_id="Kairali TV">Kairali TV</channel>
    <channel update="i" site="osn.com" site_id="LIF" xmltv_id="Kapatid TV5">Kapatid TV5</channel>
    <channel update="i" site="osn.com" site_id="MH1" xmltv_id="Life OK Middle East">Life OK Middle East</channel>
    <channel update="i" site="osn.com" site_id="MH2" xmltv_id="MBC 1 HD">MBC 1 HD</channel>
    <channel update="i" site="osn.com" site_id="MB3" xmltv_id="MBC 2 HD">MBC 2 HD</channel>
    <channel update="i" site="osn.com" site_id="MB4" xmltv_id="MBC 3">MBC 3</channel>
    <channel update="i" site="osn.com" site_id="MH4" xmltv_id="MBC 4">MBC 4</channel>
    <channel update="i" site="osn.com" site_id="MBA" xmltv_id="MBC 4 HD">MBC 4 HD</channel>
    <channel update="i" site="osn.com" site_id="MHA" xmltv_id="MBC Action">MBC Action</channel>
    <channel update="i" site="osn.com" site_id="MHD" xmltv_id="MBC Action HD">MBC Action HD</channel>
    <channel update="i" site="osn.com" site_id="MHM" xmltv_id="MBC Drama HD">MBC Drama HD</channel>
    <channel update="i" site="osn.com" site_id="MBP" xmltv_id="MBC MAX HD">MBC MAX HD</channel>
    <channel update="i" site="osn.com" site_id="MGM" xmltv_id="MBC+ Drama HD">MBC+ Drama HD</channel>
    <channel update="i" site="osn.com" site_id="MTV" xmltv_id="MGM">MGM</channel>
    <channel update="i" site="osn.com" site_id="MIN" xmltv_id="MTV">MTV</channel>
    <channel update="i" site="osn.com" site_id="MTI" xmltv_id="MTV India">MTV India</channel>
    <channel update="i" site="osn.com" site_id="NOW" xmltv_id="MTV Music 24">MTV Music 24</channel>
    <channel update="i" site="osn.com" site_id="NAH" xmltv_id="Music Now">Music Now</channel>
    <channel update="i" site="osn.com" site_id="NGO" xmltv_id="Nat Geo Adv HD">Nat Geo Adv HD</channel>
    <channel update="i" site="osn.com" site_id="NHD" xmltv_id="Nat Geo HD">Nat Geo HD</channel>
    <channel update="i" site="osn.com" site_id="NDT" xmltv_id="Nat Geo Wild HD">Nat Geo Wild HD</channel>
    <channel update="i" site="osn.com" site_id="NHK" xmltv_id="NDTV 24x7">NDTV 24x7</channel>
    <channel update="i" site="osn.com" site_id="FNW" xmltv_id="NKK World TV">NKK World TV</channel>
    <channel update="i" site="osn.com" site_id="OFX" xmltv_id="OSN Fight Network HD">OSN Fight Network HD</channel>
    <channel update="i" site="osn.com" site_id="OCX" xmltv_id="OSN First +2">OSN First +2</channel>
    <channel update="i" site="osn.com" site_id="OCO" xmltv_id="OSN First Comedy +2">OSN First Comedy +2</channel>
    <channel update="i" site="osn.com" site_id="OFH" xmltv_id="OSN First Comedy HD">OSN First Comedy HD</channel>
    <channel update="i" site="osn.com" site_id="OFS" xmltv_id="OSN First HD">OSN First HD</channel>
    <channel update="i" site="osn.com" site_id="AHD" xmltv_id="OSN First More">OSN First More</channel>
    <channel update="i" site="osn.com" site_id="BO1" xmltv_id="OSN Movies Action">OSN Movies Action</channel>
    <channel update="i" site="osn.com" site_id="BO2" xmltv_id="OSN Movies Action HD">OSN Movies Action HD</channel>
    <channel update="i" site="osn.com" site_id="BO3" xmltv_id="OSN Movies Box Office 1">OSN Movies Box Office 1</channel>
    <channel update="i" site="osn.com" site_id="OMC" xmltv_id="OSN Movies Box Office 2">OSN Movies Box Office 2</channel>
    <channel update="i" site="osn.com" site_id="OCM" xmltv_id="OSN Movies Box Office 3">OSN Movies Box Office 3</channel>
    <channel update="i" site="osn.com" site_id="OC2" xmltv_id="OSN Movies Comedy HD">OSN Movies Comedy HD</channel>
    <channel update="i" site="osn.com" site_id="OMF" xmltv_id="OSN Movies Drama">OSN Movies Drama</channel>
    <channel update="i" site="osn.com" site_id="OM1" xmltv_id="OSN Movies Drama +2">OSN Movies Drama +2</channel>
    <channel update="i" site="osn.com" site_id="OMX" xmltv_id="OSN Movies Festival">OSN Movies Festival</channel>
    <channel update="i" site="osn.com" site_id="OMK" xmltv_id="OSN Movies HD">OSN Movies HD</channel>
    <channel update="i" site="osn.com" site_id="OPR" xmltv_id="OSN Movies HD+2">OSN Movies HD+2</channel>
    <channel update="i" site="osn.com" site_id="OPX" xmltv_id="OSN Movies Kids">OSN Movies Kids</channel>
    <channel update="i" site="osn.com" site_id="ONS" xmltv_id="OSN Movies Premiere">OSN Movies Premiere</channel>
    <channel update="i" site="osn.com" site_id="vhd" xmltv_id="OSN Movies Premiere +2">OSN Movies Premiere +2</channel>
    <channel update="i" site="osn.com" site_id="SPH" xmltv_id="OSN News">OSN News</channel>
    <channel update="i" site="osn.com" site_id="SP2" xmltv_id="OSN On Demand HD">OSN On Demand HD</channel>
    <channel update="i" site="osn.com" site_id="SP3" xmltv_id="OSN Sports 1 HD">OSN Sports 1 HD</channel>
    <channel update="i" site="osn.com" site_id="SP4" xmltv_id="OSN Sports 2 HD">OSN Sports 2 HD</channel>
    <channel update="i" site="osn.com" site_id="CRI" xmltv_id="OSN Sports 3">OSN Sports 3</channel>
    <channel update="i" site="osn.com" site_id="OYA" xmltv_id="OSN Sports 4">OSN Sports 4</channel>
    <channel update="i" site="osn.com" site_id="oyh" xmltv_id="OSN Sports Cricket HD">OSN Sports Cricket HD</channel>
    <channel update="i" site="osn.com" site_id="oyx" xmltv_id="OSN Yahala Drama HD">OSN Yahala Drama HD</channel>
    <channel update="i" site="osn.com" site_id="OYS" xmltv_id="OSN Yahala HD">OSN Yahala HD</channel>
    <channel update="i" site="osn.com" site_id="OHD" xmltv_id="OSN Yahala HD +2">OSN Yahala HD +2</channel>
    <channel update="i" site="osn.com" site_id="SAB" xmltv_id="OSN Yahala Shabab HD">OSN Yahala Shabab HD</channel>
    <channel update="i" site="osn.com" site_id="SE4" xmltv_id="Outdoor HD">Outdoor HD</channel>
    <channel update="i" site="osn.com" site_id="SER" xmltv_id="Sab TV">Sab TV</channel>
    <channel update="i" site="osn.com" site_id="SET" xmltv_id="Series +4">Series +4</channel>
    <channel update="i" site="osn.com" site_id="SNA" xmltv_id="Series Channel">Series Channel</channel>
    <channel update="i" site="osn.com" site_id="SNH" xmltv_id="SET Middle East">SET Middle East</channel>
    <channel update="i" site="osn.com" site_id="SKH" xmltv_id="Sky News Arabia">Sky News Arabia</channel>
    <channel update="i" site="osn.com" site_id="SEM" xmltv_id="Sky News Arabia HD">Sky News Arabia HD</channel>
    <channel update="i" site="osn.com" site_id="STG" xmltv_id="Sky News HD">Sky News HD</channel>
    <channel update="i" site="osn.com" site_id="STJ" xmltv_id="Sony Max Middle East">Sony Max Middle East</channel>
    <channel update="i" site="osn.com" site_id="STM" xmltv_id="Star Gold">Star Gold</channel>
    <channel update="i" site="osn.com" site_id="STP" xmltv_id="Star Jalsha">Star Jalsha</channel>
    <channel update="i" site="osn.com" site_id="SVI" xmltv_id="Star Movies HD">Star Movies HD</channel>
    <channel update="i" site="osn.com" site_id="STW" xmltv_id="Star Plus Middle East">Star Plus Middle East</channel>
    <channel update="i" site="osn.com" site_id="STV" xmltv_id="Star Vijay International">Star Vijay International</channel>
    <channel update="i" site="osn.com" site_id="sun" xmltv_id="Star World HD">Star World HD</channel>
    <channel update="i" site="osn.com" site_id="SUR" xmltv_id="Sun TV (India)">Sun TV (India)</channel>
    <channel update="i" site="osn.com" site_id="TCR" xmltv_id="Sundance Channel HD">Sundance Channel HD</channel>
    <channel update="i" site="osn.com" site_id="TFC" xmltv_id="Surya TV">Surya TV</channel>
    <channel update="i" site="osn.com" site_id="STY" xmltv_id="Ten Cricket International">Ten Cricket International</channel>
    <channel update="i" site="osn.com" site_id="TIM" xmltv_id="TFC">TFC</channel>
    <channel update="i" site="osn.com" site_id="TRM" xmltv_id="The Style Network">The Style Network</channel>
    <channel update="i" site="osn.com" site_id="TRA" xmltv_id="Times Now">Times Now</channel>
    <channel update="i" site="osn.com" site_id="TCM" xmltv_id="Trace TV">Trace TV</channel>
    <channel update="i" site="osn.com" site_id="UDA" xmltv_id="Travel Channel">Travel Channel</channel>
    <channel update="i" site="osn.com" site_id="UTM" xmltv_id="Turner Classic Movies">Turner Classic Movies</channel>
    <channel update="i" site="osn.com" site_id="UTV" xmltv_id="Udaya TV">Udaya TV</channel>
    <channel update="i" site="osn.com" site_id="VH1" xmltv_id="UTV Movies">UTV Movies</channel>
    <channel update="i" site="osn.com" site_id="VIV" xmltv_id="UTV Stars / Bindass">UTV Stars / Bindass</channel>
    <channel update="i" site="osn.com" site_id="ZEC" xmltv_id="VH1">VH1</channel>
    <channel update="i" site="osn.com" site_id="ZET" xmltv_id="Viva TV">Viva TV</channel>
  </channels>
</site>