﻿<?xml version="1.0" encoding="UTF-8"?>
<site generator-info-name="WebGrab+Plus/w MDB &amp; REX Postprocess -- version 1.53.15/0.01 -- Jan van Straaten" site="t-home.mk">
  <channels>
    <channel update="i" site="t-home.mk" site_id="1" xmltv_id="МТВ 1">МТВ 1</channel>
    <channel update="i" site="t-home.mk" site_id="6" xmltv_id="СИТЕЛ">СИТЕЛ</channel>
    <channel update="i" site="t-home.mk" site_id="5" xmltv_id="КАНАЛ 5">КАНАЛ 5</channel>
    <channel update="i" site="t-home.mk" site_id="44" xmltv_id="ТЕЛМА">ТЕЛМА</channel>
    <channel update="i" site="t-home.mk" site_id="16" xmltv_id="АЛФА">АЛФА</channel>
    <channel update="i" site="t-home.mk" site_id="11" xmltv_id="КАНАЛ 5+">КАНАЛ 5+</channel>
    <channel update="i" site="t-home.mk" site_id="36" xmltv_id="СИТЕЛ 3">СИТЕЛ 3</channel>
    <channel update="i" site="t-home.mk" site_id="126" xmltv_id="24 Вести">24 Вести</channel>
    <channel update="i" site="t-home.mk" site_id="79" xmltv_id="НАША ТВ">НАША ТВ</channel>
    <channel update="i" site="t-home.mk" site_id="80" xmltv_id="SKY NET">SKY NET</channel>
    <channel update="i" site="t-home.mk" site_id="96" xmltv_id="ТВ СОНЦЕ">ТВ СОНЦЕ</channel>
    <channel update="i" site="t-home.mk" site_id="2" xmltv_id="МТВ 2">МТВ 2</channel>
    <channel update="i" site="t-home.mk" site_id="8" xmltv_id="ALSAT M">ALSAT M</channel>
    <channel update="i" site="t-home.mk" site_id="19" xmltv_id="ERA">ERA</channel>
    <channel update="i" site="t-home.mk" site_id="28" xmltv_id="MENADA">MENADA</channel>
    <channel update="i" site="t-home.mk" site_id="91" xmltv_id="ТВТ">ТВТ</channel>
    <channel update="i" site="t-home.mk" site_id="3" xmltv_id="МТВ 3">МТВ 3</channel>
    <channel update="i" site="t-home.mk" site_id="154" xmltv_id="АТВ/КРТ">АТВ/КРТ</channel>
    <channel update="i" site="t-home.mk" site_id="152" xmltv_id="ТВК">ТВК</channel>
    <channel update="i" site="t-home.mk" site_id="149" xmltv_id="ТВ ШУТЕЛ">ТВ ШУТЕЛ</channel>
    <channel update="i" site="t-home.mk" site_id="134" xmltv_id="ИРИС">ИРИС</channel>
    <channel update="i" site="t-home.mk" site_id="130" xmltv_id="ЗДРАВКИН">ЗДРАВКИН</channel>
    <channel update="i" site="t-home.mk" site_id="131" xmltv_id="КТВ">КТВ</channel>
    <channel update="i" site="t-home.mk" site_id="124" xmltv_id="BTR">BTR</channel>
    <channel update="i" site="t-home.mk" site_id="17" xmltv_id="MTM">MTM</channel>
    <channel update="i" site="t-home.mk" site_id="111" xmltv_id="ТВ Визија">ТВ Визија</channel>
    <channel update="i" site="t-home.mk" site_id="92" xmltv_id="КИСС">КИСС</channel>
    <channel update="i" site="t-home.mk" site_id="93" xmltv_id="KOHA">KOHA</channel>
    <channel update="i" site="t-home.mk" site_id="94" xmltv_id="ТЕРА">ТЕРА</channel>
    <channel update="i" site="t-home.mk" site_id="95" xmltv_id="ТВМ">ТВМ</channel>
    <channel update="i" site="t-home.mk" site_id="102" xmltv_id="НОВА">НОВА</channel>
    <channel update="i" site="t-home.mk" site_id="103" xmltv_id="HANA">HANA</channel>
    <channel update="i" site="t-home.mk" site_id="101" xmltv_id="STAR">STAR</channel>
    <channel update="i" site="t-home.mk" site_id="104" xmltv_id="ВИС">ВИС</channel>
    <channel update="i" site="t-home.mk" site_id="112" xmltv_id="TV EDO">TV EDO</channel>
    <channel update="i" site="t-home.mk" site_id="26" xmltv_id="VISION PLUS">VISION PLUS</channel>
    <channel update="i" site="t-home.mk" site_id="140" xmltv_id="NEWS 7">NEWS 7</channel>
    <channel update="i" site="t-home.mk" site_id="14" xmltv_id="RTV 21">RTV 21</channel>
    <channel update="i" site="t-home.mk" site_id="150" xmltv_id="OBN">OBN</channel>
    <channel update="i" site="t-home.mk" site_id="24" xmltv_id="RTS SAT">RTS SAT</channel>
    <channel update="i" site="t-home.mk" site_id="155" xmltv_id="RTCG">RTCG</channel>
    <channel update="i" site="t-home.mk" site_id="151" xmltv_id="HAPPY TV">HAPPY TV</channel>
    <channel update="i" site="t-home.mk" site_id="108" xmltv_id="B92 INFO">B92 INFO</channel>
    <channel update="i" site="t-home.mk" site_id="139" xmltv_id="HAYAT">HAYAT</channel>
    <channel update="i" site="t-home.mk" site_id="172" xmltv_id="ALJAZEERA">ALJAZEERA</channel>
    <channel update="i" site="t-home.mk" site_id="141" xmltv_id="TRING MAX">TRING MAX</channel>
    <channel update="i" site="t-home.mk" site_id="142" xmltv_id="TRING SUPER">TRING SUPER</channel>
    <channel update="i" site="t-home.mk" site_id="143" xmltv_id="TRING COMEDY">TRING COMEDY</channel>
    <channel update="i" site="t-home.mk" site_id="144" xmltv_id="TRING SHQIP">TRING SHQIP</channel>
    <channel update="i" site="t-home.mk" site_id="145" xmltv_id="FOLK +">FOLK +</channel>
    <channel update="i" site="t-home.mk" site_id="146" xmltv_id="TRING TRING">TRING TRING</channel>
    <channel update="i" site="t-home.mk" site_id="147" xmltv_id="TRING PLANET">TRING PLANET</channel>
    <channel update="i" site="t-home.mk" site_id="148" xmltv_id="3PLUS">3PLUS</channel>
    <channel update="i" site="t-home.mk" site_id="34" xmltv_id="NATGEO">NATGEO</channel>
    <channel update="i" site="t-home.mk" site_id="29" xmltv_id="DISCOVERY CH">DISCOVERY CH</channel>
    <channel update="i" site="t-home.mk" site_id="30" xmltv_id="ANIMAL P">ANIMAL P</channel>
    <channel update="i" site="t-home.mk" site_id="33" xmltv_id="TLC">TLC</channel>
    <channel update="i" site="t-home.mk" site_id="32" xmltv_id="DISC ID">DISC ID</channel>
    <channel update="i" site="t-home.mk" site_id="31" xmltv_id="DISC SCIENCE">DISC SCIENCE</channel>
    <channel update="i" site="t-home.mk" site_id="77" xmltv_id="DA VINCI">DA VINCI</channel>
    <channel update="i" site="t-home.mk" site_id="73" xmltv_id="VS EXPLORER">VS EXPLORER</channel>
    <channel update="i" site="t-home.mk" site_id="74" xmltv_id="VS HISTORY">VS HISTORY</channel>
    <channel update="i" site="t-home.mk" site_id="153" xmltv_id="VS NATURE">VS NATURE</channel>
    <channel update="i" site="t-home.mk" site_id="207" xmltv_id="ORLANDO KIDS">ORLANDO KIDS</channel>
    <channel update="i" site="t-home.mk" site_id="56" xmltv_id="NICKELODEON">NICKELODEON</channel>
    <channel update="i" site="t-home.mk" site_id="57" xmltv_id="CARTOON NET">CARTOON NET</channel>
    <channel update="i" site="t-home.mk" site_id="58" xmltv_id="BOOMERANG">BOOMERANG</channel>
    <channel update="i" site="t-home.mk" site_id="70" xmltv_id="BABY FIRST">BABY FIRST</channel>
    <channel update="i" site="t-home.mk" site_id="72" xmltv_id="MINIMAX">MINIMAX</channel>
    <channel update="i" site="t-home.mk" site_id="7" xmltv_id="EUROSPORT">EUROSPORT</channel>
    <channel update="i" site="t-home.mk" site_id="45" xmltv_id="EUROSPORT2">EUROSPORT2</channel>
    <channel update="i" site="t-home.mk" site_id="46" xmltv_id="EUROSPORTN">EUROSPORTN</channel>
    <channel update="i" site="t-home.mk" site_id="50" xmltv_id="X SPORT">X SPORT</channel>
    <channel update="i" site="t-home.mk" site_id="51" xmltv_id="MOTORS TV">MOTORS TV</channel>
    <channel update="i" site="t-home.mk" site_id="127" xmltv_id="SPORT KLUB">SPORT KLUB</channel>
    <channel update="i" site="t-home.mk" site_id="128" xmltv_id="SPORT KLUB +">SPORT KLUB +</channel>
    <channel update="i" site="t-home.mk" site_id="157" xmltv_id="ARENA SPORT 1">ARENA SPORT 1</channel>
    <channel update="i" site="t-home.mk" site_id="158" xmltv_id="ARENA SPORT 2">ARENA SPORT 2</channel>
    <channel update="i" site="t-home.mk" site_id="159" xmltv_id="ARENA SPORT3">ARENA SPORT3</channel>
    <channel update="i" site="t-home.mk" site_id="160" xmltv_id="ARENA SPORT4">ARENA SPORT4</channel>
    <channel update="i" site="t-home.mk" site_id="35" xmltv_id="MTV">MTV</channel>
    <channel update="i" site="t-home.mk" site_id="10" xmltv_id="VH1 EU">VH1 EU</channel>
    <channel update="i" site="t-home.mk" site_id="37" xmltv_id="VH1 CLAS">VH1 CLAS</channel>
    <channel update="i" site="t-home.mk" site_id="40" xmltv_id="BALKANIKA">BALKANIKA</channel>
    <channel update="i" site="t-home.mk" site_id="113" xmltv_id="DM sat">DM sat</channel>
    <channel update="i" site="t-home.mk" site_id="41" xmltv_id="MTV HITS">MTV HITS</channel>
    <channel update="i" site="t-home.mk" site_id="42" xmltv_id="MTV rocks">MTV rocks</channel>
    <channel update="i" site="t-home.mk" site_id="43" xmltv_id="MTV DANCE">MTV DANCE</channel>
    <channel update="i" site="t-home.mk" site_id="65" xmltv_id="FOX LIFE">FOX LIFE</channel>
    <channel update="i" site="t-home.mk" site_id="170" xmltv_id="FOX">FOX</channel>
    <channel update="i" site="t-home.mk" site_id="59" xmltv_id="TV 1000">TV 1000</channel>
    <channel update="i" site="t-home.mk" site_id="60" xmltv_id="Universal channel">Universal channel</channel>
    <channel update="i" site="t-home.mk" site_id="61" xmltv_id="MGM">MGM</channel>
    <channel update="i" site="t-home.mk" site_id="98" xmltv_id="AXN">AXN</channel>
    <channel update="i" site="t-home.mk" site_id="507" xmltv_id="SCI FI">SCI FI</channel>
    <channel update="i" site="t-home.mk" site_id="109" xmltv_id="HBO">HBO</channel>
    <channel update="i" site="t-home.mk" site_id="110" xmltv_id="HBO COMEDY">HBO COMEDY</channel>
    <channel update="i" site="t-home.mk" site_id="600" xmltv_id="E! ENTERTAINMENT">E! ENTERTAINMENT</channel>
    <channel update="i" site="t-home.mk" site_id="171" xmltv_id="24 KITCHEN">24 KITCHEN</channel>
    <channel update="i" site="t-home.mk" site_id="63" xmltv_id="FLN">FLN</channel>
    <channel update="i" site="t-home.mk" site_id="64" xmltv_id="CBSREALITY">CBSREALITY</channel>
    <channel update="i" site="t-home.mk" site_id="62" xmltv_id="FTV">FTV</channel>
    <channel update="i" site="t-home.mk" site_id="52" xmltv_id="CNN">CNN</channel>
    <channel update="i" site="t-home.mk" site_id="54" xmltv_id="DW">DW</channel>
    <channel update="i" site="t-home.mk" site_id="137" xmltv_id="FRANCE 24">FRANCE 24</channel>
    <channel update="i" site="t-home.mk" site_id="156" xmltv_id="EURONEWS">EURONEWS</channel>
    <channel update="i" site="t-home.mk" site_id="711" xmltv_id="AUTO MOTO SPORT HD">AUTO MOTO SPORT HD</channel>
    <channel update="i" site="t-home.mk" site_id="66" xmltv_id="PLAYBOY">PLAYBOY</channel>
    <channel update="i" site="t-home.mk" site_id="906" xmltv_id="FRENCH LOVER TV">FRENCH LOVER TV</channel>
    <channel update="i" site="t-home.mk" site_id="106" xmltv_id="HUSTLER TV">HUSTLER TV</channel>
  </channels>
</site>