﻿<?xml version="1.0" encoding="UTF-8"?>
<site generator-info-name="WebGrab+Plus version 1.0.8 Beta -- Jan van Straaten" site="mojtv.hr">
  <channels>
    <channel update="i" site="mojtv.hr" site_id="1/htv1" xmltv_id="HTV1">HTV1</channel>
    <channel update="i" site="mojtv.hr" site_id="2/htv2" xmltv_id="HTV2">HTV2</channel>
    <channel update="i" site="mojtv.hr" site_id="3/nova-tv" xmltv_id="NOVA TV">NOVA TV</channel>
    <channel update="i" site="mojtv.hr" site_id="4/rtl" xmltv_id="RTL">RTL</channel>
    <channel update="i" site="mojtv.hr" site_id="185/doma-tv" xmltv_id="Doma TV">Doma TV</channel>
    <channel update="i" site="mojtv.hr" site_id="186/rtl2" xmltv_id="RTL2">RTL2</channel>
    <channel update="i" site="mojtv.hr" site_id="244/sportska-televizija" xmltv_id="Sportska Televizija">Sportska Televizija</channel>
    <channel update="i" site="mojtv.hr" site_id="7/net" xmltv_id="NeT">NeT</channel>
    <channel update="i" site="mojtv.hr" site_id="139/rtl-plus" xmltv_id="RTL Plus">RTL Plus</channel>
    <channel update="i" site="mojtv.hr" site_id="72/kapital-network" xmltv_id="Kapital Network">Kapital Network</channel>
    <channel update="i" site="mojtv.hr" site_id="6/jabuka-tv" xmltv_id="Jabuka TV">Jabuka TV</channel>
    <channel update="i" site="mojtv.hr" site_id="5/z1" xmltv_id="Z1">Z1</channel>
    <channel update="i" site="mojtv.hr" site_id="32/cmc" xmltv_id="CMC">CMC</channel>
    <channel update="i" site="mojtv.hr" site_id="16/hrt-plus" xmltv_id="HRT PLUS">HRT PLUS</channel>
    <channel update="i" site="mojtv.hr" site_id="89/mini-tv" xmltv_id="Mini TV">Mini TV</channel>
    <channel update="i" site="mojtv.hr" site_id="15/tv-istra" xmltv_id="TV Istra">TV Istra</channel>
    <channel update="i" site="mojtv.hr" site_id="113/osjecka-tv" xmltv_id="Osječka TV">Osječka TV</channel>
    <channel update="i" site="mojtv.hr" site_id="11/varazdinska-tv" xmltv_id="Varaždinska TV">Varaždinska TV</channel>
    <channel update="i" site="mojtv.hr" site_id="8/kanalri" xmltv_id="Kanal-Ri">Kanal-Ri</channel>
    <channel update="i" site="mojtv.hr" site_id="176/ritv" xmltv_id="RITV">RITV</channel>
    <channel update="i" site="mojtv.hr" site_id="178/tv4r" xmltv_id="TV4r">TV4r</channel>
    <channel update="i" site="mojtv.hr" site_id="245/slavonskobrodska-televizija" xmltv_id="Slavonskobrodska televizija">Slavonskobrodska televizija</channel>
    <channel update="i" site="mojtv.hr" site_id="116/slavonska-tv" xmltv_id="Slavonska TV">Slavonska TV</channel>
    <channel update="i" site="mojtv.hr" site_id="114/tv-jadran" xmltv_id="TV Jadran">TV Jadran</channel>
    <channel update="i" site="mojtv.hr" site_id="117/tv-plus" xmltv_id="TV Plus">TV Plus</channel>
    <channel update="i" site="mojtv.hr" site_id="9/tv-nova" xmltv_id="TV NOVA">TV NOVA</channel>
    <channel update="i" site="mojtv.hr" site_id="67/televizija-vox" xmltv_id="Televizija Vox">Televizija Vox</channel>
    <channel update="i" site="mojtv.hr" site_id="141/gtv-zadar" xmltv_id="GTV Zadar">GTV Zadar</channel>
    <channel update="i" site="mojtv.hr" site_id="12/vinkovacka-tv" xmltv_id="Vinkovačka TV">Vinkovačka TV</channel>
    <channel update="i" site="mojtv.hr" site_id="124/kanal-5" xmltv_id="Kanal 5">Kanal 5</channel>
    <channel update="i" site="mojtv.hr" site_id="181/tv-dalmacija" xmltv_id="TV Dalmacija">TV Dalmacija</channel>
    <channel update="i" site="mojtv.hr" site_id="254/full-tv" xmltv_id="Full TV">Full TV</channel>
    <channel update="i" site="mojtv.hr" site_id="24/bht1" xmltv_id="BHT1">BHT1</channel>
    <channel update="i" site="mojtv.hr" site_id="25/ftv" xmltv_id="FTV">FTV</channel>
    <channel update="i" site="mojtv.hr" site_id="26/obn" xmltv_id="OBN">OBN</channel>
    <channel update="i" site="mojtv.hr" site_id="28/pink-bh" xmltv_id="PINK BH">PINK BH</channel>
    <channel update="i" site="mojtv.hr" site_id="35/hayat-tv" xmltv_id="Hayat TV">Hayat TV</channel>
    <channel update="i" site="mojtv.hr" site_id="36/rtrs" xmltv_id="RTRS">RTRS</channel>
    <channel update="i" site="mojtv.hr" site_id="39/atv" xmltv_id="ATV">ATV</channel>
    <channel update="i" site="mojtv.hr" site_id="123/tv-tk-tuzla" xmltv_id="TV TK Tuzla">TV TK Tuzla</channel>
    <channel update="i" site="mojtv.hr" site_id="217/tv1" xmltv_id="TV1">TV1</channel>
    <channel update="i" site="mojtv.hr" site_id="17/pop-tv" xmltv_id="Pop TV">Pop TV</channel>
    <channel update="i" site="mojtv.hr" site_id="18/kanal-a" xmltv_id="Kanal A">Kanal A</channel>
    <channel update="i" site="mojtv.hr" site_id="19/tv-slovenija-1" xmltv_id="TV Slovenija 1">TV Slovenija 1</channel>
    <channel update="i" site="mojtv.hr" site_id="20/tv-slovenija-2" xmltv_id="TV Slovenija 2">TV Slovenija 2</channel>
    <channel update="i" site="mojtv.hr" site_id="23/tv3" xmltv_id="TV3">TV3</channel>
    <channel update="i" site="mojtv.hr" site_id="22/tv-maribor" xmltv_id="TV Maribor">TV Maribor</channel>
    <channel update="i" site="mojtv.hr" site_id="21/tv-koper" xmltv_id="TV Koper">TV Koper</channel>
    <channel update="i" site="mojtv.hr" site_id="33/rts1" xmltv_id="RTS1">RTS1</channel>
    <channel update="i" site="mojtv.hr" site_id="34/rts2" xmltv_id="RTS2">RTS2</channel>
    <channel update="i" site="mojtv.hr" site_id="31/b92" xmltv_id="B92">B92</channel>
    <channel update="i" site="mojtv.hr" site_id="27/pink" xmltv_id="PINK">PINK</channel>
    <channel update="i" site="mojtv.hr" site_id="29/pink-plus" xmltv_id="PINK Plus">PINK Plus</channel>
    <channel update="i" site="mojtv.hr" site_id="38/prva-srpska-televizija" xmltv_id="Prva srpska televizija">Prva srpska televizija</channel>
    <channel update="i" site="mojtv.hr" site_id="108/tv-avala" xmltv_id="TV Avala">TV Avala</channel>
    <channel update="i" site="mojtv.hr" site_id="182/tv-novi-sad-1" xmltv_id="TV Novi Sad 1">TV Novi Sad 1</channel>
    <channel update="i" site="mojtv.hr" site_id="183/tv-novi-sad-2" xmltv_id="TV Novi Sad 2">TV Novi Sad 2</channel>
    <channel update="i" site="mojtv.hr" site_id="41/hbo" xmltv_id="HBO">HBO</channel>
    <channel update="i" site="mojtv.hr" site_id="42/hbo-comedy" xmltv_id="HBO Comedy">HBO Comedy</channel>
    <channel update="i" site="mojtv.hr" site_id="105/cinemax" xmltv_id="Cinemax">Cinemax</channel>
    <channel update="i" site="mojtv.hr" site_id="136/cinemax-2" xmltv_id="Cinemax 2">Cinemax 2</channel>
    <channel update="i" site="mojtv.hr" site_id="40/universal-channel" xmltv_id="Universal Channel">Universal Channel</channel>
    <channel update="i" site="mojtv.hr" site_id="106/cinestar-tv" xmltv_id="Cinestar TV">Cinestar TV</channel>
    <channel update="i" site="mojtv.hr" site_id="218/cinestar-action-thriller" xmltv_id="Cinestar Action &amp;Thriller">Cinestar Action &amp;Thriller</channel>
    <channel update="i" site="mojtv.hr" site_id="69/fox-life" xmltv_id="Fox Life">Fox Life</channel>
    <channel update="i" site="mojtv.hr" site_id="70/fox-crime" xmltv_id="Fox Crime">Fox Crime</channel>
    <channel update="i" site="mojtv.hr" site_id="184/klasik-tv" xmltv_id="Klasik TV">Klasik TV</channel>
    <channel update="i" site="mojtv.hr" site_id="43/tv1000" xmltv_id="TV1000">TV1000</channel>
    <channel update="i" site="mojtv.hr" site_id="118/the-mgm-channel" xmltv_id="The MGM Channel">The MGM Channel</channel>
    <channel update="i" site="mojtv.hr" site_id="119/scifi-channel" xmltv_id="Sci-Fi Channel">Sci-Fi Channel</channel>
    <channel update="i" site="mojtv.hr" site_id="44/bbc-entertainment" xmltv_id="BBC Entertainment">BBC Entertainment</channel>
    <channel update="i" site="mojtv.hr" site_id="112/axn" xmltv_id="AXN">AXN</channel>
    <channel update="i" site="mojtv.hr" site_id="73/viasat-history" xmltv_id="Viasat History">Viasat History</channel>
    <channel update="i" site="mojtv.hr" site_id="74/viasat-explorer" xmltv_id="Viasat Explorer">Viasat Explorer</channel>
    <channel update="i" site="mojtv.hr" site_id="75/zone-romantica" xmltv_id="Zone Romantica">Zone Romantica</channel>
    <channel update="i" site="mojtv.hr" site_id="76/zone-reality" xmltv_id="Zone Reality">Zone Reality</channel>
    <channel update="i" site="mojtv.hr" site_id="81/fashion-tv" xmltv_id="Fashion Tv">Fashion Tv</channel>
    <channel update="i" site="mojtv.hr" site_id="82/e-entertainment" xmltv_id="E! Entertainment">E! Entertainment</channel>
    <channel update="i" site="mojtv.hr" site_id="125/tcmcartoon" xmltv_id="TCM/Cartoon">TCM/Cartoon</channel>
    <channel update="i" site="mojtv.hr" site_id="50/eurosport" xmltv_id="Eurosport">Eurosport</channel>
    <channel update="i" site="mojtv.hr" site_id="51/eurosport-2" xmltv_id="Eurosport 2">Eurosport 2</channel>
    <channel update="i" site="mojtv.hr" site_id="179/arena-sport-1" xmltv_id="Arena Sport 1">Arena Sport 1</channel>
    <channel update="i" site="mojtv.hr" site_id="180/arena-sport-2" xmltv_id="Arena Sport 2">Arena Sport 2</channel>
    <channel update="i" site="mojtv.hr" site_id="253/arena-sport-3" xmltv_id="Arena Sport 3">Arena Sport 3</channel>
    <channel update="i" site="mojtv.hr" site_id="52/sport-1" xmltv_id="Sport 1">Sport 1</channel>
    <channel update="i" site="mojtv.hr" site_id="62/sportklub" xmltv_id="SportKlub">SportKlub</channel>
    <channel update="i" site="mojtv.hr" site_id="63/sportklub" xmltv_id="SportKlub+">SportKlub+</channel>
    <channel update="i" site="mojtv.hr" site_id="66/extreme-sports" xmltv_id="Extreme Sports">Extreme Sports</channel>
    <channel update="i" site="mojtv.hr" site_id="68/espn-america" xmltv_id="ESPN America">ESPN America</channel>
    <channel update="i" site="mojtv.hr" site_id="83/espn-classic" xmltv_id="ESPN Classic">ESPN Classic</channel>
    <channel update="i" site="mojtv.hr" site_id="84/motors-tv" xmltv_id="Motors Tv">Motors Tv</channel>
    <channel update="i" site="mojtv.hr" site_id="85/yacht-and-sail" xmltv_id="Yacht and Sail">Yacht and Sail</channel>
    <channel update="i" site="mojtv.hr" site_id="149/body-in-balance" xmltv_id="Body in balance">Body in balance</channel>
    <channel update="i" site="mojtv.hr" site_id="86/manchester-tv" xmltv_id="Manchester Tv">Manchester Tv</channel>
    <channel update="i" site="mojtv.hr" site_id="107/rai-sport" xmltv_id="Rai Sport">Rai Sport</channel>
    <channel update="i" site="mojtv.hr" site_id="110/eurosport-uk" xmltv_id="Eurosport UK">Eurosport UK</channel>
    <channel update="i" site="mojtv.hr" site_id="111/eurosport-uk-2" xmltv_id="Eurosport UK 2">Eurosport UK 2</channel>
    <channel update="i" site="mojtv.hr" site_id="143/golf-klub" xmltv_id="Golf Klub">Golf Klub</channel>
    <channel update="i" site="mojtv.hr" site_id="137/poker-channel" xmltv_id="Poker Channel">Poker Channel</channel>
    <channel update="i" site="mojtv.hr" site_id="134/myzentv" xmltv_id="MyZen.tv">MyZen.tv</channel>
    <channel update="i" site="mojtv.hr" site_id="48/national-geographic" xmltv_id="National Geographic">National Geographic</channel>
    <channel update="i" site="mojtv.hr" site_id="151/national-geographic-hd" xmltv_id="National Geographic HD">National Geographic HD</channel>
    <channel update="i" site="mojtv.hr" site_id="57/discovery-channel" xmltv_id="Discovery Channel">Discovery Channel</channel>
    <channel update="i" site="mojtv.hr" site_id="58/animal-planet" xmltv_id="Animal Planet">Animal Planet</channel>
    <channel update="i" site="mojtv.hr" site_id="59/discovery-science" xmltv_id="Discovery Science">Discovery Science</channel>
    <channel update="i" site="mojtv.hr" site_id="60/discovery-world" xmltv_id="Discovery World">Discovery World</channel>
    <channel update="i" site="mojtv.hr" site_id="120/natgeo-wild" xmltv_id="NatGeo Wild">NatGeo Wild</channel>
    <channel update="i" site="mojtv.hr" site_id="61/discovery-travel" xmltv_id="Discovery Travel">Discovery Travel</channel>
    <channel update="i" site="mojtv.hr" site_id="64/doq" xmltv_id="DoQ">DoQ</channel>
    <channel update="i" site="mojtv.hr" site_id="140/history-channel" xmltv_id="History Channel">History Channel</channel>
    <channel update="i" site="mojtv.hr" site_id="88/nickelodeon" xmltv_id="Nickelodeon">Nickelodeon</channel>
    <channel update="i" site="mojtv.hr" site_id="144/duck-tv" xmltv_id="Duck TV">Duck TV</channel>
    <channel update="i" site="mojtv.hr" site_id="145/kids-co" xmltv_id="Kids CO">Kids CO</channel>
    <channel update="i" site="mojtv.hr" site_id="153/tiji" xmltv_id="Tiji">Tiji</channel>
    <channel update="i" site="mojtv.hr" site_id="154/jimjam" xmltv_id="JimJam">JimJam</channel>
    <channel update="i" site="mojtv.hr" site_id="155/smile-of-a-child" xmltv_id="Smile of a Child">Smile of a Child</channel>
    <channel update="i" site="mojtv.hr" site_id="167/baby-tv" xmltv_id="Baby TV">Baby TV</channel>
    <channel update="i" site="mojtv.hr" site_id="89/mini-tv" xmltv_id="Mini TV">Mini TV</channel>
    <channel update="i" site="mojtv.hr" site_id="54/boomerang" xmltv_id="Boomerang">Boomerang</channel>
    <channel update="i" site="mojtv.hr" site_id="87/vh1" xmltv_id="VH-1">VH-1</channel>
    <channel update="i" site="mojtv.hr" site_id="227/mezzo" xmltv_id="Mezzo">Mezzo</channel>
    <channel update="i" site="mojtv.hr" site_id="133/vh1-classic" xmltv_id="VH1 Classic">VH1 Classic</channel>
    <channel update="i" site="mojtv.hr" site_id="45/mtv-base" xmltv_id="MTV Base">MTV Base</channel>
    <channel update="i" site="mojtv.hr" site_id="165/mtv" xmltv_id="MTV">MTV</channel>
    <channel update="i" site="mojtv.hr" site_id="46/mtv-hits" xmltv_id="MTV Hits">MTV Hits</channel>
    <channel update="i" site="mojtv.hr" site_id="121/mtv-dance" xmltv_id="MTV Dance">MTV Dance</channel>
    <channel update="i" site="mojtv.hr" site_id="127/mtv-rocks" xmltv_id="MTV Rocks">MTV Rocks</channel>
    <channel update="i" site="mojtv.hr" site_id="152/viva" xmltv_id="VIVA">VIVA</channel>
    <channel update="i" site="mojtv.hr" site_id="135/cmusic" xmltv_id="C-Music">C-Music</channel>
    <channel update="i" site="mojtv.hr" site_id="146/trace-urban" xmltv_id="Trace Urban">Trace Urban</channel>
    <channel update="i" site="mojtv.hr" site_id="147/natgeo-music" xmltv_id="NatGeo Music">NatGeo Music</channel>
    <channel update="i" site="mojtv.hr" site_id="142/balkanika-mtv" xmltv_id="Balkanika MTV">Balkanika MTV</channel>
    <channel update="i" site="mojtv.hr" site_id="77/cnn" xmltv_id="CNN">CNN</channel>
    <channel update="i" site="mojtv.hr" site_id="78/euronews" xmltv_id="Euronews">Euronews</channel>
    <channel update="i" site="mojtv.hr" site_id="79/cnbc" xmltv_id="CNBC">CNBC</channel>
    <channel update="i" site="mojtv.hr" site_id="80/bloomberg" xmltv_id="Bloomberg">Bloomberg</channel>
    <channel update="i" site="mojtv.hr" site_id="90/orf1" xmltv_id="ORF1">ORF1</channel>
    <channel update="i" site="mojtv.hr" site_id="91/orf2" xmltv_id="ORF2">ORF2</channel>
    <channel update="i" site="mojtv.hr" site_id="93/zdf" xmltv_id="ZDF">ZDF</channel>
    <channel update="i" site="mojtv.hr" site_id="150/das-erste" xmltv_id="Das Erste">Das Erste</channel>
    <channel update="i" site="mojtv.hr" site_id="94/sat1" xmltv_id="SAT1">SAT1</channel>
    <channel update="i" site="mojtv.hr" site_id="95/pro7" xmltv_id="PRO7">PRO7</channel>
    <channel update="i" site="mojtv.hr" site_id="96/rtl" xmltv_id="RTL">RTL</channel>
    <channel update="i" site="mojtv.hr" site_id="97/3sat" xmltv_id="3SAT">3SAT</channel>
    <channel update="i" site="mojtv.hr" site_id="98/vox" xmltv_id="VOX">VOX</channel>
    <channel update="i" site="mojtv.hr" site_id="99/kika" xmltv_id="KIKA">KIKA</channel>
    <channel update="i" site="mojtv.hr" site_id="100/nick" xmltv_id="NICK">NICK</channel>
    <channel update="i" site="mojtv.hr" site_id="101/super-rtl" xmltv_id="Super RTL">Super RTL</channel>
    <channel update="i" site="mojtv.hr" site_id="126/arte" xmltv_id="Arte">Arte</channel>
    <channel update="i" site="mojtv.hr" site_id="102/rai-uno" xmltv_id="RAI Uno">RAI Uno</channel>
    <channel update="i" site="mojtv.hr" site_id="103/rai-due" xmltv_id="RAI Due">RAI Due</channel>
    <channel update="i" site="mojtv.hr" site_id="104/rai-tre" xmltv_id="RAI Tre">RAI Tre</channel>
    <channel update="i" site="mojtv.hr" site_id="162/italia-1" xmltv_id="Italia 1">Italia 1</channel>
    <channel update="i" site="mojtv.hr" site_id="163/canale-5" xmltv_id="Canale 5">Canale 5</channel>
    <channel update="i" site="mojtv.hr" site_id="164/rete-4" xmltv_id="Rete 4">Rete 4</channel>
    <channel update="i" site="mojtv.hr" site_id="128/hustler" xmltv_id="Hustler">Hustler</channel>
    <channel update="i" site="mojtv.hr" site_id="129/blue-hustler" xmltv_id="Blue Hustler">Blue Hustler</channel>
    <channel update="i" site="mojtv.hr" site_id="130/private-spice" xmltv_id="Private Spice">Private Spice</channel>
    <channel update="i" site="mojtv.hr" site_id="131/adult-channel" xmltv_id="Adult Channel">Adult Channel</channel>
    <channel update="i" site="mojtv.hr" site_id="132/playboy-tv" xmltv_id="Playboy TV">Playboy TV</channel>
    <channel update="i" site="mojtv.hr" site_id="226/daring-tv" xmltv_id="Daring! TV">Daring! TV</channel>
  </channels>
</site>