﻿<?xml version="1.0" encoding="UTF-8"?>
<site generator-info-name="WebGrab+Plus/w MDB &amp; REX Postprocess -- version 1.54.6/0.01 -- Jan van Straaten" site="port.hu">
  <channels>
    <channel update="i" site="port.hr" site_id="40002" xmltv_id="HRT 1">HRT 1</channel>
    <channel update="i" site="port.hr" site_id="40003" xmltv_id="HRT 2">HRT 2</channel>
    <channel update="i" site="port.hr" site_id="40001" xmltv_id="RTL TELEVIZIJA">RTL TELEVIZIJA</channel>
    <channel update="i" site="port.hr" site_id="40004" xmltv_id="NOVA TV">NOVA TV</channel>
    <channel update="i" site="port.hr" site_id="40135" xmltv_id="RTL 2">RTL 2</channel>
    <channel update="i" site="port.hr" site_id="40134" xmltv_id="Doma TV">Doma TV</channel>
    <channel update="i" site="port.hr" site_id="40206" xmltv_id="HRT 3">HRT 3</channel>
    <channel update="i" site="port.hr" site_id="40218" xmltv_id="HRT 4">HRT 4</channel>
    <channel update="i" site="port.hr" site_id="40054" xmltv_id="Z1">Z1</channel>
    <channel update="i" site="port.hr" site_id="40005" xmltv_id="Jabuka TV">Jabuka TV</channel>
    <channel update="i" site="port.hr" site_id="40034" xmltv_id="MrežaZG">MrežaZG</channel>
    <channel update="i" site="port.hr" site_id="40140" xmltv_id="RTL Plus">RTL Plus</channel>
    <channel update="i" site="port.hr" site_id="40006" xmltv_id="Varaždinska TV">Varaždinska TV</channel>
    <channel update="i" site="port.hr" site_id="40116" xmltv_id="Osječka televizija">Osječka televizija</channel>
    <channel update="i" site="port.hr" site_id="40037" xmltv_id="Vinkovačka TV">Vinkovačka TV</channel>
    <channel update="i" site="port.hr" site_id="40156" xmltv_id="Slavonskobrodska TV">Slavonskobrodska TV</channel>
    <channel update="i" site="port.hr" site_id="40117" xmltv_id="Televizija Slavonije i Baranje">Televizija Slavonije i Baranje</channel>
    <channel update="i" site="port.hr" site_id="40012" xmltv_id="Kanal RI">Kanal RI</channel>
    <channel update="i" site="port.hr" site_id="40119" xmltv_id="TV Istra">TV Istra</channel>
    <channel update="i" site="port.hr" site_id="40120" xmltv_id="VOX TV">VOX TV</channel>
    <channel update="i" site="port.hr" site_id="40011" xmltv_id="Full TV">Full TV</channel>
    <channel update="i" site="port.hr" site_id="40222" xmltv_id="TV4r">TV4r</channel>
    <channel update="i" site="port.hr" site_id="40118" xmltv_id="MrežaST">MrežaST</channel>
    <channel update="i" site="port.hr" site_id="40152" xmltv_id="TV Jadran">TV Jadran</channel>
    <channel update="i" site="port.hr" site_id="40220" xmltv_id="Zdrava TV">Zdrava TV</channel>
    <channel update="i" site="port.hr" site_id="40112" xmltv_id="National Geographic HD">National Geographic HD</channel>
    <channel update="i" site="port.hr" site_id="40113" xmltv_id="Discovery HD">Discovery HD</channel>
    <channel update="i" site="port.hr" site_id="40110" xmltv_id="Eurosport HD">Eurosport HD</channel>
    <channel update="i" site="port.hr" site_id="40129" xmltv_id="Eurosport 2 HD">Eurosport 2 HD</channel>
    <channel update="i" site="port.hr" site_id="40101" xmltv_id="MelodyZen.tv HD">MelodyZen.tv HD</channel>
    <channel update="i" site="port.hr" site_id="40185" xmltv_id="Sport Klub HD">Sport Klub HD</channel>
    <channel update="i" site="port.hr" site_id="40038" xmltv_id="FTV">FTV</channel>
    <channel update="i" site="port.hr" site_id="40058" xmltv_id="OBN">OBN</channel>
    <channel update="i" site="port.hr" site_id="40059" xmltv_id="Pink BH">Pink BH</channel>
    <channel update="i" site="port.hr" site_id="40087" xmltv_id="Hayat">Hayat</channel>
    <channel update="i" site="port.hr" site_id="40047" xmltv_id="BHT1">BHT1</channel>
    <channel update="i" site="port.hr" site_id="40008" xmltv_id="HBO">HBO</channel>
    <channel update="i" site="port.hr" site_id="40009" xmltv_id="HBO Comedy">HBO Comedy</channel>
    <channel update="i" site="port.hr" site_id="40085" xmltv_id="Cinemax">Cinemax</channel>
    <channel update="i" site="port.hr" site_id="40088" xmltv_id="Cinemax 2">Cinemax 2</channel>
    <channel update="i" site="port.hr" site_id="40083" xmltv_id="CineStar TV">CineStar TV</channel>
    <channel update="i" site="port.hr" site_id="40138" xmltv_id="CineStar Action&amp;Thriller">CineStar Action&amp;Thriller</channel>
    <channel update="i" site="port.hr" site_id="40128" xmltv_id="Klasik TV">Klasik TV</channel>
    <channel update="i" site="port.hr" site_id="40093" xmltv_id="AXN">AXN</channel>
    <channel update="i" site="port.hr" site_id="40071" xmltv_id="Fox Crime">Fox Crime</channel>
    <channel update="i" site="port.hr" site_id="40070" xmltv_id="Fox Life">Fox Life</channel>
    <channel update="i" site="port.hr" site_id="40189" xmltv_id="Fox Movies">Fox Movies</channel>
    <channel update="i" site="port.hr" site_id="40133" xmltv_id="Sci Fi Channel">Sci Fi Channel</channel>
    <channel update="i" site="port.hr" site_id="40048" xmltv_id="Universal Channel">Universal Channel</channel>
    <channel update="i" site="port.hr" site_id="40043" xmltv_id="TV 1000 Balkan">TV 1000 Balkan</channel>
    <channel update="i" site="port.hr" site_id="40027" xmltv_id="Cartoon Network">Cartoon Network</channel>
    <channel update="i" site="port.hr" site_id="40040" xmltv_id="CBS Drama">CBS Drama</channel>
    <channel update="i" site="port.hr" site_id="40147" xmltv_id="AMC">AMC</channel>
    <channel update="i" site="port.hr" site_id="40014" xmltv_id="BBC Entertainment">BBC Entertainment</channel>
    <channel update="i" site="port.hr" site_id="40204" xmltv_id="Comedy Central Extra">Comedy Central Extra</channel>
    <channel update="i" site="port.hr" site_id="40208" xmltv_id="Fox TV">Fox TV</channel>
    <channel update="i" site="port.hr" site_id="40226" xmltv_id="Kino TV">Kino TV</channel>
    <channel update="i" site="port.hr" site_id="40230" xmltv_id="Cinestar Premiere 1">Cinestar Premiere 1</channel>
    <channel update="i" site="port.hr" site_id="40231" xmltv_id="Cinestar Premiere 2">Cinestar Premiere 2</channel>
    <channel update="i" site="port.hr" site_id="40234" xmltv_id="AXN Spin">AXN Spin</channel>
    <channel update="i" site="port.hr" site_id="40240" xmltv_id="M1 FILM">M1 FILM</channel>
    <channel update="i" site="port.hr" site_id="40039" xmltv_id="CMC">CMC</channel>
    <channel update="i" site="port.hr" site_id="40155" xmltv_id="Hit TV">Hit TV</channel>
    <channel update="i" site="port.hr" site_id="40036" xmltv_id="MTV Hrvatska">MTV Hrvatska</channel>
    <channel update="i" site="port.hr" site_id="40024" xmltv_id="MTV Hits">MTV Hits</channel>
    <channel update="i" site="port.hr" site_id="40023" xmltv_id="MTV Dance">MTV Dance</channel>
    <channel update="i" site="port.hr" site_id="40099" xmltv_id="MTV Rocks">MTV Rocks</channel>
    <channel update="i" site="port.hr" site_id="40032" xmltv_id="VH1 Europe">VH1 Europe</channel>
    <channel update="i" site="port.hr" site_id="40033" xmltv_id="VH1 Classic">VH1 Classic</channel>
    <channel update="i" site="port.hr" site_id="40126" xmltv_id="Balkanika Music Television">Balkanika Music Television</channel>
    <channel update="i" site="port.hr" site_id="40100" xmltv_id="VIVA">VIVA</channel>
    <channel update="i" site="port.hr" site_id="40022" xmltv_id="Mezzo">Mezzo</channel>
    <channel update="i" site="port.hr" site_id="40153" xmltv_id="Trace TV Urban">Trace TV Urban</channel>
    <channel update="i" site="port.hr" site_id="40210" xmltv_id="Jugoton">Jugoton</channel>
    <channel update="i" site="port.hr" site_id="40051" xmltv_id="TV Slovenija 1">TV Slovenija 1</channel>
    <channel update="i" site="port.hr" site_id="40055" xmltv_id="TV Slovenija 2">TV Slovenija 2</channel>
    <channel update="i" site="port.hr" site_id="40056" xmltv_id="Kanal A">Kanal A</channel>
    <channel update="i" site="port.hr" site_id="40057" xmltv_id="Pop TV">Pop TV</channel>
    <channel update="i" site="port.hr" site_id="40061" xmltv_id="RTL (De)">RTL (De)</channel>
    <channel update="i" site="port.hr" site_id="40062" xmltv_id="RTL 2 (De)">RTL 2 (De)</channel>
    <channel update="i" site="port.hr" site_id="40063" xmltv_id="SAT.1">SAT.1</channel>
    <channel update="i" site="port.hr" site_id="40064" xmltv_id="PRO 7">PRO 7</channel>
    <channel update="i" site="port.hr" site_id="40105" xmltv_id="Kabel 1">Kabel 1</channel>
    <channel update="i" site="port.hr" site_id="40029" xmltv_id="VOX">VOX</channel>
    <channel update="i" site="port.hr" site_id="40109" xmltv_id="ZDF">ZDF</channel>
    <channel update="i" site="port.hr" site_id="40102" xmltv_id="ARD">ARD</channel>
    <channel update="i" site="port.hr" site_id="40104" xmltv_id="Bayerische Fernsehen">Bayerische Fernsehen</channel>
    <channel update="i" site="port.hr" site_id="40106" xmltv_id="MDR">MDR</channel>
    <channel update="i" site="port.hr" site_id="40065" xmltv_id="ORF 1">ORF 1</channel>
    <channel update="i" site="port.hr" site_id="40107" xmltv_id="ORF 2">ORF 2</channel>
    <channel update="i" site="port.hr" site_id="40137" xmltv_id="Sportska televizija">Sportska televizija</channel>
    <channel update="i" site="port.hr" site_id="40080" xmltv_id="Sport Klub 1">Sport Klub 1</channel>
    <channel update="i" site="port.hr" site_id="40115" xmltv_id="Sport Klub 2">Sport Klub 2</channel>
    <channel update="i" site="port.hr" site_id="40176" xmltv_id="Fight Channel">Fight Channel</channel>
    <channel update="i" site="port.hr" site_id="40045" xmltv_id="Eurosport">Eurosport</channel>
    <channel update="i" site="port.hr" site_id="40046" xmltv_id="Eurosport 2">Eurosport 2</channel>
    <channel update="i" site="port.hr" site_id="40060" xmltv_id="Sport 1">Sport 1</channel>
    <channel update="i" site="port.hr" site_id="40073" xmltv_id="Extreme Sports">Extreme Sports</channel>
    <channel update="i" site="port.hr" site_id="40031" xmltv_id="Motors TV">Motors TV</channel>
    <channel update="i" site="port.hr" site_id="40146" xmltv_id="Lov i Ribolov">Lov i Ribolov</channel>
    <channel update="i" site="port.hr" site_id="40181" xmltv_id="Arena Sport 1">Arena Sport 1</channel>
    <channel update="i" site="port.hr" site_id="40227" xmltv_id="Arena Sport 2">Arena Sport 2</channel>
    <channel update="i" site="port.hr" site_id="40228" xmltv_id="Arena Sport 3">Arena Sport 3</channel>
    <channel update="i" site="port.hr" site_id="40229" xmltv_id="Arena Sport 4">Arena Sport 4</channel>
    <channel update="i" site="port.hr" site_id="40092" xmltv_id="Mini TV">Mini TV</channel>
    <channel update="i" site="port.hr" site_id="40232" xmltv_id="RTL Kockica">RTL Kockica</channel>
    <channel update="i" site="port.hr" site_id="40143" xmltv_id="OK Bambino">OK Bambino</channel>
    <channel update="i" site="port.hr" site_id="40182" xmltv_id="Orlando Kids">Orlando Kids</channel>
    <channel update="i" site="port.hr" site_id="40078" xmltv_id="Baby TV">Baby TV</channel>
    <channel update="i" site="port.hr" site_id="40079" xmltv_id="Disney XD">Disney XD</channel>
    <channel update="i" site="port.hr" site_id="40151" xmltv_id="Disney Junior">Disney Junior</channel>
    <channel update="i" site="port.hr" site_id="40013" xmltv_id="Boomerang">Boomerang</channel>
    <channel update="i" site="port.hr" site_id="40028" xmltv_id="Nickelodeon">Nickelodeon</channel>
    <channel update="i" site="port.hr" site_id="40125" xmltv_id="KI.KA">KI.KA</channel>
    <channel update="i" site="port.hr" site_id="40066" xmltv_id="Rai Uno">Rai Uno</channel>
    <channel update="i" site="port.hr" site_id="40068" xmltv_id="Rai Due">Rai Due</channel>
    <channel update="i" site="port.hr" site_id="40090" xmltv_id="Italia 1">Italia 1</channel>
    <channel update="i" site="port.hr" site_id="40091" xmltv_id="Canale 5">Canale 5</channel>
    <channel update="i" site="port.hr" site_id="40108" xmltv_id="TV5 Monde">TV5 Monde</channel>
    <channel update="i" site="port.hr" site_id="40053" xmltv_id="National Geographic Channel">National Geographic Channel</channel>
    <channel update="i" site="port.hr" site_id="40074" xmltv_id="National Geographic Wild">National Geographic Wild</channel>
    <channel update="i" site="port.hr" site_id="40052" xmltv_id="Animal Planet">Animal Planet</channel>
    <channel update="i" site="port.hr" site_id="40049" xmltv_id="Discovery Channel">Discovery Channel</channel>
    <channel update="i" site="port.hr" site_id="40050" xmltv_id="Discovery World">Discovery World</channel>
    <channel update="i" site="port.hr" site_id="40072" xmltv_id="Discovery Science">Discovery Science</channel>
    <channel update="i" site="port.hr" site_id="40122" xmltv_id="Discovery Investigation">Discovery Investigation</channel>
    <channel update="i" site="port.hr" site_id="40044" xmltv_id="Viasat History">Viasat History</channel>
    <channel update="i" site="port.hr" site_id="40042" xmltv_id="Viasat Explore">Viasat Explore</channel>
    <channel update="i" site="port.hr" site_id="40114" xmltv_id="Viasat Nature">Viasat Nature</channel>
    <channel update="i" site="port.hr" site_id="40081" xmltv_id="History Channel">History Channel</channel>
    <channel update="i" site="port.hr" site_id="40175" xmltv_id="C&amp;I">C&amp;I</channel>
    <channel update="i" site="port.hr" site_id="40041" xmltv_id="CBS Reality">CBS Reality</channel>
    <channel update="i" site="port.hr" site_id="40123" xmltv_id="DaVinci Learning">DaVinci Learning</channel>
    <channel update="i" site="port.hr" site_id="40020" xmltv_id="Travel Channel">Travel Channel</channel>
    <channel update="i" site="port.hr" site_id="40144" xmltv_id="24Kitchen">24Kitchen</channel>
    <channel update="i" site="port.hr" site_id="40082" xmltv_id="Style">Style</channel>
    <channel update="i" site="port.hr" site_id="40021" xmltv_id="Fashion TV">Fashion TV</channel>
    <channel update="i" site="port.hr" site_id="40132" xmltv_id="Fine Living Network">Fine Living Network</channel>
    <channel update="i" site="port.hr" site_id="40086" xmltv_id="E!Entertainment">E!Entertainment</channel>
    <channel update="i" site="port.hr" site_id="40148" xmltv_id="Food Network">Food Network</channel>
    <channel update="i" site="port.hr" site_id="40136" xmltv_id="24 sata">24 sata</channel>
    <channel update="i" site="port.hr" site_id="40015" xmltv_id="CNN International Europe">CNN International Europe</channel>
    <channel update="i" site="port.hr" site_id="40019" xmltv_id="BBC World">BBC World</channel>
    <channel update="i" site="port.hr" site_id="40075" xmltv_id="CNBC">CNBC</channel>
    <channel update="i" site="port.hr" site_id="40096" xmltv_id="Deutsche Welle">Deutsche Welle</channel>
    <channel update="i" site="port.hr" site_id="40095" xmltv_id="Sky News">Sky News</channel>
    <channel update="i" site="port.hr" site_id="40097" xmltv_id="Bloomberg">Bloomberg</channel>
    <channel update="i" site="port.hr" site_id="40121" xmltv_id="Russia Today">Russia Today</channel>
    <channel update="i" site="port.hr" site_id="40180" xmltv_id="France 24">France 24</channel>
    <channel update="i" site="port.hr" site_id="40179" xmltv_id="Al Jazeera Balkans">Al Jazeera Balkans</channel>
    <channel update="i" site="port.hr" site_id="40111" xmltv_id="Al Jazeera English">Al Jazeera English</channel>
    <channel update="i" site="port.hr" site_id="40069" xmltv_id="Playboy TV">Playboy TV</channel>
    <channel update="i" site="port.hr" site_id="40077" xmltv_id="Brazzers TV Europe">Brazzers TV Europe</channel>
    <channel update="i" site="port.hr" site_id="40141" xmltv_id="Dorcel TV">Dorcel TV</channel>
    <channel update="i" site="port.hr" site_id="40142" xmltv_id="French Lover TV">French Lover TV</channel>
    <channel update="i" site="port.hr" site_id="40018" xmltv_id="Daring!TV">Daring!TV</channel>
    <channel update="i" site="port.hr" site_id="40017" xmltv_id="Hustler TV">Hustler TV</channel>
    <channel update="i" site="port.hr" site_id="40103" xmltv_id="Blue Hustler">Blue Hustler</channel>
    <channel update="i" site="port.hr" site_id="40149" xmltv_id="Private TV">Private TV</channel>
    <channel update="i" site="port.hr" site_id="40236" xmltv_id="SuperOne">SuperOne</channel>
  </channels>
</site>