﻿<?xml version="1.0" encoding="UTF-8"?>
<site generator-info-name="WebGrab+Plus/w MDB &amp; REX Postprocess -- version 1.1.1/49pre -- Jan van Straaten" site="astro.com.my">
  <channels>
    <channel update="i" site="astro.com.my" site_id="1" xmltv_id="HBO">HBO</channel>
    <channel update="i" site="astro.com.my" site_id="2" xmltv_id="Astro Wah Lai Toi">Astro Wah Lai Toi</channel>
    <channel update="i" site="astro.com.my" site_id="4" xmltv_id="Astro Prima">Astro Prima</channel>
    <channel update="i" site="astro.com.my" site_id="5" xmltv_id="SUN TV">SUN TV</channel>
    <channel update="i" site="astro.com.my" site_id="6" xmltv_id="Astro Vaanavil">Astro Vaanavil</channel>
    <channel update="i" site="astro.com.my" site_id="7" xmltv_id="TVB Xing He">TVB Xing He</channel>
    <channel update="i" site="astro.com.my" site_id="8" xmltv_id="Disney Channel">Disney Channel</channel>
    <channel update="i" site="astro.com.my" site_id="9" xmltv_id="Astro Best SD5">Astro Best SD5</channel>
    <channel update="i" site="astro.com.my" site_id="10" xmltv_id="Astro HUA HEE DAI">Astro HUA HEE DAI</channel>
    <channel update="i" site="astro.com.my" site_id="11" xmltv_id="Astro SuperSport 2">Astro SuperSport 2</channel>
    <channel update="i" site="astro.com.my" site_id="12" xmltv_id="FOX Movies Premium">FOX Movies Premium</channel>
    <channel update="i" site="astro.com.my" site_id="13" xmltv_id="National Geographic Channel">National Geographic Channel</channel>
    <channel update="i" site="astro.com.my" site_id="14" xmltv_id="Cartoon Network">Cartoon Network</channel>
    <channel update="i" site="astro.com.my" site_id="15" xmltv_id="ERA">ERA</channel>
    <channel update="i" site="astro.com.my" site_id="16" xmltv_id="MY FM">MY FM</channel>
    <channel update="i" site="astro.com.my" site_id="17" xmltv_id="Opus">Opus</channel>
    <channel update="i" site="astro.com.my" site_id="18" xmltv_id="hitz.fm">hitz.fm</channel>
    <channel update="i" site="astro.com.my" site_id="19" xmltv_id="MIX FM">MIX FM</channel>
    <channel update="i" site="astro.com.my" site_id="20" xmltv_id="LITE FM">LITE FM</channel>
    <channel update="i" site="astro.com.my" site_id="21" xmltv_id="Classic Rock">Classic Rock</channel>
    <channel update="i" site="astro.com.my" site_id="22" xmltv_id="Gold">Gold</channel>
    <channel update="i" site="astro.com.my" site_id="23" xmltv_id="THR Gegar">THR Gegar</channel>
    <channel update="i" site="astro.com.my" site_id="24" xmltv_id="India Beat">India Beat</channel>
    <channel update="i" site="astro.com.my" site_id="25" xmltv_id="Jazz">Jazz</channel>
    <channel update="i" site="astro.com.my" site_id="26" xmltv_id="Radio Nasional FM">Radio Nasional FM</channel>
    <channel update="i" site="astro.com.my" site_id="27" xmltv_id="Sinar FM">Sinar FM</channel>
    <channel update="i" site="astro.com.my" site_id="28" xmltv_id="Osai FM">Osai FM</channel>
    <channel update="i" site="astro.com.my" site_id="29" xmltv_id="Melody FM">Melody FM</channel>
    <channel update="i" site="astro.com.my" site_id="30" xmltv_id="Radio Sabah V FM">Radio Sabah V FM</channel>
    <channel update="i" site="astro.com.my" site_id="31" xmltv_id="THR Raaga">THR Raaga</channel>
    <channel update="i" site="astro.com.my" site_id="32" xmltv_id="Bayu FM">Bayu FM</channel>
    <channel update="i" site="astro.com.my" site_id="33" xmltv_id="Kenyalang">Kenyalang</channel>
    <channel update="i" site="astro.com.my" site_id="34" xmltv_id="Astro On Demand 924">Astro On Demand 924</channel>
    <channel update="i" site="astro.com.my" site_id="35" xmltv_id="Astro On Demand 925">Astro On Demand 925</channel>
    <channel update="i" site="astro.com.my" site_id="36" xmltv_id="Raj TV">Raj TV</channel>
    <channel update="i" site="astro.com.my" site_id="38" xmltv_id="AXN">AXN</channel>
    <channel update="i" site="astro.com.my" site_id="39" xmltv_id="TVBS Asia">TVBS Asia</channel>
    <channel update="i" site="astro.com.my" site_id="40" xmltv_id="MTV Asia">MTV Asia</channel>
    <channel update="i" site="astro.com.my" site_id="41" xmltv_id="Discovery Science">Discovery Science</channel>
    <channel update="i" site="astro.com.my" site_id="42" xmltv_id="Eurosport">Eurosport</channel>
    <channel update="i" site="astro.com.my" site_id="43" xmltv_id="BBC World">BBC World</channel>
    <channel update="i" site="astro.com.my" site_id="44" xmltv_id="Animal Planet">Animal Planet</channel>
    <channel update="i" site="astro.com.my" site_id="45" xmltv_id="CNBC Asia">CNBC Asia</channel>
    <channel update="i" site="astro.com.my" site_id="46" xmltv_id="Arabic Radio &amp; TV Variety">Arabic Radio &amp; TV Variety</channel>
    <channel update="i" site="astro.com.my" site_id="47" xmltv_id="Phoenix Info News">Phoenix Info News</channel>
    <channel update="i" site="astro.com.my" site_id="48" xmltv_id="CCTV News">CCTV News</channel>
    <channel update="i" site="astro.com.my" site_id="49" xmltv_id="Disney Junior">Disney Junior</channel>
    <channel update="i" site="astro.com.my" site_id="50" xmltv_id="KBS World">KBS World</channel>
    <channel update="i" site="astro.com.my" site_id="51" xmltv_id="Makkal TV">Makkal TV</channel>
    <channel update="i" site="astro.com.my" site_id="52" xmltv_id="Channel 9">Channel 9</channel>
    <channel update="i" site="astro.com.my" site_id="53" xmltv_id="Astro Xiao Tai Yang">Astro Xiao Tai Yang</channel>
    <channel update="i" site="astro.com.my" site_id="54" xmltv_id="Nickelodeon">Nickelodeon</channel>
    <channel update="i" site="astro.com.my" site_id="55" xmltv_id="Chutti TV">Chutti TV</channel>
    <channel update="i" site="astro.com.my" site_id="56" xmltv_id="Astro Box Office Sport 1">Astro Box Office Sport 1</channel>
    <channel update="i" site="astro.com.my" site_id="57" xmltv_id="ABOM Tayangan Hebat 953">ABOM Tayangan Hebat 953</channel>
    <channel update="i" site="astro.com.my" site_id="58" xmltv_id="Australia Network">Australia Network</channel>
    <channel update="i" site="astro.com.my" site_id="59" xmltv_id="Astro Warna">Astro Warna</channel>
    <channel update="i" site="astro.com.my" site_id="60" xmltv_id="Astro On Demand 926">Astro On Demand 926</channel>
    <channel update="i" site="astro.com.my" site_id="61" xmltv_id="Discovery Channel">Discovery Channel</channel>
    <channel update="i" site="astro.com.my" site_id="62" xmltv_id="Astro Ceria">Astro Ceria</channel>
    <channel update="i" site="astro.com.my" site_id="63" xmltv_id="Phoenix Chinese Channel">Phoenix Chinese Channel</channel>
    <channel update="i" site="astro.com.my" site_id="64" xmltv_id="TVBE News">TVBE News</channel>
    <channel update="i" site="astro.com.my" site_id="65" xmltv_id="FOX Sports News">FOX Sports News</channel>
    <channel update="i" site="astro.com.my" site_id="66" xmltv_id="Astro On Demand 927">Astro On Demand 927</channel>
    <channel update="i" site="astro.com.my" site_id="67" xmltv_id="Tutor TV">Tutor TV</channel>
    <channel update="i" site="astro.com.my" site_id="68" xmltv_id="Astro On Demand 928">Astro On Demand 928</channel>
    <channel update="i" site="astro.com.my" site_id="69" xmltv_id="Astro On Demand 929">Astro On Demand 929</channel>
    <channel update="i" site="astro.com.my" site_id="70" xmltv_id="Astro Citra">Astro Citra</channel>
    <channel update="i" site="astro.com.my" site_id="71" xmltv_id="The Biography Channel">The Biography Channel</channel>
    <channel update="i" site="astro.com.my" site_id="72" xmltv_id="Astro Vellithirai">Astro Vellithirai</channel>
    <channel update="i" site="astro.com.my" site_id="73" xmltv_id="MAX">MAX</channel>
    <channel update="i" site="astro.com.my" site_id="74" xmltv_id="National Geographic Wild">National Geographic Wild</channel>
    <channel update="i" site="astro.com.my" site_id="75" xmltv_id="Astro On Demand 921">Astro On Demand 921</channel>
    <channel update="i" site="astro.com.my" site_id="76" xmltv_id="Astro On Demand 922">Astro On Demand 922</channel>
    <channel update="i" site="astro.com.my" site_id="77" xmltv_id="Astro On Demand 923">Astro On Demand 923</channel>
    <channel update="i" site="astro.com.my" site_id="78" xmltv_id="Adithya">Adithya</channel>
    <channel update="i" site="astro.com.my" site_id="79" xmltv_id="CNN">CNN</channel>
    <channel update="i" site="astro.com.my" site_id="80" xmltv_id="Astro SuperSport 3">Astro SuperSport 3</channel>
    <channel update="i" site="astro.com.my" site_id="81" xmltv_id="Astro Oasis">Astro Oasis</channel>
    <channel update="i" site="astro.com.my" site_id="82" xmltv_id="Astro SuperSport">Astro SuperSport</channel>
    <channel update="i" site="astro.com.my" site_id="83" xmltv_id="STAR Sports">STAR Sports</channel>
    <channel update="i" site="astro.com.my" site_id="84" xmltv_id="Astro Ria">Astro Ria</channel>
    <channel update="i" site="astro.com.my" site_id="85" xmltv_id="FOX Sports">FOX Sports</channel>
    <channel update="i" site="astro.com.my" site_id="86" xmltv_id="STAR WORLD">STAR WORLD</channel>
    <channel update="i" site="astro.com.my" site_id="87" xmltv_id="Diva Universal">Diva Universal</channel>
    <channel update="i" site="astro.com.my" site_id="88" xmltv_id="Astro Bella">Astro Bella</channel>
    <channel update="i" site="astro.com.my" site_id="89" xmltv_id="Bloomberg Television">Bloomberg Television</channel>
    <channel update="i" site="astro.com.my" site_id="90" xmltv_id="Golf Channel">Golf Channel</channel>
    <channel update="i" site="astro.com.my" site_id="91" xmltv_id="Disney XD">Disney XD</channel>
    <channel update="i" site="astro.com.my" site_id="92" xmltv_id="Astro AEC">Astro AEC</channel>
    <channel update="i" site="astro.com.my" site_id="93" xmltv_id="ZEE VARIASI">ZEE VARIASI</channel>
    <channel update="i" site="astro.com.my" site_id="94" xmltv_id="Sun Music">Sun Music</channel>
    <channel update="i" site="astro.com.my" site_id="95" xmltv_id="E! Entertainment">E! Entertainment</channel>
    <channel update="i" site="astro.com.my" site_id="96" xmltv_id="Astro Awani">Astro Awani</channel>
    <channel update="i" site="astro.com.my" site_id="97" xmltv_id="Jia Yu">Jia Yu</channel>
    <channel update="i" site="astro.com.my" site_id="98" xmltv_id="Animax">Animax</channel>
    <channel update="i" site="astro.com.my" site_id="99" xmltv_id="Astro On Demand 902">Astro On Demand 902</channel>
    <channel update="i" site="astro.com.my" site_id="100" xmltv_id="Bintang">Bintang</channel>
    <channel update="i" site="astro.com.my" site_id="101" xmltv_id="Astro Box Office Sport 2">Astro Box Office Sport 2</channel>
    <channel update="i" site="astro.com.my" site_id="102" xmltv_id="Pelangi">Pelangi</channel>
    <channel update="i" site="astro.com.my" site_id="103" xmltv_id="CCTV4">CCTV4</channel>
    <channel update="i" site="astro.com.my" site_id="104" xmltv_id="Asian Food Channel">Asian Food Channel</channel>
    <channel update="i" site="astro.com.my" site_id="105" xmltv_id="Astro Arena">Astro Arena</channel>
    <channel update="i" site="astro.com.my" site_id="106" xmltv_id="NTV7">NTV7</channel>
    <channel update="i" site="astro.com.my" site_id="107" xmltv_id="BabyTV">BabyTV</channel>
    <channel update="i" site="astro.com.my" site_id="108" xmltv_id="RTM 1">RTM 1</channel>
    <channel update="i" site="astro.com.my" site_id="109" xmltv_id="Astro On Demand 934">Astro On Demand 934</channel>
    <channel update="i" site="astro.com.my" site_id="111" xmltv_id="Astro Shuang Xing">Astro Shuang Xing</channel>
    <channel update="i" site="astro.com.my" site_id="112" xmltv_id="TVi">TVi</channel>
    <channel update="i" site="astro.com.my" site_id="113" xmltv_id="ABOM Thangathirai">ABOM Thangathirai</channel>
    <channel update="i" site="astro.com.my" site_id="114" xmltv_id="TVB Classic">TVB Classic</channel>
    <channel update="i" site="astro.com.my" site_id="115" xmltv_id="Kalaignar TV">Kalaignar TV</channel>
    <channel update="i" site="astro.com.my" site_id="116" xmltv_id="Discovery Home and Health">Discovery Home and Health</channel>
    <channel update="i" site="astro.com.my" site_id="117" xmltv_id="Al Jazeera English">Al Jazeera English</channel>
    <channel update="i" site="astro.com.my" site_id="118" xmltv_id="Discovery Turbo">Discovery Turbo</channel>
    <channel update="i" site="astro.com.my" site_id="119" xmltv_id="RTM 2">RTM 2</channel>
    <channel update="i" site="astro.com.my" site_id="120" xmltv_id="iView">iView</channel>
    <channel update="i" site="astro.com.my" site_id="121" xmltv_id="Crime and Investigation Network">Crime and Investigation Network</channel>
    <channel update="i" site="astro.com.my" site_id="122" xmltv_id="TV3">TV3</channel>
    <channel update="i" site="astro.com.my" site_id="123" xmltv_id="TLC">TLC</channel>
    <channel update="i" site="astro.com.my" site_id="124" xmltv_id="CTI Asia">CTI Asia</channel>
    <channel update="i" site="astro.com.my" site_id="125" xmltv_id="ABOM Tayangan Hebat 952">ABOM Tayangan Hebat 952</channel>
    <channel update="i" site="astro.com.my" site_id="127" xmltv_id="Celestial Movies">Celestial Movies</channel>
    <channel update="i" site="astro.com.my" site_id="128" xmltv_id="Astro Hitz">Astro Hitz</channel>
    <channel update="i" site="astro.com.my" site_id="129" xmltv_id="NHK World">NHK World</channel>
    <channel update="i" site="astro.com.my" site_id="130" xmltv_id="HISTORY">HISTORY</channel>
    <channel update="i" site="astro.com.my" site_id="132" xmltv_id="Astro On Demand 901">Astro On Demand 901</channel>
    <channel update="i" site="astro.com.my" site_id="133" xmltv_id="Astro On Demand 903">Astro On Demand 903</channel>
    <channel update="i" site="astro.com.my" site_id="134" xmltv_id="Astro On Demand 904">Astro On Demand 904</channel>
    <channel update="i" site="astro.com.my" site_id="135" xmltv_id="Astro On Demand 905">Astro On Demand 905</channel>
    <channel update="i" site="astro.com.my" site_id="136" xmltv_id="Astro On Demand 906">Astro On Demand 906</channel>
    <channel update="i" site="astro.com.my" site_id="137" xmltv_id="Astro On Demand 907">Astro On Demand 907</channel>
    <channel update="i" site="astro.com.my" site_id="138" xmltv_id="Astro On Demand 908">Astro On Demand 908</channel>
    <channel update="i" site="astro.com.my" site_id="139" xmltv_id="8TV">8TV</channel>
    <channel update="i" site="astro.com.my" site_id="140" xmltv_id="Jaya TV">Jaya TV</channel>
    <channel update="i" site="astro.com.my" site_id="141" xmltv_id="FOX">FOX</channel>
    <channel update="i" site="astro.com.my" site_id="142" xmltv_id="ITV Choice">ITV Choice</channel>
    <channel update="i" site="astro.com.my" site_id="143" xmltv_id="Astro TVIQ">Astro TVIQ</channel>
    <channel update="i" site="astro.com.my" site_id="145" xmltv_id="Astro First SD 1">Astro First SD 1</channel>
    <channel update="i" site="astro.com.my" site_id="146" xmltv_id="Astro First SD 2">Astro First SD 2</channel>
    <channel update="i" site="astro.com.my" site_id="147" xmltv_id="Astro First SD 3">Astro First SD 3</channel>
    <channel update="i" site="astro.com.my" site_id="148" xmltv_id="Astro First SD 4">Astro First SD 4</channel>
    <channel update="i" site="astro.com.my" site_id="149" xmltv_id="Astro First SD 5">Astro First SD 5</channel>
    <channel update="i" site="astro.com.my" site_id="150" xmltv_id="Astro First SD 6">Astro First SD 6</channel>
    <channel update="i" site="astro.com.my" site_id="151" xmltv_id="Astro First SD 7">Astro First SD 7</channel>
    <channel update="i" site="astro.com.my" site_id="152" xmltv_id="Astro First SD 8">Astro First SD 8</channel>
    <channel update="i" site="astro.com.my" site_id="153" xmltv_id="Tutor TV PMR">Tutor TV PMR</channel>
    <channel update="i" site="astro.com.my" site_id="154" xmltv_id="Tutor TV SPM">Tutor TV SPM</channel>
    <channel update="i" site="astro.com.my" site_id="155" xmltv_id="Astro First Mosaic">Astro First Mosaic</channel>
    <channel update="i" site="astro.com.my" site_id="156" xmltv_id="Astro First HD 1">Astro First HD 1</channel>
    <channel update="i" site="astro.com.my" site_id="157" xmltv_id="Astro Best HD2">Astro Best HD2</channel>
    <channel update="i" site="astro.com.my" site_id="159" xmltv_id="Astro Zhi Zun HD">Astro Zhi Zun HD</channel>
    <channel update="i" site="astro.com.my" site_id="162" xmltv_id="Li HD">Li HD</channel>
    <channel update="i" site="astro.com.my" site_id="163" xmltv_id="AXN HD">AXN HD</channel>
    <channel update="i" site="astro.com.my" site_id="164" xmltv_id="FX HD">FX HD</channel>
    <channel update="i" site="astro.com.my" site_id="165" xmltv_id="One HD">One HD</channel>
    <channel update="i" site="astro.com.my" site_id="166" xmltv_id="Celestial Movies HD">Celestial Movies HD</channel>
    <channel update="i" site="astro.com.my" site_id="167" xmltv_id="Sundance HD">Sundance HD</channel>
    <channel update="i" site="astro.com.my" site_id="168" xmltv_id="Discovery HD World">Discovery HD World</channel>
    <channel update="i" site="astro.com.my" site_id="169" xmltv_id="Star World HD">Star World HD</channel>
    <channel update="i" site="astro.com.my" site_id="170" xmltv_id="Astro SuperSport HD 2">Astro SuperSport HD 2</channel>
    <channel update="i" site="astro.com.my" site_id="172" xmltv_id="National Geographic HD">National Geographic HD</channel>
    <channel update="i" site="astro.com.my" site_id="173" xmltv_id="FOX Sports Plus HD">FOX Sports Plus HD</channel>
    <channel update="i" site="astro.com.my" site_id="174" xmltv_id="Astro First HD 2">Astro First HD 2</channel>
    <channel update="i" site="astro.com.my" site_id="175" xmltv_id="HBO HD">HBO HD</channel>
    <channel update="i" site="astro.com.my" site_id="176" xmltv_id="The History Channel HD (Mal)">The History Channel HD (Mal)</channel>
    <channel update="i" site="astro.com.my" site_id="180" xmltv_id="Astro Best Mosaic">Astro Best Mosaic</channel>
    <channel update="i" site="astro.com.my" site_id="181" xmltv_id="Radio Wai FM">Radio Wai FM</channel>
    <channel update="i" site="astro.com.my" site_id="182" xmltv_id="Astro Best SD4">Astro Best SD4</channel>
    <channel update="i" site="astro.com.my" site_id="183" xmltv_id="Astro Best SD2">Astro Best SD2</channel>
    <channel update="i" site="astro.com.my" site_id="184" xmltv_id="Astro Best HD3">Astro Best HD3</channel>
    <channel update="i" site="astro.com.my" site_id="185" xmltv_id="Al-Hijrah">Al-Hijrah</channel>
    <channel update="i" site="astro.com.my" site_id="186" xmltv_id="Astro Best3">Astro Best3</channel>
    <channel update="i" site="astro.com.my" site_id="187" xmltv_id="Fox Movies Premium HD">Fox Movies Premium HD</channel>
    <channel update="i" site="astro.com.my" site_id="188" xmltv_id="Astro Best HD1">Astro Best HD1</channel>
    <channel update="i" site="astro.com.my" site_id="190" xmltv_id="Food Network Asia HD">Food Network Asia HD</channel>
    <channel update="i" site="astro.com.my" site_id="191" xmltv_id="Astro SuperSport HD">Astro SuperSport HD</channel>
    <channel update="i" site="astro.com.my" site_id="192" xmltv_id="Sky News HD">Sky News HD</channel>
    <channel update="i" site="astro.com.my" site_id="193" xmltv_id="Mustika HD">Mustika HD</channel>
    <channel update="i" site="astro.com.my" site_id="194" xmltv_id="KIX HD">KIX HD</channel>
    <channel update="i" site="astro.com.my" site_id="195" xmltv_id="BeTV HD">BeTV HD</channel>
    <channel update="i" site="astro.com.my" site_id="196" xmltv_id="Astro Quan Jia HD">Astro Quan Jia HD</channel>
    <channel update="i" site="astro.com.my" site_id="197" xmltv_id="Star Vijay">Star Vijay</channel>
    <channel update="i" site="astro.com.my" site_id="199" xmltv_id="Bernama TV">Bernama TV</channel>
    <channel update="i" site="astro.com.my" site_id="201" xmltv_id="Astro On Demand 931">Astro On Demand 931</channel>
    <channel update="i" site="astro.com.my" site_id="202" xmltv_id="Astro On Demand 932">Astro On Demand 932</channel>
    <channel update="i" site="astro.com.my" site_id="203" xmltv_id="Astro On Demand 933">Astro On Demand 933</channel>
    <channel update="i" site="astro.com.my" site_id="204" xmltv_id="Astro On Demand 935">Astro On Demand 935</channel>
    <channel update="i" site="astro.com.my" site_id="205" xmltv_id="KBS World HD">KBS World HD</channel>
  </channels>
</site>