﻿<?xml version="1.0" encoding="UTF-8"?>
<site generator-info-name="WebGrab+Plus/w MDB &amp; REX Postprocess -- version 1.1.1/50pre -- Jan van Straaten" site="www.tm.com.my">
  <channels>
    <channel update="i" site="tm.com.my" site_id="101 Cat=1" xmltv_id="TV1">TV1</channel>
    <channel update="i" site="tm.com.my" site_id="102 Cat=1" xmltv_id="TV2">TV2</channel>
    <channel update="i" site="tm.com.my" site_id="103 Cat=1" xmltv_id="TV3">TV3</channel>
    <channel update="i" site="tm.com.my" site_id="107 Cat=1" xmltv_id="NTV7">NTV7</channel>
    <channel update="i" site="tm.com.my" site_id="108 Cat=1" xmltv_id="8TV">8TV</channel>
    <channel update="i" site="tm.com.my" site_id="109 Cat=1" xmltv_id="TV9">TV9</channel>
    <channel update="i" site="tm.com.my" site_id="114 Cat=1" xmltv_id="Al Hijrah">Al Hijrah</channel>
    <channel update="i" site="tm.com.my" site_id="402 Cat=2" xmltv_id="Euronews">Euronews</channel>
    <channel update="i" site="tm.com.my" site_id="403 Cat=2" xmltv_id="DW">DW</channel>
    <channel update="i" site="tm.com.my" site_id="404 Cat=2" xmltv_id="France 24">France 24</channel>
    <channel update="i" site="tm.com.my" site_id="410 Cat=2" xmltv_id="Bernama TV">Bernama TV</channel>
    <channel update="i" site="tm.com.my" site_id="411 Cat=2" xmltv_id="Channel NewsAsia">Channel NewsAsia</channel>
    <channel update="i" site="tm.com.my" site_id="412 Cat=2" xmltv_id="Al Jazeera">Al Jazeera</channel>
    <channel update="i" site="tm.com.my" site_id="420 Cat=2" xmltv_id="The Capital">The Capital</channel>
    <channel update="i" site="tm.com.my" site_id="421 Cat=2" xmltv_id="Bloomberg TV">Bloomberg TV</channel>
    <channel update="i" site="tm.com.my" site_id="401 Cat=3" xmltv_id="Australia Network">Australia Network</channel>
    <channel update="i" site="tm.com.my" site_id="610 Cat=3" xmltv_id="FOX Crime HD">FOX Crime HD</channel>
    <channel update="i" site="tm.com.my" site_id="611 Cat=3" xmltv_id="Syfy HD">Syfy HD</channel>
    <channel update="i" site="tm.com.my" site_id="612 Cat=3" xmltv_id="Universal Channel HD">Universal Channel HD</channel>
    <channel update="i" site="tm.com.my" site_id="613 Cat=3" xmltv_id="Warner TV">Warner TV</channel>
    <channel update="i" site="tm.com.my" site_id="614 Cat=3" xmltv_id="BBC Entertainment">BBC Entertainment</channel>
    <channel update="i" site="tm.com.my" site_id="143 Cat=4" xmltv_id="Fashion TV">Fashion TV</channel>
    <channel update="i" site="tm.com.my" site_id="602 Cat=4" xmltv_id="MTV Live HD">MTV Live HD</channel>
    <channel update="i" site="tm.com.my" site_id="603 Cat=4" xmltv_id="iConcerts HD">iConcerts HD</channel>
    <channel update="i" site="tm.com.my" site_id="604 Cat=4" xmltv_id="Nat Geo Music">Nat Geo Music</channel>
    <channel update="i" site="tm.com.my" site_id="620 Cat=4" xmltv_id="BBC Lifestyle">BBC Lifestyle</channel>
    <channel update="i" site="tm.com.my" site_id="622 Cat=4" xmltv_id="LUXE.TV HD">LUXE.TV HD</channel>
    <channel update="i" site="tm.com.my" site_id="623 Cat=4" xmltv_id="Fashion TV HD">Fashion TV HD</channel>
    <channel update="i" site="tm.com.my" site_id="701 Cat=4" xmltv_id="HyppSports HD">HyppSports HD</channel>
    <channel update="i" site="tm.com.my" site_id="702 Cat=4" xmltv_id="HyppSports2 HD">HyppSports2 HD</channel>
    <channel update="i" site="tm.com.my" site_id="703 Cat=4" xmltv_id="HyppSports3 HD">HyppSports3 HD</channel>
    <channel update="i" site="tm.com.my" site_id="704 Cat=4" xmltv_id="HyppSports4 HD">HyppSports4 HD</channel>
    <channel update="i" site="tm.com.my" site_id="705 Cat=4" xmltv_id="MUTV">MUTV</channel>
    <channel update="i" site="tm.com.my" site_id="707 Cat=4" xmltv_id="FOX Football">FOX Football</channel>
    <channel update="i" site="tm.com.my" site_id="710 Cat=4" xmltv_id="Trace Sports HD">Trace Sports HD</channel>
    <channel update="i" site="tm.com.my" site_id="711 Cat=4" xmltv_id="Outdooor Channel HD">Outdooor Channel HD</channel>
    <channel update="i" site="tm.com.my" site_id="111 Cat=5" xmltv_id="EC Inspirasi">EC Inspirasi</channel>
    <channel update="i" site="tm.com.my" site_id="112 Cat=5" xmltv_id="EMAS">EMAS</channel>
    <channel update="i" site="tm.com.my" site_id="113 Cat=5" xmltv_id="Hikmah">Hikmah</channel>
    <channel update="i" site="tm.com.my" site_id="115 Cat=5" xmltv_id="MNC International">MNC International</channel>
    <channel update="i" site="tm.com.my" site_id="201 Cat=5" xmltv_id="now International HD">now International HD</channel>
    <channel update="i" site="tm.com.my" site_id="205 Cat=5" xmltv_id="now Mango">now Mango</channel>
    <channel update="i" site="tm.com.my" site_id="206 Cat=5" xmltv_id="STAR Chinese Channel">STAR Chinese Channel</channel>
    <channel update="i" site="tm.com.my" site_id="207 Cat=5" xmltv_id="Channel [V] Taiwan">Channel [V] Taiwan</channel>
    <channel update="i" site="tm.com.my" site_id="208 Cat=5" xmltv_id="TVB 8">TVB 8</channel>
    <channel update="i" site="tm.com.my" site_id="209 Cat=5" xmltv_id="SETI">SETI</channel>
    <channel update="i" site="tm.com.my" site_id="221 Cat=5" xmltv_id="now Hairun">now Hairun</channel>
    <channel update="i" site="tm.com.my" site_id="226 Cat=5" xmltv_id="Star Chinese Movies Legend">Star Chinese Movies Legend</channel>
    <channel update="i" site="tm.com.my" site_id="227 Cat=5" xmltv_id="Screen RED">Screen RED</channel>
    <channel update="i" site="tm.com.my" site_id="301 Cat=5" xmltv_id="UTV Stars">UTV Stars</channel>
    <channel update="i" site="tm.com.my" site_id="302 Cat=5" xmltv_id="Polimer">Polimer</channel>
    <channel update="i" site="tm.com.my" site_id="305 Cat=5" xmltv_id="UTV Bindass">UTV Bindass</channel>
    <channel update="i" site="tm.com.my" site_id="306 Cat=5" xmltv_id="Jaya Max">Jaya Max</channel>
    <channel update="i" site="tm.com.my" site_id="307 Cat=5" xmltv_id="UTV Movies">UTV Movies</channel>
    <channel update="i" site="tm.com.my" site_id="308 Cat=5" xmltv_id="Sony Max">Sony Max</channel>
    <channel update="i" site="tm.com.my" site_id="601 Cat=5" xmltv_id="M HD">M HD</channel>
    <channel update="i" site="tm.com.my" site_id="501 Cat=6" xmltv_id="BBC Knowledge">BBC Knowledge</channel>
    <channel update="i" site="tm.com.my" site_id="503 Cat=6" xmltv_id="Nat Geo Adventure">Nat Geo Adventure</channel>
    <channel update="i" site="tm.com.my" site_id="621 Cat=6" xmltv_id="Travel Channel">Travel Channel</channel>
    <channel update="i" site="tm.com.my" site_id="551 Cat=7" xmltv_id="BabyFirst TV">BabyFirst TV</channel>
    <channel update="i" site="tm.com.my" site_id="552 Cat=7" xmltv_id="Nick Jr">Nick Jr</channel>
    <channel update="i" site="tm.com.my" site_id="553 Cat=7" xmltv_id="CBeebies">CBeebies</channel>
    <channel update="i" site="tm.com.my" site_id="560 Cat=7" xmltv_id="Kids Co">Kids Co</channel>
    <channel update="i" site="tm.com.my" site_id="561 Cat=7" xmltv_id="Discovery Kids">Discovery Kids</channel>
  </channels>
</site>