﻿<?xml version="1.0" encoding="UTF-8"?>
<site generator-info-name="WebGrab+Plus/w MDB &amp; REX Postprocess -- version 1.1.1/55.09 -- Jan van Straaten" site="open.telekom.rs">
  <channels>
    <channel update="i" site="open.telekom.rs" site_id="40" xmltv_id="101 RTS1">101 RTS1</channel>
    <channel update="i" site="open.telekom.rs" site_id="18" xmltv_id="102 RTS 2">102 RTS 2</channel>
    <channel update="i" site="open.telekom.rs" site_id="718" xmltv_id="103 TV NOVA">103 TV NOVA</channel>
    <channel update="i" site="open.telekom.rs" site_id="23" xmltv_id="104 B92">104 B92</channel>
    <channel update="i" site="open.telekom.rs" site_id="14" xmltv_id="105 PRVA Srpska Televizija">105 PRVA Srpska Televizija</channel>
    <channel update="i" site="open.telekom.rs" site_id="1" xmltv_id="106 TV PINK">106 TV PINK</channel>
    <channel update="i" site="open.telekom.rs" site_id="464" xmltv_id="107 Happy K / HAPPY TV">107 Happy K / HAPPY TV</channel>
    <channel update="i" site="open.telekom.rs" site_id="582" xmltv_id="108 Pink 2">108 Pink 2</channel>
    <channel update="i" site="open.telekom.rs" site_id="626" xmltv_id="109 Pink 3">109 Pink 3</channel>
    <channel update="i" site="open.telekom.rs" site_id="74" xmltv_id="110 RTS Digital">110 RTS Digital</channel>
    <channel update="i" site="open.telekom.rs" site_id="744" xmltv_id="149 Skaj Plus Vremeplov">149 Skaj Plus Vremeplov</channel>
    <channel update="i" site="open.telekom.rs" site_id="610" xmltv_id="150 Skaj Plus TV">150 Skaj Plus TV</channel>
    <channel update="i" site="open.telekom.rs" site_id="743" xmltv_id="151 Skaj Plus Party">151 Skaj Plus Party</channel>
    <channel update="i" site="open.telekom.rs" site_id="20" xmltv_id="152 SOS">152 SOS</channel>
    <channel update="i" site="open.telekom.rs" site_id="21" xmltv_id="154 Studio B">154 Studio B</channel>
    <channel update="i" site="open.telekom.rs" site_id="724" xmltv_id="174 Pink Western">174 Pink Western</channel>
    <channel update="i" site="open.telekom.rs" site_id="725" xmltv_id="175 Pink Style">175 Pink Style</channel>
    <channel update="i" site="open.telekom.rs" site_id="726" xmltv_id="176 Pink Classic">176 Pink Classic</channel>
    <channel update="i" site="open.telekom.rs" site_id="733" xmltv_id="177 Bravo Music">177 Bravo Music</channel>
    <channel update="i" site="open.telekom.rs" site_id="664" xmltv_id="179 Pink Pedia">179 Pink Pedia</channel>
    <channel update="i" site="open.telekom.rs" site_id="660" xmltv_id="180 Pink Comedy">180 Pink Comedy</channel>
    <channel update="i" site="open.telekom.rs" site_id="661" xmltv_id="181 Pink Horror">181 Pink Horror</channel>
    <channel update="i" site="open.telekom.rs" site_id="669" xmltv_id="182 Pink Music 4">182 Pink Music 4</channel>
    <channel update="i" site="open.telekom.rs" site_id="670" xmltv_id="183 Pink Music 5">183 Pink Music 5</channel>
    <channel update="i" site="open.telekom.rs" site_id="633" xmltv_id="184 Pink Reality">184 Pink Reality</channel>
    <channel update="i" site="open.telekom.rs" site_id="628" xmltv_id="185 Pink Premium">185 Pink Premium</channel>
    <channel update="i" site="open.telekom.rs" site_id="624" xmltv_id="186 Pink Movies 2">186 Pink Movies 2</channel>
    <channel update="i" site="open.telekom.rs" site_id="625" xmltv_id="187 Pink Movies 3">187 Pink Movies 3</channel>
    <channel update="i" site="open.telekom.rs" site_id="622" xmltv_id="188 Pink Action 2">188 Pink Action 2</channel>
    <channel update="i" site="open.telekom.rs" site_id="623" xmltv_id="189 Pink Action 3">189 Pink Action 3</channel>
    <channel update="i" site="open.telekom.rs" site_id="634" xmltv_id="190 Pink Music 2">190 Pink Music 2</channel>
    <channel update="i" site="open.telekom.rs" site_id="635" xmltv_id="191 Pink Music 3">191 Pink Music 3</channel>
    <channel update="i" site="open.telekom.rs" site_id="636" xmltv_id="192 Pink Folk 2">192 Pink Folk 2</channel>
    <channel update="i" site="open.telekom.rs" site_id="637" xmltv_id="193 Pink&amp;Roll">193 Pink&amp;Roll</channel>
    <channel update="i" site="open.telekom.rs" site_id="627" xmltv_id="194 Pink Soap">194 Pink Soap</channel>
    <channel update="i" site="open.telekom.rs" site_id="595" xmltv_id="195 Pink Family">195 Pink Family</channel>
    <channel update="i" site="open.telekom.rs" site_id="599" xmltv_id="196 Pink World">196 Pink World</channel>
    <channel update="i" site="open.telekom.rs" site_id="662" xmltv_id="197 Srpska naučna televizija">197 Srpska naučna televizija</channel>
    <channel update="i" site="open.telekom.rs" site_id="705" xmltv_id="198 MTS">198 MTS</channel>
    <channel update="i" site="open.telekom.rs" site_id="208" xmltv_id="210 BEST TV">210 BEST TV</channel>
    <channel update="i" site="open.telekom.rs" site_id="676" xmltv_id="257 TV Most">257 TV Most</channel>
    <channel update="i" site="open.telekom.rs" site_id="33" xmltv_id="501 HRT1">501 HRT1</channel>
    <channel update="i" site="open.telekom.rs" site_id="25" xmltv_id="502 BN TV">502 BN TV</channel>
    <channel update="i" site="open.telekom.rs" site_id="602" xmltv_id="503 RT CG Sat">503 RT CG Sat</channel>
    <channel update="i" site="open.telekom.rs" site_id="64" xmltv_id="504 OBN">504 OBN</channel>
    <channel update="i" site="open.telekom.rs" site_id="585" xmltv_id="505 Atlas TV">505 Atlas TV</channel>
    <channel update="i" site="open.telekom.rs" site_id="455" xmltv_id="507 RTRS">507 RTRS</channel>
    <channel update="i" site="open.telekom.rs" site_id="575" xmltv_id="508 TV Slovenija 1">508 TV Slovenija 1</channel>
    <channel update="i" site="open.telekom.rs" site_id="704" xmltv_id="516 Nickelodeon">516 Nickelodeon</channel>
    <channel update="i" site="open.telekom.rs" site_id="247" xmltv_id="518 Disney Junior">518 Disney Junior</channel>
    <channel update="i" site="open.telekom.rs" site_id="232" xmltv_id="519 Disney XD">519 Disney XD</channel>
    <channel update="i" site="open.telekom.rs" site_id="233" xmltv_id="520 Disney">520 Disney</channel>
    <channel update="i" site="open.telekom.rs" site_id="46" xmltv_id="521 PINK Kids">521 PINK Kids</channel>
    <channel update="i" site="open.telekom.rs" site_id="59" xmltv_id="522 Cartoon Network">522 Cartoon Network</channel>
    <channel update="i" site="open.telekom.rs" site_id="84" xmltv_id="523 Minimax">523 Minimax</channel>
    <channel update="i" site="open.telekom.rs" site_id="35" xmltv_id="524 JIMJAM">524 JIMJAM</channel>
    <channel update="i" site="open.telekom.rs" site_id="26" xmltv_id="525 Boomerang">525 Boomerang</channel>
    <channel update="i" site="open.telekom.rs" site_id="190" xmltv_id="527 Duck TV">527 Duck TV</channel>
    <channel update="i" site="open.telekom.rs" site_id="441" xmltv_id="528 Al Jazeera">528 Al Jazeera</channel>
    <channel update="i" site="open.telekom.rs" site_id="631" xmltv_id="535 MRT Sat">535 MRT Sat</channel>
    <channel update="i" site="open.telekom.rs" site_id="426" xmltv_id="537 RTL">537 RTL</channel>
    <channel update="i" site="open.telekom.rs" site_id="422" xmltv_id="538 M2">538 M2</channel>
    <channel update="i" site="open.telekom.rs" site_id="24" xmltv_id="541 B92 info">541 B92 info</channel>
    <channel update="i" site="open.telekom.rs" site_id="27" xmltv_id="542 CNN">542 CNN</channel>
    <channel update="i" site="open.telekom.rs" site_id="11" xmltv_id="543 Euronews">543 Euronews</channel>
    <channel update="i" site="open.telekom.rs" site_id="61" xmltv_id="544 BBC World">544 BBC World</channel>
    <channel update="i" site="open.telekom.rs" site_id="88" xmltv_id="545 CNBC">545 CNBC</channel>
    <channel update="i" site="open.telekom.rs" site_id="112" xmltv_id="546 Rossia 24">546 Rossia 24</channel>
    <channel update="i" site="open.telekom.rs" site_id="113" xmltv_id="547 RT">547 RT</channel>
    <channel update="i" site="open.telekom.rs" site_id="114" xmltv_id="548 Deutsche Welle">548 Deutsche Welle</channel>
    <channel update="i" site="open.telekom.rs" site_id="115" xmltv_id="549 France 24">549 France 24</channel>
    <channel update="i" site="open.telekom.rs" site_id="601" xmltv_id="550 Bloomberg">550 Bloomberg</channel>
    <channel update="i" site="open.telekom.rs" site_id="12" xmltv_id="561 Eurosport">561 Eurosport</channel>
    <channel update="i" site="open.telekom.rs" site_id="13" xmltv_id="562 Eurosport 2">562 Eurosport 2</channel>
    <channel update="i" site="open.telekom.rs" site_id="677" xmltv_id="563 Fight Sports">563 Fight Sports</channel>
    <channel update="i" site="open.telekom.rs" site_id="106" xmltv_id="565 Arena Sport 1">565 Arena Sport 1</channel>
    <channel update="i" site="open.telekom.rs" site_id="38" xmltv_id="581 PINK Music">581 PINK Music</channel>
    <channel update="i" site="open.telekom.rs" site_id="16" xmltv_id="582 MTV Adria">582 MTV Adria</channel>
    <channel update="i" site="open.telekom.rs" site_id="42" xmltv_id="583 VH1">583 VH1</channel>
    <channel update="i" site="open.telekom.rs" site_id="436" xmltv_id="585 Balkanika">585 Balkanika</channel>
    <channel update="i" site="open.telekom.rs" site_id="489" xmltv_id="586 BN Music">586 BN Music</channel>
    <channel update="i" site="open.telekom.rs" site_id="584" xmltv_id="596 Eurochannel">596 Eurochannel</channel>
    <channel update="i" site="open.telekom.rs" site_id="551" xmltv_id="597 Viasat History">597 Viasat History</channel>
    <channel update="i" site="open.telekom.rs" site_id="553" xmltv_id="598 Viasat Explore">598 Viasat Explore</channel>
    <channel update="i" site="open.telekom.rs" site_id="552" xmltv_id="599 Viasat Nature">599 Viasat Nature</channel>
    <channel update="i" site="open.telekom.rs" site_id="60" xmltv_id="601 Discovery">601 Discovery</channel>
    <channel update="i" site="open.telekom.rs" site_id="17" xmltv_id="602 National Geographic">602 National Geographic</channel>
    <channel update="i" site="open.telekom.rs" site_id="52" xmltv_id="603 Animal Planet">603 Animal Planet</channel>
    <channel update="i" site="open.telekom.rs" site_id="578" xmltv_id="604 ID Investigation Discovery">604 ID Investigation Discovery</channel>
    <channel update="i" site="open.telekom.rs" site_id="62" xmltv_id="605 AMC">605 AMC</channel>
    <channel update="i" site="open.telekom.rs" site_id="22" xmltv_id="606 Travel">606 Travel</channel>
    <channel update="i" site="open.telekom.rs" site_id="30" xmltv_id="607 Fashion TV">607 Fashion TV</channel>
    <channel update="i" site="open.telekom.rs" site_id="44" xmltv_id="608 CBS Reality">608 CBS Reality</channel>
    <channel update="i" site="open.telekom.rs" site_id="538" xmltv_id="611 Da Vinci Learning">611 Da Vinci Learning</channel>
    <channel update="i" site="open.telekom.rs" site_id="189" xmltv_id="613 AXN">613 AXN</channel>
    <channel update="i" site="open.telekom.rs" site_id="469" xmltv_id="618 FEELMAX YU">618 FEELMAX YU</channel>
    <channel update="i" site="open.telekom.rs" site_id="19" xmltv_id="621 RTR Planeta">621 RTR Planeta</channel>
    <channel update="i" site="open.telekom.rs" site_id="242" xmltv_id="626 CCTV4">626 CCTV4</channel>
    <channel update="i" site="open.telekom.rs" site_id="401" xmltv_id="627 TV Melos">627 TV Melos</channel>
    <channel update="i" site="open.telekom.rs" site_id="404" xmltv_id="628 TV KC::N">628 TV KC::N</channel>
    <channel update="i" site="open.telekom.rs" site_id="414" xmltv_id="630 DM SAT">630 DM SAT</channel>
    <channel update="i" site="open.telekom.rs" site_id="447" xmltv_id="632 TV K::CN Svet Plus 3">632 TV K::CN Svet Plus 3</channel>
    <channel update="i" site="open.telekom.rs" site_id="438" xmltv_id="633 TV KC::N Music 2">633 TV KC::N Music 2</channel>
    <channel update="i" site="open.telekom.rs" site_id="440" xmltv_id="700 Outdoor">700 Outdoor</channel>
    <channel update="i" site="open.telekom.rs" site_id="707" xmltv_id="704 TLC">704 TLC</channel>
    <channel update="i" site="open.telekom.rs" site_id="191" xmltv_id="999 Info kanal">999 Info kanal</channel>
    <channel update="i" site="open.telekom.rs" site_id="604" xmltv_id="612 RT Documentary">612 RT Documentary</channel>
    <channel update="i" site="open.telekom.rs" site_id="41" xmltv_id="623 TV5 Monde">623 TV5 Monde</channel>
    <channel update="i" site="open.telekom.rs" site_id="37" xmltv_id="701 National Geographic Wild">701 National Geographic Wild</channel>
    <channel update="i" site="open.telekom.rs" site_id="45" xmltv_id="702 Discovery Science">702 Discovery Science</channel>
    <channel update="i" site="open.telekom.rs" site_id="63" xmltv_id="703 Discovery World">703 Discovery World</channel>
    <channel update="i" site="open.telekom.rs" site_id="55" xmltv_id="705 MTV Rocks International">705 MTV Rocks International</channel>
    <channel update="i" site="open.telekom.rs" site_id="49" xmltv_id="706 MTV Hits International">706 MTV Hits International</channel>
    <channel update="i" site="open.telekom.rs" site_id="76" xmltv_id="707 MTV Dance International">707 MTV Dance International</channel>
    <channel update="i" site="open.telekom.rs" site_id="43" xmltv_id="708 VH1 classic">708 VH1 classic</channel>
    <channel update="i" site="open.telekom.rs" site_id="29" xmltv_id="709 Extreme sports">709 Extreme sports</channel>
    <channel update="i" site="open.telekom.rs" site_id="680" xmltv_id="710 Food Network Channel">710 Food Network Channel</channel>
    <channel update="i" site="open.telekom.rs" site_id="703" xmltv_id="711 Nickelodeon Junior">711 Nickelodeon Junior</channel>
    <channel update="i" site="open.telekom.rs" site_id="32" xmltv_id="801 HBO">801 HBO</channel>
    <channel update="i" site="open.telekom.rs" site_id="31" xmltv_id="802 HBO Comedy">802 HBO Comedy</channel>
    <channel update="i" site="open.telekom.rs" site_id="89" xmltv_id="806 Cinemax">806 Cinemax</channel>
    <channel update="i" site="open.telekom.rs" site_id="188" xmltv_id="807 Cinemax 2">807 Cinemax 2</channel>
    <channel update="i" site="open.telekom.rs" site_id="651" xmltv_id="803 HBO HD">803 HBO HD</channel>
    <channel update="i" site="open.telekom.rs" site_id="652" xmltv_id="804 HBO Comedy HD">804 HBO Comedy HD</channel>
    <channel update="i" site="open.telekom.rs" site_id="653" xmltv_id="808 Cinemax HD">808 Cinemax HD</channel>
    <channel update="i" site="open.telekom.rs" site_id="654" xmltv_id="809 Cinemax 2 HD">809 Cinemax 2 HD</channel>
    <channel update="i" site="open.telekom.rs" site_id="107" xmltv_id="566 Arena Sport 2">566 Arena Sport 2</channel>
    <channel update="i" site="open.telekom.rs" site_id="110" xmltv_id="567 Arena Sport 3">567 Arena Sport 3</channel>
    <channel update="i" site="open.telekom.rs" site_id="195" xmltv_id="568 Arena Sport 4">568 Arena Sport 4</channel>
    <channel update="i" site="open.telekom.rs" site_id="722" xmltv_id="569 Arena Sport 5">569 Arena Sport 5</channel>
    <channel update="i" site="open.telekom.rs" site_id="192" xmltv_id="815 Pink Movies">815 Pink Movies</channel>
    <channel update="i" site="open.telekom.rs" site_id="193" xmltv_id="816 Pink Film">816 Pink Film</channel>
    <channel update="i" site="open.telekom.rs" site_id="194" xmltv_id="817 Pink Action">817 Pink Action</channel>
    <channel update="i" site="open.telekom.rs" site_id="596" xmltv_id="818 Pink Extra">818 Pink Extra</channel>
    <channel update="i" site="open.telekom.rs" site_id="597" xmltv_id="819 Pink Folk 1">819 Pink Folk 1</channel>
    <channel update="i" site="open.telekom.rs" site_id="598" xmltv_id="820 Pink Plus">820 Pink Plus</channel>
    <channel update="i" site="open.telekom.rs" site_id="609" xmltv_id="821 Pink Fashion">821 Pink Fashion</channel>
    <channel update="i" site="open.telekom.rs" site_id="630" xmltv_id="822 Pink Nostalgie">822 Pink Nostalgie</channel>
    <channel update="i" site="open.telekom.rs" site_id="629" xmltv_id="823 Pink Live">823 Pink Live</channel>
    <channel update="i" site="open.telekom.rs" site_id="600" xmltv_id="824 Pink Zabava">824 Pink Zabava</channel>
    <channel update="i" site="open.telekom.rs" site_id="751" xmltv_id="725 RTL II">725 RTL II</channel>
    <channel update="i" site="open.telekom.rs" site_id="752" xmltv_id="726 COOL">726 COOL</channel>
    <channel update="i" site="open.telekom.rs" site_id="753" xmltv_id="727 Film +">727 Film +</channel>
    <channel update="i" site="open.telekom.rs" site_id="750" xmltv_id="728 Muzsika TV">728 Muzsika TV</channel>
    <channel update="i" site="open.telekom.rs" site_id="48" xmltv_id="901 Dorcel">901 Dorcel</channel>
    <channel update="i" site="open.telekom.rs" site_id="58" xmltv_id="902 Brazzers TV">902 Brazzers TV</channel>
    <channel update="i" site="open.telekom.rs" site_id="34" xmltv_id="903 Hustler">903 Hustler</channel>
    <channel update="i" site="open.telekom.rs" site_id="450" xmltv_id="904 Private TV">904 Private TV</channel>
    <channel update="i" site="open.telekom.rs" site_id="728" xmltv_id="905 Erotic">905 Erotic</channel>
    <channel update="i" site="open.telekom.rs" site_id="729" xmltv_id="906 Erotic 2">906 Erotic 2</channel>
    <channel update="i" site="open.telekom.rs" site_id="730" xmltv_id="907 Erotic 3">907 Erotic 3</channel>
    <channel update="i" site="open.telekom.rs" site_id="731" xmltv_id="908 Erotic 4">908 Erotic 4</channel>
    <channel update="i" site="open.telekom.rs" site_id="560" xmltv_id="740 RTS HD">740 RTS HD</channel>
    <channel update="i" site="open.telekom.rs" site_id="719" xmltv_id="741 TV NOVA HD">741 TV NOVA HD</channel>
    <channel update="i" site="open.telekom.rs" site_id="678" xmltv_id="745 Fight Sports HD">745 Fight Sports HD</channel>
    <channel update="i" site="open.telekom.rs" site_id="579" xmltv_id="746 Animal Planet HD">746 Animal Planet HD</channel>
    <channel update="i" site="open.telekom.rs" site_id="554" xmltv_id="747 History HD/Nature HD">747 History HD/Nature HD</channel>
    <channel update="i" site="open.telekom.rs" site_id="428" xmltv_id="749 Outdoor HD">749 Outdoor HD</channel>
    <channel update="i" site="open.telekom.rs" site_id="252" xmltv_id="750 Discovery Showcase HD">750 Discovery Showcase HD</channel>
    <channel update="i" site="open.telekom.rs" site_id="253" xmltv_id="751 National Geographic HD">751 National Geographic HD</channel>
    <channel update="i" site="open.telekom.rs" site_id="398" xmltv_id="752 Food Network HD">752 Food Network HD</channel>
    <channel update="i" site="open.telekom.rs" site_id="248" xmltv_id="753 Arena sport 1 HD">753 Arena sport 1 HD</channel>
    <channel update="i" site="open.telekom.rs" site_id="249" xmltv_id="754 Arena sport 2 HD">754 Arena sport 2 HD</channel>
    <channel update="i" site="open.telekom.rs" site_id="250" xmltv_id="755 Arena sport 3 HD">755 Arena sport 3 HD</channel>
    <channel update="i" site="open.telekom.rs" site_id="251" xmltv_id="756 Arena sport 4 HD">756 Arena sport 4 HD</channel>
    <channel update="i" site="open.telekom.rs" site_id="723" xmltv_id="757 Arena Sport 5 HD">757 Arena Sport 5 HD</channel>
    <channel update="i" site="open.telekom.rs" site_id="649" xmltv_id="758 Eurosport HD">758 Eurosport HD</channel>
    <channel update="i" site="open.telekom.rs" site_id="650" xmltv_id="759 Eurosport 2 HD">759 Eurosport 2 HD</channel>
    <channel update="i" site="open.telekom.rs" site_id="8" xmltv_id="153 TV Metropolis">153 TV Metropolis</channel>
    <channel update="i" site="open.telekom.rs" site_id="219" xmltv_id="155 ART TV">155 ART TV</channel>
    <channel update="i" site="open.telekom.rs" site_id="2" xmltv_id="161 RTV 1">161 RTV 1</channel>
    <channel update="i" site="open.telekom.rs" site_id="3" xmltv_id="162 RTV 2">162 RTV 2</channel>
    <channel update="i" site="open.telekom.rs" site_id="732" xmltv_id="163 Kanal 3">163 Kanal 3</channel>
    <channel update="i" site="open.telekom.rs" site_id="487" xmltv_id="199 Srbija na dlanu 1">199 Srbija na dlanu 1</channel>
    <channel update="i" site="open.telekom.rs" site_id="488" xmltv_id="201 Srbija na dlanu 2">201 Srbija na dlanu 2</channel>
    <channel update="i" site="open.telekom.rs" site_id="200" xmltv_id="202 TV Kanal 9">202 TV Kanal 9</channel>
    <channel update="i" site="open.telekom.rs" site_id="201" xmltv_id="203 Regionalna TV">203 Regionalna TV</channel>
    <channel update="i" site="open.telekom.rs" site_id="202" xmltv_id="204 TV Belle Amie">204 TV Belle Amie</channel>
    <channel update="i" site="open.telekom.rs" site_id="203" xmltv_id="205 TV YU ECO">205 TV YU ECO</channel>
    <channel update="i" site="open.telekom.rs" site_id="205" xmltv_id="207 Novosadska TV">207 Novosadska TV</channel>
    <channel update="i" site="open.telekom.rs" site_id="206" xmltv_id="208 TV Panonija">208 TV Panonija</channel>
    <channel update="i" site="open.telekom.rs" site_id="207" xmltv_id="209 TV Most">209 TV Most</channel>
    <channel update="i" site="open.telekom.rs" site_id="209" xmltv_id="211 TV Palma Plus">211 TV Palma Plus</channel>
    <channel update="i" site="open.telekom.rs" site_id="210" xmltv_id="212 TV Pirot">212 TV Pirot</channel>
    <channel update="i" site="open.telekom.rs" site_id="211" xmltv_id="213 TV Vranje">213 TV Vranje</channel>
    <channel update="i" site="open.telekom.rs" site_id="212" xmltv_id="214 TV Galaksija 32">214 TV Galaksija 32</channel>
    <channel update="i" site="open.telekom.rs" site_id="220" xmltv_id="215 TV Banat">215 TV Banat</channel>
    <channel update="i" site="open.telekom.rs" site_id="221" xmltv_id="216 TV Šabac">216 TV Šabac</channel>
    <channel update="i" site="open.telekom.rs" site_id="222" xmltv_id="217 TV Tutin">217 TV Tutin</channel>
    <channel update="i" site="open.telekom.rs" site_id="223" xmltv_id="218 TV Raška">218 TV Raška</channel>
    <channel update="i" site="open.telekom.rs" site_id="226" xmltv_id="219 TV Kragujevac">219 TV Kragujevac</channel>
    <channel update="i" site="open.telekom.rs" site_id="227" xmltv_id="220 TV Kruševac">220 TV Kruševac</channel>
    <channel update="i" site="open.telekom.rs" site_id="238" xmltv_id="221 SAT TV">221 SAT TV</channel>
    <channel update="i" site="open.telekom.rs" site_id="239" xmltv_id="222 TV Smederevo">222 TV Smederevo</channel>
    <channel update="i" site="open.telekom.rs" site_id="241" xmltv_id="223 TV Santos">223 TV Santos</channel>
    <channel update="i" site="open.telekom.rs" site_id="632" xmltv_id="224 TV Spektar">224 TV Spektar</channel>
    <channel update="i" site="open.telekom.rs" site_id="400" xmltv_id="226 TV Kraljevo i Ibarske novosti">226 TV Kraljevo i Ibarske novosti</channel>
    <channel update="i" site="open.telekom.rs" site_id="402" xmltv_id="227 TV Pančevo">227 TV Pančevo</channel>
    <channel update="i" site="open.telekom.rs" site_id="406" xmltv_id="229 TV Lav Plus">229 TV Lav Plus</channel>
    <channel update="i" site="open.telekom.rs" site_id="410" xmltv_id="230 TV Rubin">230 TV Rubin</channel>
    <channel update="i" site="open.telekom.rs" site_id="411" xmltv_id="231 TV Lotel plus">231 TV Lotel plus</channel>
    <channel update="i" site="open.telekom.rs" site_id="413" xmltv_id="232 TV Leskovac">232 TV Leskovac</channel>
    <channel update="i" site="open.telekom.rs" site_id="419" xmltv_id="233 TV Kladovo">233 TV Kladovo</channel>
    <channel update="i" site="open.telekom.rs" site_id="432" xmltv_id="235 Kraljevačka TV">235 Kraljevačka TV</channel>
    <channel update="i" site="open.telekom.rs" site_id="433" xmltv_id="236 TV Bor">236 TV Bor</channel>
    <channel update="i" site="open.telekom.rs" site_id="439" xmltv_id="237 RTV Šumadija">237 RTV Šumadija</channel>
    <channel update="i" site="open.telekom.rs" site_id="443" xmltv_id="239 TV K 9">239 TV K 9</channel>
    <channel update="i" site="open.telekom.rs" site_id="448" xmltv_id="240 TV City">240 TV City</channel>
    <channel update="i" site="open.telekom.rs" site_id="451" xmltv_id="241 TV PI kanal">241 TV PI kanal</channel>
    <channel update="i" site="open.telekom.rs" site_id="457" xmltv_id="242 TV K23">242 TV K23</channel>
    <channel update="i" site="open.telekom.rs" site_id="458" xmltv_id="243 NTV">243 NTV</channel>
    <channel update="i" site="open.telekom.rs" site_id="470" xmltv_id="244 Panon TV">244 Panon TV</channel>
    <channel update="i" site="open.telekom.rs" site_id="541" xmltv_id="245 TV GEM">245 TV GEM</channel>
    <channel update="i" site="open.telekom.rs" site_id="484" xmltv_id="246 TV Sunce">246 TV Sunce</channel>
    <channel update="i" site="open.telekom.rs" site_id="490" xmltv_id="247 TV Enigma">247 TV Enigma</channel>
    <channel update="i" site="open.telekom.rs" site_id="542" xmltv_id="248 TV MAG">248 TV MAG</channel>
    <channel update="i" site="open.telekom.rs" site_id="555" xmltv_id="249 TV Fleš">249 TV Fleš</channel>
    <channel update="i" site="open.telekom.rs" site_id="608" xmltv_id="250 K RTL">250 K RTL</channel>
    <channel update="i" site="open.telekom.rs" site_id="558" xmltv_id="251 TV Rača">251 TV Rača</channel>
    <channel update="i" site="open.telekom.rs" site_id="562" xmltv_id="252 TV F kanal">252 TV F kanal</channel>
    <channel update="i" site="open.telekom.rs" site_id="563" xmltv_id="253 TV Istok">253 TV Istok</channel>
    <channel update="i" site="open.telekom.rs" site_id="567" xmltv_id="254 TV Kuršumlija">254 TV Kuršumlija</channel>
    <channel update="i" site="open.telekom.rs" site_id="569" xmltv_id="255 TV FOKUS">255 TV FOKUS</channel>
    <channel update="i" site="open.telekom.rs" site_id="756" xmltv_id="256 TV Bujanovac">256 TV Bujanovac</channel>
    <channel update="i" site="open.telekom.rs" site_id="675" xmltv_id="258 TV AS">258 TV AS</channel>
    <channel update="i" site="open.telekom.rs" site_id="735" xmltv_id="259 TV Trans">259 TV Trans</channel>
    <channel update="i" site="open.telekom.rs" site_id="740" xmltv_id="260 TV Zona Plus">260 TV Zona Plus</channel>
    <channel update="i" site="open.telekom.rs" site_id="755" xmltv_id="261 Sremska TV">261 Sremska TV</channel>
    <channel update="i" site="open.telekom.rs" site_id="745" xmltv_id="536 RTL Klub">536 RTL Klub</channel>
    <channel update="i" site="open.telekom.rs" site_id="224" xmltv_id="551 Duna TV">551 Duna TV</channel>
    <channel update="i" site="open.telekom.rs" site_id="225" xmltv_id="552 Duna World">552 Duna World</channel>
    <channel update="i" site="open.telekom.rs" site_id="235" xmltv_id="980 Radio B92">980 Radio B92</channel>
    <channel update="i" site="open.telekom.rs" site_id="236" xmltv_id="981 Radio AS FM">981 Radio AS FM</channel>
    <channel update="i" site="open.telekom.rs" site_id="237" xmltv_id="982 Radio Studio B">982 Radio Studio B</channel>
    <channel update="i" site="open.telekom.rs" site_id="407" xmltv_id="983 Radio Beograd 1">983 Radio Beograd 1</channel>
    <channel update="i" site="open.telekom.rs" site_id="408" xmltv_id="984 Radio Beograd 2">984 Radio Beograd 2</channel>
    <channel update="i" site="open.telekom.rs" site_id="240" xmltv_id="985 Hit Music FM">985 Hit Music FM</channel>
    <channel update="i" site="open.telekom.rs" site_id="409" xmltv_id="986 Radio Beograd 202">986 Radio Beograd 202</channel>
    <channel update="i" site="open.telekom.rs" site_id="415" xmltv_id="987 Radio S">987 Radio S</channel>
    <channel update="i" site="open.telekom.rs" site_id="544" xmltv_id="988 Slovo Ljubve">988 Slovo Ljubve</channel>
    <channel update="i" site="open.telekom.rs" site_id="492" xmltv_id="921 2000s">921 2000s</channel>
    <channel update="i" site="open.telekom.rs" site_id="493" xmltv_id="922 60s">922 60s</channel>
    <channel update="i" site="open.telekom.rs" site_id="494" xmltv_id="923 70s">923 70s</channel>
    <channel update="i" site="open.telekom.rs" site_id="495" xmltv_id="924 80s">924 80s</channel>
    <channel update="i" site="open.telekom.rs" site_id="496" xmltv_id="925 90s">925 90s</channel>
    <channel update="i" site="open.telekom.rs" site_id="497" xmltv_id="926 All Day Party">926 All Day Party</channel>
    <channel update="i" site="open.telekom.rs" site_id="498" xmltv_id="927 Bass, Breaks &amp; Beats">927 Bass, Breaks &amp; Beats</channel>
    <channel update="i" site="open.telekom.rs" site_id="499" xmltv_id="928 Blues">928 Blues</channel>
    <channel update="i" site="open.telekom.rs" site_id="500" xmltv_id="929 Chillout">929 Chillout</channel>
    <channel update="i" site="open.telekom.rs" site_id="501" xmltv_id="930 Classic R'n'B &amp; Soul">930 Classic R'n'B &amp; Soul</channel>
    <channel update="i" site="open.telekom.rs" site_id="502" xmltv_id="931 Classic Rock">931 Classic Rock</channel>
    <channel update="i" site="open.telekom.rs" site_id="503" xmltv_id="932 Classical Calm">932 Classical Calm</channel>
    <channel update="i" site="open.telekom.rs" site_id="504" xmltv_id="933 Classical Greats">933 Classical Greats</channel>
    <channel update="i" site="open.telekom.rs" site_id="505" xmltv_id="934 Classical Orchestral">934 Classical Orchestral</channel>
    <channel update="i" site="open.telekom.rs" site_id="506" xmltv_id="935 Cocktail Lounge">935 Cocktail Lounge</channel>
    <channel update="i" site="open.telekom.rs" site_id="507" xmltv_id="936 Cool Jazz">936 Cool Jazz</channel>
    <channel update="i" site="open.telekom.rs" site_id="508" xmltv_id="937 Hot Country">937 Hot Country</channel>
    <channel update="i" site="open.telekom.rs" site_id="509" xmltv_id="938 Dancefloor Fillers">938 Dancefloor Fillers</channel>
    <channel update="i" site="open.telekom.rs" site_id="510" xmltv_id="939 Drive">939 Drive</channel>
    <channel update="i" site="open.telekom.rs" site_id="511" xmltv_id="940 Freedom">940 Freedom</channel>
    <channel update="i" site="open.telekom.rs" site_id="512" xmltv_id="941 Groove (Disco &amp; Funk)">941 Groove (Disco &amp; Funk)</channel>
    <channel update="i" site="open.telekom.rs" site_id="513" xmltv_id="942 Headbangers">942 Headbangers</channel>
    <channel update="i" site="open.telekom.rs" site_id="514" xmltv_id="943 Hip Hop">943 Hip Hop</channel>
    <channel update="i" site="open.telekom.rs" site_id="515" xmltv_id="944 Indie Classics">944 Indie Classics</channel>
    <channel update="i" site="open.telekom.rs" site_id="516" xmltv_id="945 Jazz Classics">945 Jazz Classics</channel>
    <channel update="i" site="open.telekom.rs" site_id="517" xmltv_id="946 Latin">946 Latin</channel>
    <channel update="i" site="open.telekom.rs" site_id="518" xmltv_id="947 New Age">947 New Age</channel>
    <channel update="i" site="open.telekom.rs" site_id="519" xmltv_id="948 Reggae">948 Reggae</channel>
    <channel update="i" site="open.telekom.rs" site_id="520" xmltv_id="949 Revival">949 Revival</channel>
    <channel update="i" site="open.telekom.rs" site_id="521" xmltv_id="950 Rewind">950 Rewind</channel>
    <channel update="i" site="open.telekom.rs" site_id="522" xmltv_id="951 Rock Anthems">951 Rock Anthems</channel>
    <channel update="i" site="open.telekom.rs" site_id="523" xmltv_id="952 Rock'n'Roll">952 Rock'n'Roll</channel>
    <channel update="i" site="open.telekom.rs" site_id="524" xmltv_id="953 Silk (Love Songs)">953 Silk (Love Songs)</channel>
    <channel update="i" site="open.telekom.rs" site_id="525" xmltv_id="954 Rock Alternative - US">954 Rock Alternative - US</channel>
    <channel update="i" site="open.telekom.rs" site_id="526" xmltv_id="955 Total Hits - Belgium">955 Total Hits - Belgium</channel>
    <channel update="i" site="open.telekom.rs" site_id="527" xmltv_id="956 Total Hits - France">956 Total Hits - France</channel>
    <channel update="i" site="open.telekom.rs" site_id="528" xmltv_id="957 Total Hits - Germany">957 Total Hits - Germany</channel>
    <channel update="i" site="open.telekom.rs" site_id="529" xmltv_id="958 Total Hits - Italy">958 Total Hits - Italy</channel>
    <channel update="i" site="open.telekom.rs" site_id="530" xmltv_id="959 Total Hits - Spain">959 Total Hits - Spain</channel>
    <channel update="i" site="open.telekom.rs" site_id="531" xmltv_id="960 Total Hits - Sweden">960 Total Hits - Sweden</channel>
    <channel update="i" site="open.telekom.rs" site_id="532" xmltv_id="961 Total Hits - UK">961 Total Hits - UK</channel>
    <channel update="i" site="open.telekom.rs" site_id="533" xmltv_id="962 Trance">962 Trance</channel>
    <channel update="i" site="open.telekom.rs" site_id="534" xmltv_id="963 Türk Müzigi">963 Türk Müzigi</channel>
    <channel update="i" site="open.telekom.rs" site_id="535" xmltv_id="964 Urban">964 Urban</channel>
    <channel update="i" site="open.telekom.rs" site_id="536" xmltv_id="965 World Carnival">965 World Carnival</channel>
  </channels>
</site>