﻿<?xml version="1.0" encoding="UTF-8"?>
<site generator-info-name="WebGrab+Plus/w MDB &amp; REX Postprocess -- version 1.1.1/51 pre -- Jan van Straaten" site="sbb.rs">
  <channels>
    <channel update="i" site="sbb.rs" site_id="rts-hd" xmltv_id="RTS HD">RTS HD</channel>
    <channel update="i" site="sbb.rs" site_id="hbo-hd-srp" xmltv_id="HBO HD">HBO HD</channel>
    <channel update="i" site="sbb.rs" site_id="hbo-comedy-hd" xmltv_id="HBO Comedy HD">HBO Comedy HD</channel>
    <channel update="i" site="sbb.rs" site_id="cinemax-hd" xmltv_id="Cinemax HD">Cinemax HD</channel>
    <channel update="i" site="sbb.rs" site_id="cinemax-2-hd" xmltv_id="Cinemax 2 HD">Cinemax 2 HD</channel>
    <channel update="i" site="sbb.rs" site_id="fox-movies-hd" xmltv_id="FOX Movies HD">FOX Movies HD</channel>
    <channel update="i" site="sbb.rs" site_id="fox-life-hd" xmltv_id="FOX Life HD">FOX Life HD</channel>
    <channel update="i" site="sbb.rs" site_id="fox-crime-hd" xmltv_id="FOX Crime HD">FOX Crime HD</channel>
    <channel update="i" site="sbb.rs" site_id="fox-hd" xmltv_id="FOX HD">FOX HD</channel>
    <channel update="i" site="sbb.rs" site_id="sport-klub-hd-srp" xmltv_id="Sport Klub HD">Sport Klub HD</channel>
    <channel update="i" site="sbb.rs" site_id="sportklubplus-hd-srp" xmltv_id="Sport Klub + HD">Sport Klub + HD</channel>
    <channel update="i" site="sbb.rs" site_id="sk-prime-hd-srp" xmltv_id="SK Prime HD">SK Prime HD</channel>
    <channel update="i" site="sbb.rs" site_id="sk-premium-hd" xmltv_id="SK Premium HD">SK Premium HD</channel>
    <channel update="i" site="sbb.rs" site_id="golf-klub-hd" xmltv_id="Golf Klub HD">Golf Klub HD</channel>
    <channel update="i" site="sbb.rs" site_id="eurosport-hd-srp" xmltv_id="Eurosport HD">Eurosport HD</channel>
    <channel update="i" site="sbb.rs" site_id="eurosport-2-hd-srp" xmltv_id="Eurosport 2 HD">Eurosport 2 HD</channel>
    <channel update="i" site="sbb.rs" site_id="espn-america-hd" xmltv_id="ESPN America HD">ESPN America HD</channel>
    <channel update="i" site="sbb.rs" site_id="disovery-hd-showcase" xmltv_id="Discovery HD Showcase">Discovery HD Showcase</channel>
    <channel update="i" site="sbb.rs" site_id="animal-planet-hd" xmltv_id="Animal Planet HD">Animal Planet HD</channel>
    <channel update="i" site="sbb.rs" site_id="national-geographic-hd" xmltv_id="National Geographic HD">National Geographic HD</channel>
    <channel update="i" site="sbb.rs" site_id="viasat-nature-history-hd-srp" xmltv_id="Viasat Nature/History HD">Viasat Nature/History HD</channel>
    <channel update="i" site="sbb.rs" site_id="history-hd-srp" xmltv_id="History HD">History HD</channel>
    <channel update="i" site="sbb.rs" site_id="nickelodeon-hd" xmltv_id="Nickelodeon HD">Nickelodeon HD</channel>
    <channel update="i" site="sbb.rs" site_id="fashion-tv-hd" xmltv_id="Fashion TV HD">Fashion TV HD</channel>
    <channel update="i" site="sbb.rs" site_id="travel-hd" xmltv_id="Travel HD">Travel HD</channel>
    <channel update="i" site="sbb.rs" site_id="24kitchen-hd" xmltv_id="24kitchen HD">24kitchen HD</channel>
    <channel update="i" site="sbb.rs" site_id="food-network-hd" xmltv_id="Food Network HD">Food Network HD</channel>
    <channel update="i" site="sbb.rs" site_id="mtv-live-hd" xmltv_id="MTV Live HD">MTV Live HD</channel>
    <channel update="i" site="sbb.rs" site_id="rts-1" xmltv_id="RTS 1">RTS 1</channel>
    <channel update="i" site="sbb.rs" site_id="rts-2" xmltv_id="RTS 2">RTS 2</channel>
    <channel update="i" site="sbb.rs" site_id="pink" xmltv_id="Pink">Pink</channel>
    <channel update="i" site="sbb.rs" site_id="b-92" xmltv_id="B92">B92</channel>
    <channel update="i" site="sbb.rs" site_id="prva" xmltv_id="Prva">Prva</channel>
    <channel update="i" site="sbb.rs" site_id="happy-tv" xmltv_id="Happy">Happy</channel>
    <channel update="i" site="sbb.rs" site_id="pink-2" xmltv_id="Pink 2">Pink 2</channel>
    <channel update="i" site="sbb.rs" site_id="studio-b" xmltv_id="Studio B">Studio B</channel>
    <channel update="i" site="sbb.rs" site_id="rtv-1" xmltv_id="RTV 1">RTV 1</channel>
    <channel update="i" site="sbb.rs" site_id="rtv-2" xmltv_id="RTV 2">RTV 2</channel>
    <channel update="i" site="sbb.rs" site_id="rts-digital" xmltv_id="RTS Digital">RTS Digital</channel>
    <channel update="i" site="sbb.rs" site_id="b92-info" xmltv_id="B92 Info">B92 Info</channel>
    <channel update="i" site="sbb.rs" site_id="kcn" xmltv_id="KCN">KCN</channel>
    <channel update="i" site="sbb.rs" site_id="sky-plus" xmltv_id="Sky Plus">Sky Plus</channel>
    <channel update="i" site="sbb.rs" site_id="art" xmltv_id="Art">Art</channel>
    <channel update="i" site="sbb.rs" site_id="metropolis" xmltv_id="Metropolis">Metropolis</channel>
    <channel update="i" site="sbb.rs" site_id="htv-1" xmltv_id="HRT 1">HRT 1</channel>
    <channel update="i" site="sbb.rs" site_id="htv-2" xmltv_id="HRT 2">HRT 2</channel>
    <channel update="i" site="sbb.rs" site_id="obn-bosna" xmltv_id="OBN">OBN</channel>
    <channel update="i" site="sbb.rs" site_id="rtrs" xmltv_id="RTRS">RTRS</channel>
    <channel update="i" site="sbb.rs" site_id="atv" xmltv_id="ATV">ATV</channel>
    <channel update="i" site="sbb.rs" site_id="federalna" xmltv_id="FTV">FTV</channel>
    <channel update="i" site="sbb.rs" site_id="rtcg-sat" xmltv_id="TV Crna Gora">TV Crna Gora</channel>
    <channel update="i" site="sbb.rs" site_id="atlas" xmltv_id="Atlas">Atlas</channel>
    <channel update="i" site="sbb.rs" site_id="duna" xmltv_id="Duna">Duna</channel>
    <channel update="i" site="sbb.rs" site_id="universal-channel_srp" xmltv_id="Universal Channel">Universal Channel</channel>
    <channel update="i" site="sbb.rs" site_id="tv-1000_srp" xmltv_id="TV1000">TV1000</channel>
    <channel update="i" site="sbb.rs" site_id="cinemania" xmltv_id="Cinemania">Cinemania</channel>
    <channel update="i" site="sbb.rs" site_id="fox-movies-srp" xmltv_id="FOX Movies">FOX Movies</channel>
    <channel update="i" site="sbb.rs" site_id="fox-life_srp" xmltv_id="Fox Life">Fox Life</channel>
    <channel update="i" site="sbb.rs" site_id="fox-crime_srp" xmltv_id="Fox Crime">Fox Crime</channel>
    <channel update="i" site="sbb.rs" site_id="axn_srp" xmltv_id="AXN">AXN</channel>
    <channel update="i" site="sbb.rs" site_id="scifi_srp" xmltv_id="SciFi">SciFi</channel>
    <channel update="i" site="sbb.rs" site_id="pink-family" xmltv_id="Pink Family">Pink Family</channel>
    <channel update="i" site="sbb.rs" site_id="cinestar_srp" xmltv_id="CineStar TV">CineStar TV</channel>
    <channel update="i" site="sbb.rs" site_id="ccx" xmltv_id="Comedy Central Extra">Comedy Central Extra</channel>
    <channel update="i" site="sbb.rs" site_id="ci-srp" xmltv_id="Crime &amp; Investigation">Crime &amp; Investigation</channel>
    <channel update="i" site="sbb.rs" site_id="mgm-srp" xmltv_id="MGM">MGM</channel>
    <channel update="i" site="sbb.rs" site_id="cbs-drama-hrv" xmltv_id="CBS Drama">CBS Drama</channel>
    <channel update="i" site="sbb.rs" site_id="cinestar-action-thriller_srp" xmltv_id="CineStar Action &amp; Thriller">CineStar Action &amp; Thriller</channel>
    <channel update="i" site="sbb.rs" site_id="fox" xmltv_id="FOX">FOX</channel>
    <channel update="i" site="sbb.rs" site_id="pink-3" xmltv_id="Pink 3">Pink 3</channel>
    <channel update="i" site="sbb.rs" site_id="sportklub_srp" xmltv_id="Sport Klub">Sport Klub</channel>
    <channel update="i" site="sbb.rs" site_id="sportklubplus_srp" xmltv_id="Sport Klub +">Sport Klub +</channel>
    <channel update="i" site="sbb.rs" site_id="eurosport_srp" xmltv_id="Eurosport">Eurosport</channel>
    <channel update="i" site="sbb.rs" site_id="eurosport-2_srp" xmltv_id="Eurosport 2">Eurosport 2</channel>
    <channel update="i" site="sbb.rs" site_id="golf-klub" xmltv_id="Golf Klub">Golf Klub</channel>
    <channel update="i" site="sbb.rs" site_id="fishing-and-hunting" xmltv_id="Fishing &amp; Hunting">Fishing &amp; Hunting</channel>
    <channel update="i" site="sbb.rs" site_id="sos" xmltv_id="SOS">SOS</channel>
    <channel update="i" site="sbb.rs" site_id="espn-america" xmltv_id="ESPN America">ESPN America</channel>
    <channel update="i" site="sbb.rs" site_id="sport-klub-3" xmltv_id="Sport Klub 3">Sport Klub 3</channel>
    <channel update="i" site="sbb.rs" site_id="sport-klub-4" xmltv_id="Sport Klub 4">Sport Klub 4</channel>
    <channel update="i" site="sbb.rs" site_id="sport-klub-5" xmltv_id="Sport Klub 5">Sport Klub 5</channel>
    <channel update="i" site="sbb.rs" site_id="motors" xmltv_id="Motors TV">Motors TV</channel>
    <channel update="i" site="sbb.rs" site_id="eurosportnews" xmltv_id="EurosportNews">EurosportNews</channel>
    <channel update="i" site="sbb.rs" site_id="fight-channel" xmltv_id="Fight Channel">Fight Channel</channel>
    <channel update="i" site="sbb.rs" site_id="chelsea" xmltv_id="Chelsea">Chelsea</channel>
    <channel update="i" site="sbb.rs" site_id="espn-classic" xmltv_id="ESPN Classic">ESPN Classic</channel>
    <channel update="i" site="sbb.rs" site_id="extreme-sports" xmltv_id="Extreme Sports">Extreme Sports</channel>
    <channel update="i" site="sbb.rs" site_id="chasse-and-peche" xmltv_id="Chasse and Pęche">Chasse and Pęche</channel>
    <channel update="i" site="sbb.rs" site_id="sport-klub-prime" xmltv_id="SK Prime">SK Prime</channel>
    <channel update="i" site="sbb.rs" site_id="discovery_srp" xmltv_id="Discovery">Discovery</channel>
    <channel update="i" site="sbb.rs" site_id="discovery-id_srp" xmltv_id="Discovery ID">Discovery ID</channel>
    <channel update="i" site="sbb.rs" site_id="viasat-explorer_srp" xmltv_id="Viasat Explorer">Viasat Explorer</channel>
    <channel update="i" site="sbb.rs" site_id="24kitchen-srp" xmltv_id="24kitchen">24kitchen</channel>
    <channel update="i" site="sbb.rs" site_id="viasat-history_srp" xmltv_id="Viasat History">Viasat History</channel>
    <channel update="i" site="sbb.rs" site_id="history-channel_srp" xmltv_id="History">History</channel>
    <channel update="i" site="sbb.rs" site_id="animal-planet_srp" xmltv_id="Animal Planet">Animal Planet</channel>
    <channel update="i" site="sbb.rs" site_id="national-geographic_srp" xmltv_id="National Geographic">National Geographic</channel>
    <channel update="i" site="sbb.rs" site_id="viasat-nature-srp" xmltv_id="Viasat Nature">Viasat Nature</channel>
    <channel update="i" site="sbb.rs" site_id="cbs-reality-hrv" xmltv_id="CBS Reality">CBS Reality</channel>
    <channel update="i" site="sbb.rs" site_id="discovery-world" xmltv_id="Discovery World">Discovery World</channel>
    <channel update="i" site="sbb.rs" site_id="discovery-science" xmltv_id="Discovery Science">Discovery Science</channel>
    <channel update="i" site="sbb.rs" site_id="nat-geo-wild-srp" xmltv_id="Nat Geo Wild">Nat Geo Wild</channel>
    <channel update="i" site="sbb.rs" site_id="mini-ultra" xmltv_id="Mini Ultra">Mini Ultra</channel>
    <channel update="i" site="sbb.rs" site_id="ultra" xmltv_id="Ultra">Ultra</channel>
    <channel update="i" site="sbb.rs" site_id="minimax" xmltv_id="Minimax">Minimax</channel>
    <channel update="i" site="sbb.rs" site_id="baby-tv" xmltv_id="Baby TV">Baby TV</channel>
    <channel update="i" site="sbb.rs" site_id="nickelodeon" xmltv_id="Nickelodeon">Nickelodeon</channel>
    <channel update="i" site="sbb.rs" site_id="disney" xmltv_id="Disney">Disney</channel>
    <channel update="i" site="sbb.rs" site_id="cartoon-network" xmltv_id="Cartoon Network">Cartoon Network</channel>
    <channel update="i" site="sbb.rs" site_id="pink-kids" xmltv_id="Pink Kids">Pink Kids</channel>
    <channel update="i" site="sbb.rs" site_id="boomerang" xmltv_id="Boomerang">Boomerang</channel>
    <channel update="i" site="sbb.rs" site_id="kidsco" xmltv_id="KidsCo">KidsCo</channel>
    <channel update="i" site="sbb.rs" site_id="tlc_srp" xmltv_id="TLC">TLC</channel>
    <channel update="i" site="sbb.rs" site_id="e%21-entertainment_srp" xmltv_id="E!">E!</channel>
    <channel update="i" site="sbb.rs" site_id="fashion-tv" xmltv_id="Fashion TV">Fashion TV</channel>
    <channel update="i" site="sbb.rs" site_id="iqs-srp" xmltv_id="IQS Life">IQS Life</channel>
    <channel update="i" site="sbb.rs" site_id="fln" xmltv_id="FLN">FLN</channel>
    <channel update="i" site="sbb.rs" site_id="style" xmltv_id="Style">Style</channel>
    <channel update="i" site="sbb.rs" site_id="body-in-balance" xmltv_id="Body in Balance">Body in Balance</channel>
    <channel update="i" site="sbb.rs" site_id="bbc-entertainment_srp" xmltv_id="BBC Entertainment">BBC Entertainment</channel>
    <channel update="i" site="sbb.rs" site_id="ginx-tv_srp" xmltv_id="Ginx TV">Ginx TV</channel>
    <channel update="i" site="sbb.rs" site_id="mtv-adria_srp" xmltv_id="MTV">MTV</channel>
    <channel update="i" site="sbb.rs" site_id="vh1" xmltv_id="VH1">VH1</channel>
    <channel update="i" site="sbb.rs" site_id="pink-music" xmltv_id="Pink Music">Pink Music</channel>
    <channel update="i" site="sbb.rs" site_id="kcn-music" xmltv_id="KCN Music">KCN Music</channel>
    <channel update="i" site="sbb.rs" site_id="kcn-3" xmltv_id="KCN 3">KCN 3</channel>
    <channel update="i" site="sbb.rs" site_id="mtv-rocks" xmltv_id="MTV Rocks">MTV Rocks</channel>
    <channel update="i" site="sbb.rs" site_id="mtv-hits" xmltv_id="MTV Hits">MTV Hits</channel>
    <channel update="i" site="sbb.rs" site_id="mtv-dance" xmltv_id="MTV Dance">MTV Dance</channel>
    <channel update="i" site="sbb.rs" site_id="vh1-classic" xmltv_id="VH1 Classic">VH1 Classic</channel>
    <channel update="i" site="sbb.rs" site_id="mezzo" xmltv_id="Mezzo">Mezzo</channel>
    <channel update="i" site="sbb.rs" site_id="bn-music" xmltv_id="BN Music">BN Music</channel>
    <channel update="i" site="sbb.rs" site_id="cmc" xmltv_id="CMC">CMC</channel>
    <channel update="i" site="sbb.rs" site_id="bbc-world" xmltv_id="BBC World News">BBC World News</channel>
    <channel update="i" site="sbb.rs" site_id="euronews" xmltv_id="EuroNews">EuroNews</channel>
    <channel update="i" site="sbb.rs" site_id="cnn" xmltv_id="CNN">CNN</channel>
    <channel update="i" site="sbb.rs" site_id="rai-uno" xmltv_id="Rai Uno">Rai Uno</channel>
    <channel update="i" site="sbb.rs" site_id="rai-due" xmltv_id="Rai Due">Rai Due</channel>
    <channel update="i" site="sbb.rs" site_id="channel-one-russia" xmltv_id="Channel One Russia">Channel One Russia</channel>
    <channel update="i" site="sbb.rs" site_id="rt" xmltv_id="Russia Today">Russia Today</channel>
    <channel update="i" site="sbb.rs" site_id="rtl" xmltv_id="RTL">RTL</channel>
    <channel update="i" site="sbb.rs" site_id="tv-espana" xmltv_id="TVE">TVE</channel>
    <channel update="i" site="sbb.rs" site_id="tv-5-monde" xmltv_id="TV 5 Monde">TV 5 Monde</channel>
    <channel update="i" site="sbb.rs" site_id="dw" xmltv_id="DW">DW</channel>
    <channel update="i" site="sbb.rs" site_id="bloomberg" xmltv_id="Bloomberg">Bloomberg</channel>
    <channel update="i" site="sbb.rs" site_id="hbo-srp" xmltv_id="HBO">HBO</channel>
    <channel update="i" site="sbb.rs" site_id="hbo-comedy-srp" xmltv_id="HBO Comedy">HBO Comedy</channel>
    <channel update="i" site="sbb.rs" site_id="cinemax-srp" xmltv_id="Cinemax">Cinemax</channel>
    <channel update="i" site="sbb.rs" site_id="cinemax-2-srp" xmltv_id="Cinemax 2">Cinemax 2</channel>
    <channel update="i" site="sbb.rs" site_id="pink-movies" xmltv_id="Pink Movies">Pink Movies</channel>
    <channel update="i" site="sbb.rs" site_id="pink-film" xmltv_id="Pink Film">Pink Film</channel>
    <channel update="i" site="sbb.rs" site_id="pink-action" xmltv_id="Pink Action">Pink Action</channel>
    <channel update="i" site="sbb.rs" site_id="pink-extra" xmltv_id="Pink Extra">Pink Extra</channel>
    <channel update="i" site="sbb.rs" site_id="pink-m" xmltv_id="Pink M">Pink M</channel>
    <channel update="i" site="sbb.rs" site_id="pink-plus" xmltv_id="Pink Plus">Pink Plus</channel>
  </channels>
</site>