﻿<?xml version="1.0" encoding="UTF-8"?>
<site generator-info-name="WebGrab+Plus version 1.0.8 Beta -- Jan van Straaten" site="vg.no">
  <channels>
    <channel update="i" site="vg.no" site_id="1" xmltv_id="NRK1">NRK1</channel>
    <channel update="i" site="vg.no" site_id="2" xmltv_id="NRK2">NRK2</channel>
    <channel update="i" site="vg.no" site_id="3" xmltv_id="TV2">TV2</channel>
    <channel update="i" site="vg.no" site_id="4" xmltv_id="TVNORGE">TVNORGE</channel>
    <channel update="i" site="vg.no" site_id="8" xmltv_id="TV3">TV3</channel>
    <channel update="i" site="vg.no" site_id="72" xmltv_id="TV 2 Zebra">TV 2 Zebra</channel>
    <channel update="i" site="vg.no" site_id="76" xmltv_id="TV2 Film">TV2 Film</channel>
    <channel update="i" site="vg.no" site_id="84" xmltv_id="TV2 Nyhetskanalen">TV2 Nyhetskanalen</channel>
    <channel update="i" site="vg.no" site_id="88" xmltv_id="NRK3">NRK3</channel>
    <channel update="i" site="vg.no" site_id="89" xmltv_id="FEM">FEM</channel>
    <channel update="i" site="vg.no" site_id="90" xmltv_id="Viasat 4">Viasat 4</channel>
    <channel update="i" site="vg.no" site_id="98" xmltv_id="NRK Super">NRK Super</channel>
    <channel update="i" site="vg.no" site_id="105" xmltv_id="NRK P1">NRK P1</channel>
    <channel update="i" site="vg.no" site_id="106" xmltv_id="NRK P2">NRK P2</channel>
    <channel update="i" site="vg.no" site_id="107" xmltv_id="NRK P3">NRK P3</channel>
    <channel update="i" site="vg.no" site_id="108" xmltv_id="P4">P4</channel>
    <channel update="i" site="vg.no" site_id="109" xmltv_id="Radio Norge">Radio Norge</channel>
    <channel update="i" site="vg.no" site_id="114" xmltv_id="NRK Alltid Nyheter">NRK Alltid Nyheter</channel>
    <channel update="i" site="vg.no" site_id="115" xmltv_id="NRK Klassisk">NRK Klassisk</channel>
    <channel update="i" site="vg.no" site_id="122" xmltv_id="TVNorge HD">TVNorge HD</channel>
    <channel update="i" site="vg.no" site_id="132" xmltv_id="TV4 Fakta">TV4 Fakta</channel>
    <channel update="i" site="vg.no" site_id="142" xmltv_id="TV 2 Bliss">TV 2 Bliss</channel>
    <channel update="i" site="vg.no" site_id="143" xmltv_id="Seven">Seven</channel>
    <channel update="i" site="vg.no" site_id="144" xmltv_id="Max">Max</channel>
    <channel update="i" site="vg.no" site_id="5" xmltv_id="SVT1">SVT1</channel>
    <channel update="i" site="vg.no" site_id="6" xmltv_id="SVT2">SVT2</channel>
    <channel update="i" site="vg.no" site_id="7" xmltv_id="TV4">TV4</channel>
    <channel update="i" site="vg.no" site_id="10" xmltv_id="TV3+ Danmark">TV3+ Danmark</channel>
    <channel update="i" site="vg.no" site_id="12" xmltv_id="DR1 (DK)">DR1 (DK)</channel>
    <channel update="i" site="vg.no" site_id="13" xmltv_id="TV2 (DK)">TV2 (DK)</channel>
    <channel update="i" site="vg.no" site_id="14" xmltv_id="TV3 (DK)">TV3 (DK)</channel>
    <channel update="i" site="vg.no" site_id="15" xmltv_id="TV3 (S)">TV3 (S)</channel>
    <channel update="i" site="vg.no" site_id="16" xmltv_id="KANAL 5 (S)">KANAL 5 (S)</channel>
    <channel update="i" site="vg.no" site_id="43" xmltv_id="DR2 (DK)">DR2 (DK)</channel>
    <channel update="i" site="vg.no" site_id="77" xmltv_id="Viasat TV6">Viasat TV6</channel>
    <channel update="i" site="vg.no" site_id="121" xmltv_id="Svensk Radio P2">Svensk Radio P2</channel>
    <channel update="i" site="vg.no" site_id="129" xmltv_id="Svt HD">Svt HD</channel>
    <channel update="i" site="vg.no" site_id="37" xmltv_id="CLUB">CLUB</channel>
    <channel update="i" site="vg.no" site_id="40" xmltv_id="3Sat">3Sat</channel>
    <channel update="i" site="vg.no" site_id="44" xmltv_id="Deutsche Welle">Deutsche Welle</channel>
    <channel update="i" site="vg.no" site_id="47" xmltv_id="TLC">TLC</channel>
    <channel update="i" site="vg.no" site_id="50" xmltv_id="Fransk TV5">Fransk TV5</channel>
    <channel update="i" site="vg.no" site_id="53" xmltv_id="Pro7">Pro7</channel>
    <channel update="i" site="vg.no" site_id="55" xmltv_id="RTL1">RTL1</channel>
    <channel update="i" site="vg.no" site_id="57" xmltv_id="Sat1">Sat1</channel>
    <channel update="i" site="vg.no" site_id="58" xmltv_id="Star">Star</channel>
    <channel update="i" site="vg.no" site_id="86" xmltv_id="History">History</channel>
    <channel update="i" site="vg.no" site_id="104" xmltv_id="Al Jazeera">Al Jazeera</channel>
    <channel update="i" site="vg.no" site_id="110" xmltv_id="Zee TV">Zee TV</channel>
    <channel update="i" site="vg.no" site_id="111" xmltv_id="BBC Lifestyle">BBC Lifestyle</channel>
    <channel update="i" site="vg.no" site_id="112" xmltv_id="BBC HD">BBC HD</channel>
    <channel update="i" site="vg.no" site_id="118" xmltv_id="BBC Entertainment">BBC Entertainment</channel>
    <channel update="i" site="vg.no" site_id="119" xmltv_id="BBC Knowledge">BBC Knowledge</channel>
    <channel update="i" site="vg.no" site_id="120" xmltv_id="E!">E!</channel>
    <channel update="i" site="vg.no" site_id="128" xmltv_id="Silver HD">Silver HD</channel>
    <channel update="i" site="vg.no" site_id="147" xmltv_id="Fox Crime">Fox Crime</channel>
    <channel update="i" site="vg.no" site_id="9" xmltv_id="TV1000">TV1000</channel>
    <channel update="i" site="vg.no" site_id="22" xmltv_id="SHOWTIME">SHOWTIME</channel>
    <channel update="i" site="vg.no" site_id="30" xmltv_id="TCM">TCM</channel>
    <channel update="i" site="vg.no" site_id="62" xmltv_id="TV1000 Action">TV1000 Action</channel>
    <channel update="i" site="vg.no" site_id="63" xmltv_id="TV1000 Classic">TV1000 Classic</channel>
    <channel update="i" site="vg.no" site_id="64" xmltv_id="TV1000 Family">TV1000 Family</channel>
    <channel update="i" site="vg.no" site_id="65" xmltv_id="TV1000 Nordic">TV1000 Nordic</channel>
    <channel update="i" site="vg.no" site_id="81" xmltv_id="Canal+ Film HD">Canal+ Film HD</channel>
    <channel update="i" site="vg.no" site_id="87" xmltv_id="Silver">Silver</channel>
    <channel update="i" site="vg.no" site_id="91" xmltv_id="Canal+ Drama">Canal+ Drama</channel>
    <channel update="i" site="vg.no" site_id="92" xmltv_id="Canal+ First">Canal+ First</channel>
    <channel update="i" site="vg.no" site_id="93" xmltv_id="Canal+ Series">Canal+ Series</channel>
    <channel update="i" site="vg.no" site_id="94" xmltv_id="Canal+ Action">Canal+ Action</channel>
    <channel update="i" site="vg.no" site_id="95" xmltv_id="Canal+ Hits">Canal+ Hits</channel>
    <channel update="i" site="vg.no" site_id="134" xmltv_id="Canal+ SF">Canal+ SF</channel>
    <channel update="i" site="vg.no" site_id="140" xmltv_id="TV1000 Drama">TV1000 Drama</channel>
    <channel update="i" site="vg.no" site_id="11" xmltv_id="EUROSPORT">EUROSPORT</channel>
    <channel update="i" site="vg.no" site_id="35" xmltv_id="Viasat Sport">Viasat Sport</channel>
    <channel update="i" site="vg.no" site_id="36" xmltv_id="EXTREME">EXTREME</channel>
    <channel update="i" site="vg.no" site_id="49" xmltv_id="DSF">DSF</channel>
    <channel update="i" site="vg.no" site_id="69" xmltv_id="Viasat Fotball">Viasat Fotball</channel>
    <channel update="i" site="vg.no" site_id="70" xmltv_id="Viasat Motor">Viasat Motor</channel>
    <channel update="i" site="vg.no" site_id="75" xmltv_id="EUROSPORT 2">EUROSPORT 2</channel>
    <channel update="i" site="vg.no" site_id="79" xmltv_id="Canal+ Sport 2">Canal+ Sport 2</channel>
    <channel update="i" site="vg.no" site_id="85" xmltv_id="TV2 Sport">TV2 Sport</channel>
    <channel update="i" site="vg.no" site_id="96" xmltv_id="Canal+ Fotball">Canal+ Fotball</channel>
    <channel update="i" site="vg.no" site_id="97" xmltv_id="Canal+ Sport HD">Canal+ Sport HD</channel>
    <channel update="i" site="vg.no" site_id="102" xmltv_id="Viasat Golf">Viasat Golf</channel>
    <channel update="i" site="vg.no" site_id="103" xmltv_id="Canal+ Sport Extra">Canal+ Sport Extra</channel>
    <channel update="i" site="vg.no" site_id="113" xmltv_id="Viasat Sport HD">Viasat Sport HD</channel>
    <channel update="i" site="vg.no" site_id="126" xmltv_id="Eurosport HD">Eurosport HD</channel>
    <channel update="i" site="vg.no" site_id="135" xmltv_id="TV2 Premier League HD">TV2 Premier League HD</channel>
    <channel update="i" site="vg.no" site_id="136" xmltv_id="TV2 Premier League HD 2">TV2 Premier League HD 2</channel>
    <channel update="i" site="vg.no" site_id="137" xmltv_id="TV2 Premier League HD 3">TV2 Premier League HD 3</channel>
    <channel update="i" site="vg.no" site_id="138" xmltv_id="CANAL+ Sport 3">CANAL+ Sport 3</channel>
    <channel update="i" site="vg.no" site_id="139" xmltv_id="CANAL+ Hockey">CANAL+ Hockey</channel>
    <channel update="i" site="vg.no" site_id="141" xmltv_id="Viasat Hockey">Viasat Hockey</channel>
    <channel update="i" site="vg.no" site_id="145" xmltv_id="ESPN America">ESPN America</channel>
    <channel update="i" site="vg.no" site_id="18" xmltv_id="NATIONAL GEOGRAPHIC">NATIONAL GEOGRAPHIC</channel>
    <channel update="i" site="vg.no" site_id="19" xmltv_id="DISCOVERY">DISCOVERY</channel>
    <channel update="i" site="vg.no" site_id="20" xmltv_id="ANIMAL PLANET">ANIMAL PLANET</channel>
    <channel update="i" site="vg.no" site_id="21" xmltv_id="TRAVEL">TRAVEL</channel>
    <channel update="i" site="vg.no" site_id="45" xmltv_id="Discovery World">Discovery World</channel>
    <channel update="i" site="vg.no" site_id="46" xmltv_id="Discovery Science">Discovery Science</channel>
    <channel update="i" site="vg.no" site_id="54" xmltv_id="Reality">Reality</channel>
    <channel update="i" site="vg.no" site_id="68" xmltv_id="Viasat Explorer">Viasat Explorer</channel>
    <channel update="i" site="vg.no" site_id="99" xmltv_id="Viasat Crime">Viasat Crime</channel>
    <channel update="i" site="vg.no" site_id="116" xmltv_id="Viasat History">Viasat History</channel>
    <channel update="i" site="vg.no" site_id="123" xmltv_id="National Geographic HD">National Geographic HD</channel>
    <channel update="i" site="vg.no" site_id="124" xmltv_id="Discovery Channel HD">Discovery Channel HD</channel>
    <channel update="i" site="vg.no" site_id="125" xmltv_id="Animal Planet HD">Animal Planet HD</channel>
    <channel update="i" site="vg.no" site_id="127" xmltv_id="History HD">History HD</channel>
    <channel update="i" site="vg.no" site_id="146" xmltv_id="NatGeo Wild">NatGeo Wild</channel>
    <channel update="i" site="vg.no" site_id="25" xmltv_id="BBC WORLD">BBC WORLD</channel>
    <channel update="i" site="vg.no" site_id="26" xmltv_id="CNN">CNN</channel>
    <channel update="i" site="vg.no" site_id="28" xmltv_id="SKY NEWS">SKY NEWS</channel>
    <channel update="i" site="vg.no" site_id="42" xmltv_id="CNBC">CNBC</channel>
    <channel update="i" site="vg.no" site_id="60" xmltv_id="CNBC + Nat. Geo. Channel">CNBC + Nat. Geo. Channel</channel>
    <channel update="i" site="vg.no" site_id="66" xmltv_id="TV8">TV8</channel>
    <channel update="i" site="vg.no" site_id="27" xmltv_id="CARTOON NETWORK">CARTOON NETWORK</channel>
    <channel update="i" site="vg.no" site_id="48" xmltv_id="Disney Channel">Disney Channel</channel>
    <channel update="i" site="vg.no" site_id="52" xmltv_id="Nickelodeon">Nickelodeon</channel>
    <channel update="i" site="vg.no" site_id="82" xmltv_id="Playhouse Disney">Playhouse Disney</channel>
    <channel update="i" site="vg.no" site_id="117" xmltv_id="Boomerang">Boomerang</channel>
    <channel update="i" site="vg.no" site_id="130" xmltv_id="Disney XD">Disney XD</channel>
    <channel update="i" site="vg.no" site_id="23" xmltv_id="MTV">MTV</channel>
    <channel update="i" site="vg.no" site_id="67" xmltv_id="VH1">VH1</channel>
    <channel update="i" site="vg.no" site_id="73" xmltv_id="The Voice">The Voice</channel>
    <channel update="i" site="vg.no" site_id="101" xmltv_id="VH1 Classic">VH1 Classic</channel>
  </channels>
</site>