﻿<?xml version="1.0" encoding="UTF-8"?>
<site generator-info-name="WebGrab+Plus/w MDB &amp; REX Postprocess -- version 1.1.1/47 -- Jan van Straaten" site="tv24.lt">
  <channels>
    <channel update="i" site="tv24.lt" site_id="306" xmltv_id="LRT Televizija">LRT Televizija</channel>
    <channel update="i" site="tv24.lt" site_id="303" xmltv_id="TV3">TV3</channel>
    <channel update="i" site="tv24.lt" site_id="301" xmltv_id="LNK">LNK</channel>
    <channel update="i" site="tv24.lt" site_id="305" xmltv_id="Baltijos TV">Baltijos TV</channel>
    <channel update="i" site="tv24.lt" site_id="312" xmltv_id="ПБК Литва">ПБК Литва</channel>
    <channel update="i" site="tv24.lt" site_id="307" xmltv_id="LRT Kultūra">LRT Kultūra</channel>
    <channel update="i" site="tv24.lt" site_id="318" xmltv_id="Lietuvos rytas.tv">Lietuvos rytas.tv</channel>
    <channel update="i" site="tv24.lt" site_id="304" xmltv_id="TV6">TV6</channel>
    <channel update="i" site="tv24.lt" site_id="302" xmltv_id="TV1">TV1</channel>
    <channel update="i" site="tv24.lt" site_id="545" xmltv_id="TV8">TV8</channel>
    <channel update="i" site="tv24.lt" site_id="336" xmltv_id="Sport 1">Sport 1</channel>
    <channel update="i" site="tv24.lt" site_id="309" xmltv_id="Balticum TV">Balticum TV</channel>
    <channel update="i" site="tv24.lt" site_id="326" xmltv_id="Info TV">Info TV</channel>
    <channel update="i" site="tv24.lt" site_id="328" xmltv_id="Liuks!">Liuks!</channel>
    <channel update="i" site="tv24.lt" site_id="325" xmltv_id="LRT Lituanica">LRT Lituanica</channel>
    <channel update="i" site="tv24.lt" site_id="308" xmltv_id="Balticum  Auksinis">Balticum  Auksinis</channel>
    <channel update="i" site="tv24.lt" site_id="503" xmltv_id="TV Polonia">TV Polonia</channel>
    <channel update="i" site="tv24.lt" site_id="41" xmltv_id="Discovery Channel">Discovery Channel</channel>
    <channel update="i" site="tv24.lt" site_id="42" xmltv_id="Discovery World">Discovery World</channel>
    <channel update="i" site="tv24.lt" site_id="43" xmltv_id="Discovery Science">Discovery Science</channel>
    <channel update="i" site="tv24.lt" site_id="425" xmltv_id="TLC">TLC</channel>
    <channel update="i" site="tv24.lt" site_id="928" xmltv_id="Discovery HD Showcase">Discovery HD Showcase</channel>
    <channel update="i" site="tv24.lt" site_id="320" xmltv_id="Init TV">Init TV</channel>
    <channel update="i" site="tv24.lt" site_id="334" xmltv_id="Mikrovisatos TV">Mikrovisatos TV</channel>
    <channel update="i" site="tv24.lt" site_id="321" xmltv_id="Pūkas TV">Pūkas TV</channel>
    <channel update="i" site="tv24.lt" site_id="317" xmltv_id="Splius">Splius</channel>
    <channel update="i" site="tv24.lt" site_id="315" xmltv_id="Šiaulių TV">Šiaulių TV</channel>
    <channel update="i" site="tv24.lt" site_id="327" xmltv_id="Penki TV">Penki TV</channel>
    <channel update="i" site="tv24.lt" site_id="322" xmltv_id="Dzūkijos TV">Dzūkijos TV</channel>
    <channel update="i" site="tv24.lt" site_id="316" xmltv_id="Aukštaitijos TV">Aukštaitijos TV</channel>
    <channel update="i" site="tv24.lt" site_id="319" xmltv_id="KTV Plius">KTV Plius</channel>
    <channel update="i" site="tv24.lt" site_id="323" xmltv_id="PanTV">PanTV</channel>
    <channel update="i" site="tv24.lt" site_id="329" xmltv_id="Žvaigždė">Žvaigždė</channel>
    <channel update="i" site="tv24.lt" site_id="340" xmltv_id="Kobra TV">Kobra TV</channel>
    <channel update="i" site="tv24.lt" site_id="330" xmltv_id="Marijampolės TV">Marijampolės TV</channel>
    <channel update="i" site="tv24.lt" site_id="311" xmltv_id="Seimas tiesiogiai">Seimas tiesiogiai</channel>
    <channel update="i" site="tv24.lt" site_id="977" xmltv_id="TV1000 East">TV1000 East</channel>
    <channel update="i" site="tv24.lt" site_id="978" xmltv_id="TV1000 Russkoje Kino">TV1000 Russkoje Kino</channel>
    <channel update="i" site="tv24.lt" site_id="972" xmltv_id="Viasat Explorer">Viasat Explorer</channel>
    <channel update="i" site="tv24.lt" site_id="973" xmltv_id="Viasat History">Viasat History</channel>
    <channel update="i" site="tv24.lt" site_id="975" xmltv_id="TV1000 Premium">TV1000 Premium</channel>
    <channel update="i" site="tv24.lt" site_id="976" xmltv_id="TV1000 Action">TV1000 Action</channel>
    <channel update="i" site="tv24.lt" site_id="919" xmltv_id="Viasat Sport Baltic">Viasat Sport Baltic</channel>
    <channel update="i" site="tv24.lt" site_id="925" xmltv_id="Viasat Golf">Viasat Golf</channel>
    <channel update="i" site="tv24.lt" site_id="958" xmltv_id="VIASAT Nature">VIASAT Nature</channel>
    <channel update="i" site="tv24.lt" site_id="941" xmltv_id="Viasat Premier League HD">Viasat Premier League HD</channel>
    <channel update="i" site="tv24.lt" site_id="554" xmltv_id="Viasat Motor">Viasat Motor</channel>
    <channel update="i" site="tv24.lt" site_id="24" xmltv_id="Diva Universal">Diva Universal</channel>
    <channel update="i" site="tv24.lt" site_id="935" xmltv_id="TV XXI">TV XXI</channel>
    <channel update="i" site="tv24.lt" site_id="998" xmltv_id="Showtime">Showtime</channel>
    <channel update="i" site="tv24.lt" site_id="151" xmltv_id="РТВ-Наше Кино">РТВ-Наше Кино</channel>
    <channel update="i" site="tv24.lt" site_id="29" xmltv_id="TCM">TCM</channel>
    <channel update="i" site="tv24.lt" site_id="126" xmltv_id="НТВ+ Телеклуб">НТВ+ Телеклуб</channel>
    <channel update="i" site="tv24.lt" site_id="908" xmltv_id="Fox">Fox</channel>
    <channel update="i" site="tv24.lt" site_id="914" xmltv_id="Fox Life">Fox Life</channel>
    <channel update="i" site="tv24.lt" site_id="83" xmltv_id="CBS Drama">CBS Drama</channel>
    <channel update="i" site="tv24.lt" site_id="82" xmltv_id="CBS Reality">CBS Reality</channel>
    <channel update="i" site="tv24.lt" site_id="194" xmltv_id="Universal">Universal</channel>
    <channel update="i" site="tv24.lt" site_id="142" xmltv_id="Дом Кино">Дом Кино</channel>
    <channel update="i" site="tv24.lt" site_id="933" xmltv_id="Silver Baltic">Silver Baltic</channel>
    <channel update="i" site="tv24.lt" site_id="165" xmltv_id="MGM">MGM</channel>
    <channel update="i" site="tv24.lt" site_id="199" xmltv_id="RenTV Baltic">RenTV Baltic</channel>
    <channel update="i" site="tv24.lt" site_id="106" xmltv_id="НТВ-Мир">НТВ-Мир</channel>
    <channel update="i" site="tv24.lt" site_id="195" xmltv_id="РТР Планета Балтия">РТР Планета Балтия</channel>
    <channel update="i" site="tv24.lt" site_id="115" xmltv_id="РТB International">РТB International</channel>
    <channel update="i" site="tv24.lt" site_id="104" xmltv_id="ТВЦ">ТВЦ</channel>
    <channel update="i" site="tv24.lt" site_id="157" xmltv_id="Беларусь ТВ">Беларусь ТВ</channel>
    <channel update="i" site="tv24.lt" site_id="406" xmltv_id="НСТВ Страшное">НСТВ Страшное</channel>
    <channel update="i" site="tv24.lt" site_id="546" xmltv_id="СТС интернэшнл">СТС интернэшнл</channel>
    <channel update="i" site="tv24.lt" site_id="103" xmltv_id="Россия">Россия</channel>
    <channel update="i" site="tv24.lt" site_id="146" xmltv_id="Россия К">Россия К</channel>
    <channel update="i" site="tv24.lt" site_id="411" xmltv_id="Иллюзион +">Иллюзион +</channel>
    <channel update="i" site="tv24.lt" site_id="102" xmltv_id="Первый. Всемирная">Первый. Всемирная</channel>
    <channel update="i" site="tv24.lt" site_id="110" xmltv_id="ТВ-3">ТВ-3</channel>
    <channel update="i" site="tv24.lt" site_id="111" xmltv_id="Перец">Перец</channel>
    <channel update="i" site="tv24.lt" site_id="129" xmltv_id="РТР Планета Европа">РТР Планета Европа</channel>
    <channel update="i" site="tv24.lt" site_id="169" xmltv_id="ТК Тонис">ТК Тонис</channel>
    <channel update="i" site="tv24.lt" site_id="188" xmltv_id="Inter+">Inter+</channel>
    <channel update="i" site="tv24.lt" site_id="162" xmltv_id="НСТ Смешное">НСТ Смешное</channel>
    <channel update="i" site="tv24.lt" site_id="116" xmltv_id="Аджара ТВ">Аджара ТВ</channel>
    <channel update="i" site="tv24.lt" site_id="145" xmltv_id="Охота и рыбалка">Охота и рыбалка</channel>
    <channel update="i" site="tv24.lt" site_id="149" xmltv_id="Здоровое ТВ">Здоровое ТВ</channel>
    <channel update="i" site="tv24.lt" site_id="167" xmltv_id="Усадьба ТВ">Усадьба ТВ</channel>
    <channel update="i" site="tv24.lt" site_id="148" xmltv_id="Драйв">Драйв</channel>
    <channel update="i" site="tv24.lt" site_id="168" xmltv_id="Индия ТВ">Индия ТВ</channel>
    <channel update="i" site="tv24.lt" site_id="174" xmltv_id="Интересное TV">Интересное TV</channel>
    <channel update="i" site="tv24.lt" site_id="177" xmltv_id="Комедия">Комедия</channel>
    <channel update="i" site="tv24.lt" site_id="178" xmltv_id="Кухня ТВ">Кухня ТВ</channel>
    <channel update="i" site="tv24.lt" site_id="180" xmltv_id="Ля-минор ТВ">Ля-минор ТВ</channel>
    <channel update="i" site="tv24.lt" site_id="175" xmltv_id="Много ТВ">Много ТВ</channel>
    <channel update="i" site="tv24.lt" site_id="150" xmltv_id="Ретро">Ретро</channel>
    <channel update="i" site="tv24.lt" site_id="173" xmltv_id="S TV">S TV</channel>
    <channel update="i" site="tv24.lt" site_id="112" xmltv_id="Disney Russia">Disney Russia</channel>
    <channel update="i" site="tv24.lt" site_id="502" xmltv_id="TVP 1">TVP 1</channel>
    <channel update="i" site="tv24.lt" site_id="504" xmltv_id="TVP 2">TVP 2</channel>
    <channel update="i" site="tv24.lt" site_id="501" xmltv_id="Tele5">Tele5</channel>
    <channel update="i" site="tv24.lt" site_id="505" xmltv_id="TVP History">TVP History</channel>
    <channel update="i" site="tv24.lt" site_id="507" xmltv_id="TVP Info">TVP Info</channel>
    <channel update="i" site="tv24.lt" site_id="506" xmltv_id="TVP Kultura">TVP Kultura</channel>
    <channel update="i" site="tv24.lt" site_id="508" xmltv_id="TVP Sport">TVP Sport</channel>
    <channel update="i" site="tv24.lt" site_id="509" xmltv_id="Polsat 2">Polsat 2</channel>
    <channel update="i" site="tv24.lt" site_id="48" xmltv_id="Travel Channel">Travel Channel</channel>
    <channel update="i" site="tv24.lt" site_id="22" xmltv_id="National Geographic Baltic">National Geographic Baltic</channel>
    <channel update="i" site="tv24.lt" site_id="40" xmltv_id="Animal Planet">Animal Planet</channel>
    <channel update="i" site="tv24.lt" site_id="49" xmltv_id="Nat Geo Wild Europe">Nat Geo Wild Europe</channel>
    <channel update="i" site="tv24.lt" site_id="95" xmltv_id="TV5Monde Europe">TV5Monde Europe</channel>
    <channel update="i" site="tv24.lt" site_id="59" xmltv_id="Arte">Arte</channel>
    <channel update="i" site="tv24.lt" site_id="193" xmltv_id="Sci Fi">Sci Fi</channel>
    <channel update="i" site="tv24.lt" site_id="963" xmltv_id="History Europe">History Europe</channel>
    <channel update="i" site="tv24.lt" site_id="76" xmltv_id="Star!">Star!</channel>
    <channel update="i" site="tv24.lt" site_id="92" xmltv_id="C Music TV">C Music TV</channel>
    <channel update="i" site="tv24.lt" site_id="161" xmltv_id="ТДК">ТДК</channel>
    <channel update="i" site="tv24.lt" site_id="100" xmltv_id="E! Entertainment">E! Entertainment</channel>
    <channel update="i" site="tv24.lt" site_id="26" xmltv_id="BBC Entertainment">BBC Entertainment</channel>
    <channel update="i" site="tv24.lt" site_id="341" xmltv_id="Style">Style</channel>
    <channel update="i" site="tv24.lt" site_id="957" xmltv_id="Sony Entertainment">Sony Entertainment</channel>
    <channel update="i" site="tv24.lt" site_id="75" xmltv_id="MTV Europe">MTV Europe</channel>
    <channel update="i" site="tv24.lt" site_id="73" xmltv_id="VIVA">VIVA</channel>
    <channel update="i" site="tv24.lt" site_id="97" xmltv_id="MCM TOP">MCM TOP</channel>
    <channel update="i" site="tv24.lt" site_id="191" xmltv_id="РУ ТВ">РУ ТВ</channel>
    <channel update="i" site="tv24.lt" site_id="96" xmltv_id="MCM POP">MCM POP</channel>
    <channel update="i" site="tv24.lt" site_id="74" xmltv_id="Mezzo">Mezzo</channel>
    <channel update="i" site="tv24.lt" site_id="113" xmltv_id="Муз-ТВ">Муз-ТВ</channel>
    <channel update="i" site="tv24.lt" site_id="72" xmltv_id="VH1 Classic Euro">VH1 Classic Euro</channel>
    <channel update="i" site="tv24.lt" site_id="68" xmltv_id="VH1 European">VH1 European</channel>
    <channel update="i" site="tv24.lt" site_id="94" xmltv_id="Trace TV">Trace TV</channel>
    <channel update="i" site="tv24.lt" site_id="77" xmltv_id="MTV Rocks">MTV Rocks</channel>
    <channel update="i" site="tv24.lt" site_id="71" xmltv_id="MTV Dance">MTV Dance</channel>
    <channel update="i" site="tv24.lt" site_id="69" xmltv_id="MTV Hits">MTV Hits</channel>
    <channel update="i" site="tv24.lt" site_id="80" xmltv_id="BBC World News">BBC World News</channel>
    <channel update="i" site="tv24.lt" site_id="79" xmltv_id="EuroNews">EuroNews</channel>
    <channel update="i" site="tv24.lt" site_id="78" xmltv_id="CNN">CNN</channel>
    <channel update="i" site="tv24.lt" site_id="99" xmltv_id="Sky News">Sky News</channel>
    <channel update="i" site="tv24.lt" site_id="98" xmltv_id="CNBC Europe">CNBC Europe</channel>
    <channel update="i" site="tv24.lt" site_id="903" xmltv_id="Al Jazeera">Al Jazeera</channel>
    <channel update="i" site="tv24.lt" site_id="56" xmltv_id="Deutche Welle">Deutche Welle</channel>
    <channel update="i" site="tv24.lt" site_id="81" xmltv_id="Bloomberg">Bloomberg</channel>
    <channel update="i" site="tv24.lt" site_id="160" xmltv_id="РБК">РБК</channel>
    <channel update="i" site="tv24.lt" site_id="904" xmltv_id="France 24 UK">France 24 UK</channel>
    <channel update="i" site="tv24.lt" site_id="609" xmltv_id="N24">N24</channel>
    <channel update="i" site="tv24.lt" site_id="412" xmltv_id="RT">RT</channel>
    <channel update="i" site="tv24.lt" site_id="60" xmltv_id="Eurosport">Eurosport</channel>
    <channel update="i" site="tv24.lt" site_id="338" xmltv_id="NBA">NBA</channel>
    <channel update="i" site="tv24.lt" site_id="608" xmltv_id="Sport1">Sport1</channel>
    <channel update="i" site="tv24.lt" site_id="58" xmltv_id="Eurosport 2 (Bundesliga)">Eurosport 2 (Bundesliga)</channel>
    <channel update="i" site="tv24.lt" site_id="147" xmltv_id="Россия 2">Россия 2</channel>
    <channel update="i" site="tv24.lt" site_id="85" xmltv_id="MotorsTV">MotorsTV</channel>
    <channel update="i" site="tv24.lt" site_id="158" xmltv_id="Авто плюс">Авто плюс</channel>
    <channel update="i" site="tv24.lt" site_id="423" xmltv_id="Перший Автомобильный">Перший Автомобильный</channel>
    <channel update="i" site="tv24.lt" site_id="66" xmltv_id="ESPN America">ESPN America</channel>
    <channel update="i" site="tv24.lt" site_id="86" xmltv_id="Extreme Sports">Extreme Sports</channel>
    <channel update="i" site="tv24.lt" site_id="159" xmltv_id="Боец ТВ">Боец ТВ</channel>
    <channel update="i" site="tv24.lt" site_id="65" xmltv_id="ESPN Classic">ESPN Classic</channel>
    <channel update="i" site="tv24.lt" site_id="163" xmltv_id="Русский Экстрим">Русский Экстрим</channel>
    <channel update="i" site="tv24.lt" site_id="61" xmltv_id="Eurosport 2">Eurosport 2</channel>
    <channel update="i" site="tv24.lt" site_id="959" xmltv_id="Cartoon Network">Cartoon Network</channel>
    <channel update="i" site="tv24.lt" site_id="138" xmltv_id="4 Multimania">4 Multimania</channel>
    <channel update="i" site="tv24.lt" site_id="606" xmltv_id="KIKA">KIKA</channel>
    <channel update="i" site="tv24.lt" site_id="909" xmltv_id="Baby TV">Baby TV</channel>
    <channel update="i" site="tv24.lt" site_id="121" xmltv_id="НТВ+ Детский мир">НТВ+ Детский мир</channel>
    <channel update="i" site="tv24.lt" site_id="143" xmltv_id="Карусель">Карусель</channel>
    <channel update="i" site="tv24.lt" site_id="88" xmltv_id="Boomerang">Boomerang</channel>
    <channel update="i" site="tv24.lt" site_id="960" xmltv_id="Nickelodeon">Nickelodeon</channel>
    <channel update="i" site="tv24.lt" site_id="51" xmltv_id="Super RTL">Super RTL</channel>
    <channel update="i" site="tv24.lt" site_id="905" xmltv_id="Disney Channel">Disney Channel</channel>
    <channel update="i" site="tv24.lt" site_id="907" xmltv_id="Disney XD">Disney XD</channel>
    <channel update="i" site="tv24.lt" site_id="427" xmltv_id="Lolo TV">Lolo TV</channel>
    <channel update="i" site="tv24.lt" site_id="50" xmltv_id="RTL">RTL</channel>
    <channel update="i" site="tv24.lt" site_id="54" xmltv_id="PRO 7">PRO 7</channel>
    <channel update="i" site="tv24.lt" site_id="610" xmltv_id="Kabel Eins">Kabel Eins</channel>
    <channel update="i" site="tv24.lt" site_id="611" xmltv_id="VOX">VOX</channel>
    <channel update="i" site="tv24.lt" site_id="604" xmltv_id="ARD">ARD</channel>
    <channel update="i" site="tv24.lt" site_id="53" xmltv_id="RTL 2">RTL 2</channel>
    <channel update="i" site="tv24.lt" site_id="605" xmltv_id="3SAT">3SAT</channel>
    <channel update="i" site="tv24.lt" site_id="55" xmltv_id="SAT 1">SAT 1</channel>
    <channel update="i" site="tv24.lt" site_id="607" xmltv_id="ZDF">ZDF</channel>
    <channel update="i" site="tv24.lt" site_id="650" xmltv_id="ORF1">ORF1</channel>
    <channel update="i" site="tv24.lt" site_id="651" xmltv_id="ORF2">ORF2</channel>
    <channel update="i" site="tv24.lt" site_id="701" xmltv_id="RAI1">RAI1</channel>
    <channel update="i" site="tv24.lt" site_id="913" xmltv_id="Arirang TV">Arirang TV</channel>
    <channel update="i" site="tv24.lt" site_id="912" xmltv_id="ERT World">ERT World</channel>
    <channel update="i" site="tv24.lt" site_id="190" xmltv_id="CNL">CNL</channel>
    <channel update="i" site="tv24.lt" site_id="702" xmltv_id="RAI2">RAI2</channel>
    <channel update="i" site="tv24.lt" site_id="703" xmltv_id="RAI3">RAI3</channel>
    <channel update="i" site="tv24.lt" site_id="201" xmltv_id="LTV1 Latvija">LTV1 Latvija</channel>
    <channel update="i" site="tv24.lt" site_id="207" xmltv_id="TV3+ Latvija">TV3+ Latvija</channel>
    <channel update="i" site="tv24.lt" site_id="203" xmltv_id="TV3 Latvija">TV3 Latvija</channel>
    <channel update="i" site="tv24.lt" site_id="205" xmltv_id="TV5">TV5</channel>
    <channel update="i" site="tv24.lt" site_id="204" xmltv_id="LNT">LNT</channel>
    <channel update="i" site="tv24.lt" site_id="13" xmltv_id="TV3 Estija">TV3 Estija</channel>
    <channel update="i" site="tv24.lt" site_id="136" xmltv_id="TV3+ Estija">TV3+ Estija</channel>
    <channel update="i" site="tv24.lt" site_id="929" xmltv_id="TVE">TVE</channel>
    <channel update="i" site="tv24.lt" site_id="89" xmltv_id="Fashion TV">Fashion TV</channel>
    <channel update="i" site="tv24.lt" site_id="910" xmltv_id="Fashion World">Fashion World</channel>
    <channel update="i" site="tv24.lt" site_id="120" xmltv_id="НТВ+ Спортивный">НТВ+ Спортивный</channel>
    <channel update="i" site="tv24.lt" site_id="170" xmltv_id="НТВ+ HD">НТВ+ HD</channel>
    <channel update="i" site="tv24.lt" site_id="182" xmltv_id="НТВ+ Баскетбол">НТВ+ Баскетбол</channel>
    <channel update="i" site="tv24.lt" site_id="186" xmltv_id="НТВ+ HD Спорт">НТВ+ HD Спорт</channel>
    <channel update="i" site="tv24.lt" site_id="123" xmltv_id="НТВ+ Футбол">НТВ+ Футбол</channel>
    <channel update="i" site="tv24.lt" site_id="128" xmltv_id="НТВ+ Спорт On-Line">НТВ+ Спорт On-Line</channel>
    <channel update="i" site="tv24.lt" site_id="185" xmltv_id="НТВ+ Теннис">НТВ+ Теннис</channel>
    <channel update="i" site="tv24.lt" site_id="183" xmltv_id="НТВ+ Наш Футбол">НТВ+ Наш Футбол</channel>
    <channel update="i" site="tv24.lt" site_id="122" xmltv_id="НТВ+ Премьера">НТВ+ Премьера</channel>
    <channel update="i" site="tv24.lt" site_id="184" xmltv_id="НТВ+ Футбол 2">НТВ+ Футбол 2</channel>
    <channel update="i" site="tv24.lt" site_id="127" xmltv_id="НТВ+ Кинохит">НТВ+ Кинохит</channel>
    <channel update="i" site="tv24.lt" site_id="119" xmltv_id="НТВ+ Киноклуб">НТВ+ Киноклуб</channel>
    <channel update="i" site="tv24.lt" site_id="187" xmltv_id="НТВ+ Наше новое кино">НТВ+ Наше новое кино</channel>
    <channel update="i" site="tv24.lt" site_id="118" xmltv_id="НТВ+ Наше кино">НТВ+ Наше кино</channel>
    <channel update="i" site="tv24.lt" site_id="172" xmltv_id="НТВ+ Киносоюз">НТВ+ Киносоюз</channel>
    <channel update="i" site="tv24.lt" site_id="179" xmltv_id="HD-Life">HD-Life</channel>
  </channels>
</site>