﻿<?xml version="1.0" encoding="UTF-8"?>
<site generator-info-name="WebGrab+Plus/w MDB &amp; REX Postprocess -- version 1.1.1/43 -- Jan van Straaten" site="tvprofil.net">
  <channels>
    <channel update="l" site="tvprofil.net" site_id="htv1.hr" xmltv_id="HTV1">HTV1</channel>
    <channel update="l" site="tvprofil.net" site_id="htv2.hr" xmltv_id="HTV2">HTV2</channel>
    <channel update="l" site="tvprofil.net" site_id="rtl.hr" xmltv_id="RTL">RTL</channel>
    <channel update="l" site="tvprofil.net" site_id="nova.hr" xmltv_id="NOVA TV">NOVA TV</channel>
    <channel update="l" site="tvprofil.net" site_id="jabukatv.hr" xmltv_id="JabukaTV">JabukaTV</channel>
    <channel update="l" site="tvprofil.net" site_id="net.hr" xmltv_id="NeT">NeT</channel>
    <channel update="l" site="tvprofil.net" site_id="kanal-ri.hr" xmltv_id="Kanal-Ri">Kanal-Ri</channel>
    <channel update="l" site="tvprofil.net" site_id="tv-nova.hr" xmltv_id="TV NOVA">TV NOVA</channel>
    <channel update="l" site="tvprofil.net" site_id="z1.hr" xmltv_id="Z1">Z1</channel>
    <channel update="l" site="tvprofil.net" site_id="varazdinska-tv.hr" xmltv_id="Varaždinska TV">Varaždinska TV</channel>
    <channel update="l" site="tvprofil.net" site_id="tv-dalmacija.hr" xmltv_id="TV Dalmacija">TV Dalmacija</channel>
    <channel update="l" site="tvprofil.net" site_id="slavonska-tv.hr" xmltv_id="Slavonska TV">Slavonska TV</channel>
    <channel update="l" site="tvprofil.net" site_id="vinkovacka-tv.hr" xmltv_id="Vinkovačka TV">Vinkovačka TV</channel>
    <channel update="l" site="tvprofil.net" site_id="sbtv.hr" xmltv_id="SBTV">SBTV</channel>
    <channel update="l" site="tvprofil.net" site_id="nit.hr" xmltv_id="TV Istra">TV Istra</channel>
    <channel update="l" site="tvprofil.net" site_id="cakovec.hr" xmltv_id="SrceTV">SrceTV</channel>
    <channel update="l" site="tvprofil.net" site_id="rtl-plus.hr" xmltv_id="RTL+">RTL+</channel>
    <channel update="l" site="tvprofil.net" site_id="vox-tv.hr" xmltv_id="VOX TV">VOX TV</channel>
    <channel update="l" site="tvprofil.net" site_id="doma-tv.hr" xmltv_id="Doma TV">Doma TV</channel>
    <channel update="l" site="tvprofil.net" site_id="rtl2.hr" xmltv_id="RTL2">RTL2</channel>
    <channel update="l" site="tvprofil.net" site_id="ritv.hr" xmltv_id="RITV">RITV</channel>
    <channel update="l" site="tvprofil.net" site_id="ostv.hr" xmltv_id="OSTV">OSTV</channel>
    <channel update="l" site="tvprofil.net" site_id="tv-jadran.hr" xmltv_id="TV Jadran">TV Jadran</channel>
    <channel update="l" site="tvprofil.net" site_id="sportska-televizija.hr" xmltv_id="SPTV">SPTV</channel>
    <channel update="l" site="tvprofil.net" site_id="fulltv.hr" xmltv_id="FullTV">FullTV</channel>
    <channel update="l" site="tvprofil.net" site_id="tv-plus.hr" xmltv_id="TV Plus">TV Plus</channel>
    <channel update="l" site="tvprofil.net" site_id="tv4r.hr" xmltv_id="TV4R">TV4R</channel>
    <channel update="l" site="tvprofil.net" site_id="kanal5-tv.hr" xmltv_id="Kanal5 TV">Kanal5 TV</channel>
    <channel update="l" site="tvprofil.net" site_id="htv3.hr" xmltv_id="HTV3">HTV3</channel>
    <channel update="l" site="tvprofil.net" site_id="zdrava-televizija.hr" xmltv_id="Zdrava televizija">Zdrava televizija</channel>
    <channel update="l" site="tvprofil.net" site_id="mreza-tv.hr" xmltv_id="Mreža TV">Mreža TV</channel>
    <channel update="l" site="tvprofil.net" site_id="htv4.hr" xmltv_id="HTV4">HTV4</channel>
    <channel update="l" site="tvprofil.net" site_id="kanal-a.si" xmltv_id="KANAL A">KANAL A</channel>
    <channel update="l" site="tvprofil.net" site_id="pop-tv.si" xmltv_id="POP TV">POP TV</channel>
    <channel update="l" site="tvprofil.net" site_id="slo1.si" xmltv_id="SLO1">SLO1</channel>
    <channel update="l" site="tvprofil.net" site_id="slo2.si" xmltv_id="SLO2">SLO2</channel>
    <channel update="l" site="tvprofil.net" site_id="koper.si" xmltv_id="Koper">Koper</channel>
    <channel update="l" site="tvprofil.net" site_id="maribor.si" xmltv_id="Maribor">Maribor</channel>
    <channel update="l" site="tvprofil.net" site_id="pop-brio.si" xmltv_id="POP BRIO">POP BRIO</channel>
    <channel update="l" site="tvprofil.net" site_id="slo3.si" xmltv_id="SLO3">SLO3</channel>
    <channel update="l" site="tvprofil.net" site_id="tv-pink-si.si" xmltv_id="TV Pink 3">TV Pink 3</channel>
    <channel update="l" site="tvprofil.net" site_id="rts-si.si" xmltv_id="RTS.si">RTS.si</channel>
    <channel update="l" site="tvprofil.net" site_id="vas-kanal.si" xmltv_id="Vaš kanal">Vaš kanal</channel>
    <channel update="l" site="tvprofil.net" site_id="tv-arena.si" xmltv_id="TV Arena">TV Arena</channel>
    <channel update="l" site="tvprofil.net" site_id="pop-fani.si" xmltv_id="POP FANI">POP FANI</channel>
    <channel update="l" site="tvprofil.net" site_id="pop-kino.si" xmltv_id="POP KINO">POP KINO</channel>
    <channel update="l" site="tvprofil.net" site_id="pop-kino2.si" xmltv_id="POP KINO 2">POP KINO 2</channel>
    <channel update="l" site="tvprofil.net" site_id="pop-oto.si" xmltv_id="POP OTO">POP OTO</channel>
    <channel update="l" site="tvprofil.net" site_id="pop-spot.si" xmltv_id="POP SPOT">POP SPOT</channel>
    <channel update="l" site="tvprofil.net" site_id="bbc-prime.sat" xmltv_id="BBC Entertainment">BBC Entertainment</channel>
    <channel update="l" site="tvprofil.net" site_id="the-style-network.sat" xmltv_id="Style">Style</channel>
    <channel update="l" site="tvprofil.net" site_id="orf1.sat" xmltv_id="ORF1">ORF1</channel>
    <channel update="l" site="tvprofil.net" site_id="orf2.sat" xmltv_id="ORF2">ORF2</channel>
    <channel update="l" site="tvprofil.net" site_id="fashion-tv.sat" xmltv_id="Fashion">Fashion</channel>
    <channel update="l" site="tvprofil.net" site_id="servustv.sat" xmltv_id="ServusTV">ServusTV</channel>
    <channel update="l" site="tvprofil.net" site_id="bbc1.sat" xmltv_id="BBC1">BBC1</channel>
    <channel update="l" site="tvprofil.net" site_id="bbc2.sat" xmltv_id="BBC2">BBC2</channel>
    <channel update="l" site="tvprofil.net" site_id="bbc3.sat" xmltv_id="BBC3">BBC3</channel>
    <channel update="l" site="tvprofil.net" site_id="bbc4.sat" xmltv_id="BBC4">BBC4</channel>
    <channel update="l" site="tvprofil.net" site_id="tv5-monde.sat" xmltv_id="TV5Monde">TV5Monde</channel>
    <channel update="l" site="tvprofil.net" site_id="fine-living.sat" xmltv_id="FLN">FLN</channel>
    <channel update="l" site="tvprofil.net" site_id="puls4.sat" xmltv_id="Puls4">Puls4</channel>
    <channel update="l" site="tvprofil.net" site_id="rossija24.sat" xmltv_id="Rusija 24">Rusija 24</channel>
    <channel update="l" site="tvprofil.net" site_id="rtk.sat" xmltv_id="RTK">RTK</channel>
    <channel update="l" site="tvprofil.net" site_id="rtv21.sat" xmltv_id="RTV21">RTV21</channel>
    <channel update="l" site="tvprofil.net" site_id="rtr-planeta.sat" xmltv_id="RTR Planeta">RTR Planeta</channel>
    <channel update="l" site="tvprofil.net" site_id="sf1.sat" xmltv_id="SF1">SF1</channel>
    <channel update="l" site="tvprofil.net" site_id="sf-zwei.sat" xmltv_id="SF zwei">SF zwei</channel>
    <channel update="l" site="tvprofil.net" site_id="entertainment.sat" xmltv_id="E!">E!</channel>
    <channel update="l" site="tvprofil.net" site_id="24kitchen.sat" xmltv_id="24Kitchen">24Kitchen</channel>
    <channel update="l" site="tvprofil.net" site_id="atv1.sat" xmltv_id="ATV1">ATV1</channel>
    <channel update="l" site="tvprofil.net" site_id="atv2.sat" xmltv_id="ATV2">ATV2</channel>
    <channel update="l" site="tvprofil.net" site_id="comedy-central-us.sat" xmltv_id="Comedy Central">Comedy Central</channel>
    <channel update="l" site="tvprofil.net" site_id="comedy-central-extra.sat" xmltv_id="Comedy C. Extra">Comedy C. Extra</channel>
    <channel update="l" site="tvprofil.net" site_id="ftv.ba" xmltv_id="FTV">FTV</channel>
    <channel update="l" site="tvprofil.net" site_id="bht1.ba" xmltv_id="BHT1">BHT1</channel>
    <channel update="l" site="tvprofil.net" site_id="pink-bih.ba" xmltv_id="PINK BH">PINK BH</channel>
    <channel update="l" site="tvprofil.net" site_id="hayat-tv.ba" xmltv_id="Hayat TV">Hayat TV</channel>
    <channel update="l" site="tvprofil.net" site_id="rtv-usk.ba" xmltv_id="RTV USK">RTV USK</channel>
    <channel update="l" site="tvprofil.net" site_id="obn.ba" xmltv_id="OBN">OBN</channel>
    <channel update="l" site="tvprofil.net" site_id="bn.ba" xmltv_id="BN">BN</channel>
    <channel update="l" site="tvprofil.net" site_id="rtrs.ba" xmltv_id="RTRS">RTRS</channel>
    <channel update="l" site="tvprofil.net" site_id="atv.ba" xmltv_id="ATV">ATV</channel>
    <channel update="l" site="tvprofil.net" site_id="tv1-mreza.ba" xmltv_id="TV1 Mreža">TV1 Mreža</channel>
    <channel update="l" site="tvprofil.net" site_id="bn-sat.ba" xmltv_id="BN SAT">BN SAT</channel>
    <channel update="l" site="tvprofil.net" site_id="tv-istocno-sarajevo.ba" xmltv_id="TVIS">TVIS</channel>
    <channel update="l" site="tvprofil.net" site_id="tv-kiss.ba" xmltv_id="TV Kiss">TV Kiss</channel>
    <channel update="l" site="tvprofil.net" site_id="hayat-plus.ba" xmltv_id="Hayat Plus">Hayat Plus</channel>
    <channel update="l" site="tvprofil.net" site_id="tv1.ba" xmltv_id="TV1">TV1</channel>
    <channel update="l" site="tvprofil.net" site_id="tv-sarajevo.ba" xmltv_id="TVSA">TVSA</channel>
    <channel update="l" site="tvprofil.net" site_id="rtvtk.ba" xmltv_id="RTVTK">RTVTK</channel>
    <channel update="l" site="tvprofil.net" site_id="rtv-hit.ba" xmltv_id="RTV HIT">RTV HIT</channel>
    <channel update="l" site="tvprofil.net" site_id="behar-tv.ba" xmltv_id="Behar TV">Behar TV</channel>
    <channel update="l" site="tvprofil.net" site_id="rtv-slon.ba" xmltv_id="RTV Slon">RTV Slon</channel>
    <channel update="l" site="tvprofil.net" site_id="rtv-vogosca.ba" xmltv_id="RTV Vogošca">RTV Vogošca</channel>
    <channel update="l" site="tvprofil.net" site_id="rtv-ze.ba" xmltv_id="RTV ZE">RTV ZE</channel>
    <channel update="l" site="tvprofil.net" site_id="ntv-ic.ba" xmltv_id="NTV IC">NTV IC</channel>
    <channel update="l" site="tvprofil.net" site_id="bel-kanal.ba" xmltv_id="BEL kanal">BEL kanal</channel>
    <channel update="l" site="tvprofil.net" site_id="hema-tv.ba" xmltv_id="HEMA TV">HEMA TV</channel>
    <channel update="l" site="tvprofil.net" site_id="ntv-jasmin.ba" xmltv_id="NTV Jasmin">NTV Jasmin</channel>
    <channel update="l" site="tvprofil.net" site_id="kanal-3-prnjavor.ba" xmltv_id="K3">K3</channel>
    <channel update="l" site="tvprofil.net" site_id="vikom.ba" xmltv_id="Vikom">Vikom</channel>
    <channel update="l" site="tvprofil.net" site_id="face-tv.ba" xmltv_id="FACE TV">FACE TV</channel>
    <channel update="l" site="tvprofil.net" site_id="elta-tv.ba" xmltv_id="Elta TV">Elta TV</channel>
    <channel update="l" site="tvprofil.net" site_id="mtv-igman.ba" xmltv_id="MTV Igman">MTV Igman</channel>
    <channel update="l" site="tvprofil.net" site_id="bdc-tv.ba" xmltv_id="BDC TV">BDC TV</channel>
    <channel update="l" site="tvprofil.net" site_id="in-televizija.ba" xmltv_id="IN Televizija">IN Televizija</channel>
    <channel update="l" site="tvprofil.net" site_id="rtv-bostel.ba" xmltv_id="RTV Bostel">RTV Bostel</channel>
    <channel update="l" site="tvprofil.net" site_id="slobomir.ba" xmltv_id="Slobomir">Slobomir</channel>
    <channel update="l" site="tvprofil.net" site_id="mtv.music" xmltv_id="MTV Europe">MTV Europe</channel>
    <channel update="l" site="tvprofil.net" site_id="vh1-uk.music" xmltv_id="VH1 uk">VH1 uk</channel>
    <channel update="l" site="tvprofil.net" site_id="vh1-europe.music" xmltv_id="VH1 Europe">VH1 Europe</channel>
    <channel update="l" site="tvprofil.net" site_id="viva.music" xmltv_id="VIVA">VIVA</channel>
    <channel update="l" site="tvprofil.net" site_id="mtv.de.music" xmltv_id="MTV.de">MTV.de</channel>
    <channel update="l" site="tvprofil.net" site_id="vh1-classic-uk.music" xmltv_id="VH1 classic uk">VH1 classic uk</channel>
    <channel update="l" site="tvprofil.net" site_id="mtv-two.music" xmltv_id="MTV Rocks">MTV Rocks</channel>
    <channel update="l" site="tvprofil.net" site_id="mtv-hits.music" xmltv_id="MTV Hits">MTV Hits</channel>
    <channel update="l" site="tvprofil.net" site_id="vh1-classic-europe.music" xmltv_id="VH1 classic Europe">VH1 classic Europe</channel>
    <channel update="l" site="tvprofil.net" site_id="mtv-base.music" xmltv_id="MTV Base">MTV Base</channel>
    <channel update="l" site="tvprofil.net" site_id="mtv-adria.music" xmltv_id="MTV Adria">MTV Adria</channel>
    <channel update="l" site="tvprofil.net" site_id="mtv-uk.music" xmltv_id="MTV uk">MTV uk</channel>
    <channel update="l" site="tvprofil.net" site_id="cmc.music" xmltv_id="CMC">CMC</channel>
    <channel update="l" site="tvprofil.net" site_id="mtv-dance.music" xmltv_id="MTV Dance">MTV Dance</channel>
    <channel update="l" site="tvprofil.net" site_id="jugoton-tv.music" xmltv_id="Jugoton TV">Jugoton TV</channel>
    <channel update="l" site="tvprofil.net" site_id="dmsat.music" xmltv_id="DMSAT">DMSAT</channel>
    <channel update="l" site="tvprofil.net" site_id="mezzo.music" xmltv_id="Mezzo">Mezzo</channel>
    <channel update="l" site="tvprofil.net" site_id="balkanika.music" xmltv_id="Balkanika">Balkanika</channel>
    <channel update="l" site="tvprofil.net" site_id="kanal1.music" xmltv_id="Kanal1">Kanal1</channel>
    <channel update="l" site="tvprofil.net" site_id="hayat-music.music" xmltv_id="Hayat Music">Hayat Music</channel>
    <channel update="l" site="tvprofil.net" site_id="hayat-folk.music" xmltv_id="Hayat Folk">Hayat Folk</channel>
    <channel update="l" site="tvprofil.net" site_id="k-cn-music.music" xmltv_id="K::CN Music">K::CN Music</channel>
    <channel update="l" site="tvprofil.net" site_id="trace-urban.music" xmltv_id="Trace Urban">Trace Urban</channel>
    <channel update="l" site="tvprofil.net" site_id="pink.sr" xmltv_id="PINK">PINK</channel>
    <channel update="l" site="tvprofil.net" site_id="pink-plus.sr" xmltv_id="PINK PLUS">PINK PLUS</channel>
    <channel update="l" site="tvprofil.net" site_id="pink-extra.sr" xmltv_id="PINK EXTRA">PINK EXTRA</channel>
    <channel update="l" site="tvprofil.net" site_id="rts1.sr" xmltv_id="RTS1">RTS1</channel>
    <channel update="l" site="tvprofil.net" site_id="rts2.sr" xmltv_id="RTS2">RTS2</channel>
    <channel update="l" site="tvprofil.net" site_id="rts-sat.sr" xmltv_id="RTS SAT">RTS SAT</channel>
    <channel update="l" site="tvprofil.net" site_id="sos.sr" xmltv_id="SOS">SOS</channel>
    <channel update="l" site="tvprofil.net" site_id="b92.sr" xmltv_id="B92">B92</channel>
    <channel update="l" site="tvprofil.net" site_id="prva-srpska-tv.sr" xmltv_id="Prva">Prva</channel>
    <channel update="l" site="tvprofil.net" site_id="svet-plus.sr" xmltv_id="Svet Plus">Svet Plus</channel>
    <channel update="l" site="tvprofil.net" site_id="studio-b-yu.sr" xmltv_id="Studio B">Studio B</channel>
    <channel update="l" site="tvprofil.net" site_id="vojvodina-1.sr" xmltv_id="RT Vojvodina 1">RT Vojvodina 1</channel>
    <channel update="l" site="tvprofil.net" site_id="vojvodina-2.sr" xmltv_id="RT Vojvodina 2">RT Vojvodina 2</channel>
    <channel update="l" site="tvprofil.net" site_id="metropolis.sr" xmltv_id="Metropolis">Metropolis</channel>
    <channel update="l" site="tvprofil.net" site_id="enter-tv.sr" xmltv_id="EnterTV">EnterTV</channel>
    <channel update="l" site="tvprofil.net" site_id="b92-info-kanal.sr" xmltv_id="B92 Info kanal">B92 Info kanal</channel>
    <channel update="l" site="tvprofil.net" site_id="ultra-tv.sr" xmltv_id="TV Ultra">TV Ultra</channel>
    <channel update="l" site="tvprofil.net" site_id="panonija.sr" xmltv_id="Panonija">Panonija</channel>
    <channel update="l" site="tvprofil.net" site_id="happytv.sr" xmltv_id="HappyTV">HappyTV</channel>
    <channel update="l" site="tvprofil.net" site_id="kopernikus.sr" xmltv_id="Kopernikus">Kopernikus</channel>
    <channel update="l" site="tvprofil.net" site_id="tv-duga-sat.sr" xmltv_id="TV Duga">TV Duga</channel>
    <channel update="l" site="tvprofil.net" site_id="pink-family.sr" xmltv_id="PINK Family">PINK Family</channel>
    <channel update="l" site="tvprofil.net" site_id="kanal-9.sr" xmltv_id="Kanal 9">Kanal 9</channel>
    <channel update="l" site="tvprofil.net" site_id="rts-digital.sr" xmltv_id="RTS Digital">RTS Digital</channel>
    <channel update="l" site="tvprofil.net" site_id="novi-pazar.sr" xmltv_id="Novi Pazar">Novi Pazar</channel>
    <channel update="l" site="tvprofil.net" site_id="feelmax-hd.sr" xmltv_id="FeelMax HD">FeelMax HD</channel>
    <channel update="l" site="tvprofil.net" site_id="feelmax-mix.sr" xmltv_id="FeelMax Mix">FeelMax Mix</channel>
    <channel update="l" site="tvprofil.net" site_id="ktv-zrenjanin.sr" xmltv_id="KTV Zrenjanin">KTV Zrenjanin</channel>
    <channel update="l" site="tvprofil.net" site_id="tv-bgd.sr" xmltv_id="TV BGD">TV BGD</channel>
    <channel update="l" site="tvprofil.net" site_id="palma-plus.sr" xmltv_id="Palma Plus">Palma Plus</channel>
    <channel update="l" site="tvprofil.net" site_id="pink-2.sr" xmltv_id="PINK 2">PINK 2</channel>
    <channel update="l" site="tvprofil.net" site_id="rtv-f-kanal.sr" xmltv_id="RTV F">RTV F</channel>
    <channel update="l" site="tvprofil.net" site_id="niska-televizija.sr" xmltv_id="NTV">NTV</channel>
    <channel update="l" site="tvprofil.net" site_id="televizija-best.sr" xmltv_id="Televizija BEST">Televizija BEST</channel>
    <channel update="l" site="tvprofil.net" site_id="eurosport-uk.sport" xmltv_id="Eurosport.uk">Eurosport.uk</channel>
    <channel update="l" site="tvprofil.net" site_id="dsf.sport" xmltv_id="Sport 1.de">Sport 1.de</channel>
    <channel update="l" site="tvprofil.net" site_id="motors.sport" xmltv_id="Motors">Motors</channel>
    <channel update="l" site="tvprofil.net" site_id="eurosport2-uk.sport" xmltv_id="Eurosport 2.uk">Eurosport 2.uk</channel>
    <channel update="l" site="tvprofil.net" site_id="arena-sport-1-ba.sport" xmltv_id="Arena Sport 1 BiH">Arena Sport 1 BiH</channel>
    <channel update="l" site="tvprofil.net" site_id="golf-plus.sport" xmltv_id="Golf+">Golf+</channel>
    <channel update="l" site="tvprofil.net" site_id="canal-plus-deporte.es.sport" xmltv_id="Canal+ Deporte.es">Canal+ Deporte.es</channel>
    <channel update="l" site="tvprofil.net" site_id="canal-plus-futbol.sport" xmltv_id="Canal+ Futbol.es">Canal+ Futbol.es</channel>
    <channel update="l" site="tvprofil.net" site_id="sportmania.es.sport" xmltv_id="Sportmania.es">Sportmania.es</channel>
    <channel update="l" site="tvprofil.net" site_id="sport-klub.sport" xmltv_id="Sport Klub.rs">Sport Klub.rs</channel>
    <channel update="l" site="tvprofil.net" site_id="eurosport.de.sport" xmltv_id="Eurosport.de">Eurosport.de</channel>
    <channel update="l" site="tvprofil.net" site_id="eurosport2.de.sport" xmltv_id="Eurosport 2.de">Eurosport 2.de</channel>
    <channel update="l" site="tvprofil.net" site_id="eurosport.fr.sport" xmltv_id="Eurosport.fr">Eurosport.fr</channel>
    <channel update="l" site="tvprofil.net" site_id="eurosport2.fr.sport" xmltv_id="Eurosport 2.fr">Eurosport 2.fr</channel>
    <channel update="l" site="tvprofil.net" site_id="espn-classic.sport" xmltv_id="ESPN Classic">ESPN Classic</channel>
    <channel update="l" site="tvprofil.net" site_id="playtv-italia.sport" xmltv_id="PlayTV Italia">PlayTV Italia</channel>
    <channel update="l" site="tvprofil.net" site_id="real-madrid-tv.es.sport" xmltv_id="Real Madrid TV.es">Real Madrid TV.es</channel>
    <channel update="l" site="tvprofil.net" site_id="sportklub-plus-hr.sport" xmltv_id="SportKlub+.hr">SportKlub+.hr</channel>
    <channel update="l" site="tvprofil.net" site_id="canal-plus-sport2.sport" xmltv_id="Canal+ Sport 2.se">Canal+ Sport 2.se</channel>
    <channel update="l" site="tvprofil.net" site_id="eurosport-hd.sport" xmltv_id="Eurosport HD">Eurosport HD</channel>
    <channel update="l" site="tvprofil.net" site_id="sportklub-hr.sport" xmltv_id="SportKlub.hr">SportKlub.hr</channel>
    <channel update="l" site="tvprofil.net" site_id="eurosport-rs.sport" xmltv_id="Eurosport.rs">Eurosport.rs</channel>
    <channel update="l" site="tvprofil.net" site_id="eurosport-2-rs.sport" xmltv_id="Eurosport 2.rs">Eurosport 2.rs</channel>
    <channel update="l" site="tvprofil.net" site_id="sportklub-plus-rs.sport" xmltv_id="Sport Klub+.rs">Sport Klub+.rs</channel>
    <channel update="l" site="tvprofil.net" site_id="rai-sport.sport" xmltv_id="RAI Sport">RAI Sport</channel>
    <channel update="l" site="tvprofil.net" site_id="extreme-sports.sport" xmltv_id="Extreme Sports">Extreme Sports</channel>
    <channel update="l" site="tvprofil.net" site_id="orf-sportplus.sport" xmltv_id="ORF Sport Plus">ORF Sport Plus</channel>
    <channel update="l" site="tvprofil.net" site_id="sport-klub-premium-hd.sport" xmltv_id="SK Premium HD">SK Premium HD</channel>
    <channel update="l" site="tvprofil.net" site_id="espn-america.sport" xmltv_id="ESPN America">ESPN America</channel>
    <channel update="l" site="tvprofil.net" site_id="eurosport.sport" xmltv_id="Eurosport">Eurosport</channel>
    <channel update="l" site="tvprofil.net" site_id="eurosport2.sport" xmltv_id="Eurosport 2">Eurosport 2</channel>
    <channel update="l" site="tvprofil.net" site_id="tv-arena-sport-1.sport" xmltv_id="Arena Sport 1">Arena Sport 1</channel>
    <channel update="l" site="tvprofil.net" site_id="tv-arena-sport-2.sport" xmltv_id="Arena Sport 2">Arena Sport 2</channel>
    <channel update="l" site="tvprofil.net" site_id="tv-arena-sport-3.sport" xmltv_id="Arena Sport 3">Arena Sport 3</channel>
    <channel update="l" site="tvprofil.net" site_id="aljazeera-sport-3.sport" xmltv_id="Aljazeera Sport 3">Aljazeera Sport 3</channel>
    <channel update="l" site="tvprofil.net" site_id="tv-arena-sport-4.sport" xmltv_id="Arena Sport 4">Arena Sport 4</channel>
    <channel update="l" site="tvprofil.net" site_id="tv-arena-sport-1-hr.sport" xmltv_id="Arena Sport 1.hr">Arena Sport 1.hr</channel>
    <channel update="l" site="tvprofil.net" site_id="tv-arena-sport-2-hr.sport" xmltv_id="Arena Sport 2.hr">Arena Sport 2.hr</channel>
    <channel update="l" site="tvprofil.net" site_id="sportklub-plus-prime-srbija.sport" xmltv_id="Sport Klub Prime">Sport Klub Prime</channel>
    <channel update="l" site="tvprofil.net" site_id="tv-arena-sport-3-hr.sport" xmltv_id="Arena Sport 3.hr">Arena Sport 3.hr</channel>
    <channel update="l" site="tvprofil.net" site_id="fightchannel.sport" xmltv_id="Fight Channel">Fight Channel</channel>
    <channel update="l" site="tvprofil.net" site_id="sport-tv-1.sport" xmltv_id="ŠTV1">ŠTV1</channel>
    <channel update="l" site="tvprofil.net" site_id="sport-tv-2.sport" xmltv_id="ŠTV2">ŠTV2</channel>
    <channel update="l" site="tvprofil.net" site_id="sport-klub-si.sport" xmltv_id="Sport Klub.si">Sport Klub.si</channel>
    <channel update="l" site="tvprofil.net" site_id="sport-klub-plus-si.sport" xmltv_id="Sport Klub+.si">Sport Klub+.si</channel>
    <channel update="l" site="tvprofil.net" site_id="arena-sport-4-hr.sport" xmltv_id="Arena Sport 4.hr">Arena Sport 4.hr</channel>
    <channel update="l" site="tvprofil.net" site_id="espn-uk.sport" xmltv_id="ESPN UK">ESPN UK</channel>
    <channel update="l" site="tvprofil.net" site_id="tvcg1.cg" xmltv_id="TVCG1">TVCG1</channel>
    <channel update="l" site="tvprofil.net" site_id="tvcg-sat.cg" xmltv_id="TVCG SAT">TVCG SAT</channel>
    <channel update="l" site="tvprofil.net" site_id="tvcg2.cg" xmltv_id="TVCG2">TVCG2</channel>
    <channel update="l" site="tvprofil.net" site_id="atlas.cg" xmltv_id="ATLAS">ATLAS</channel>
    <channel update="l" site="tvprofil.net" site_id="pink-m.cg" xmltv_id="PINK M">PINK M</channel>
    <channel update="l" site="tvprofil.net" site_id="montena.cg" xmltv_id="Montena">Montena</channel>
    <channel update="l" site="tvprofil.net" site_id="rtl.de.de" xmltv_id="RTL.de">RTL.de</channel>
    <channel update="l" site="tvprofil.net" site_id="rtl-2.de" xmltv_id="RTL.de 2">RTL.de 2</channel>
    <channel update="l" site="tvprofil.net" site_id="3sat.de" xmltv_id="3SAT">3SAT</channel>
    <channel update="l" site="tvprofil.net" site_id="ard.de" xmltv_id="ARD (DasErste)">ARD (DasErste)</channel>
    <channel update="l" site="tvprofil.net" site_id="bayern3.de" xmltv_id="Bayerischen Fern.">Bayerischen Fern.</channel>
    <channel update="l" site="tvprofil.net" site_id="hr3.de" xmltv_id="HR Fernsehen">HR Fernsehen</channel>
    <channel update="l" site="tvprofil.net" site_id="kabel-1.de" xmltv_id="Kabel 1">Kabel 1</channel>
    <channel update="l" site="tvprofil.net" site_id="pro-7.de" xmltv_id="PRO 7">PRO 7</channel>
    <channel update="l" site="tvprofil.net" site_id="sat-1.de" xmltv_id="SAT 1">SAT 1</channel>
    <channel update="l" site="tvprofil.net" site_id="zdf.de" xmltv_id="ZDF">ZDF</channel>
    <channel update="l" site="tvprofil.net" site_id="vox.de" xmltv_id="VOX">VOX</channel>
    <channel update="l" site="tvprofil.net" site_id="comedy-central-de.de" xmltv_id="Comedy Central.de">Comedy Central.de</channel>
    <channel update="l" site="tvprofil.net" site_id="arte.de" xmltv_id="ARTE">ARTE</channel>
    <channel update="l" site="tvprofil.net" site_id="zdfneo.de" xmltv_id="ZDFneo">ZDFneo</channel>
    <channel update="l" site="tvprofil.net" site_id="zdfinfo.de" xmltv_id="ZDFinfo">ZDFinfo</channel>
    <channel update="l" site="tvprofil.net" site_id="rai-1.it" xmltv_id="RAI 1">RAI 1</channel>
    <channel update="l" site="tvprofil.net" site_id="rai-2.it" xmltv_id="RAI 2">RAI 2</channel>
    <channel update="l" site="tvprofil.net" site_id="rai-3.it" xmltv_id="RAI 3">RAI 3</channel>
    <channel update="l" site="tvprofil.net" site_id="rete-4.it" xmltv_id="Rete 4">Rete 4</channel>
    <channel update="l" site="tvprofil.net" site_id="canale-5.it" xmltv_id="Canale 5">Canale 5</channel>
    <channel update="l" site="tvprofil.net" site_id="italia-1.it" xmltv_id="Italia 1">Italia 1</channel>
    <channel update="l" site="tvprofil.net" site_id="la7.it" xmltv_id="La7">La7</channel>
    <channel update="l" site="tvprofil.net" site_id="italia-2.it" xmltv_id="Italia 2">Italia 2</channel>
    <channel update="l" site="tvprofil.net" site_id="la5.it" xmltv_id="La5">La5</channel>
    <channel update="l" site="tvprofil.net" site_id="iris.it" xmltv_id="Iris">Iris</channel>
    <channel update="l" site="tvprofil.net" site_id="boing.it" xmltv_id="Boing">Boing</channel>
    <channel update="l" site="tvprofil.net" site_id="mediaset-extra.it" xmltv_id="Mediaset Extra">Mediaset Extra</channel>
    <channel update="l" site="tvprofil.net" site_id="la7d.it" xmltv_id="La7d">La7d</channel>
    <channel update="l" site="tvprofil.net" site_id="mediaset-italia.it" xmltv_id="Mediaset Italia">Mediaset Italia</channel>
    <channel update="l" site="tvprofil.net" site_id="canal-plus.es.es" xmltv_id="Canal+.es">Canal+.es</channel>
    <channel update="l" site="tvprofil.net" site_id="canal-plus-2.es.es" xmltv_id="Canal+ 2.es">Canal+ 2.es</channel>
    <channel update="l" site="tvprofil.net" site_id="canal-plus-decine.es.es" xmltv_id="Canal+ Decine.es">Canal+ Decine.es</channel>
    <channel update="l" site="tvprofil.net" site_id="canal-plus-comedia.es" xmltv_id="Canal+ Comedia">Canal+ Comedia</channel>
    <channel update="l" site="tvprofil.net" site_id="canal-plus-accion.es" xmltv_id="Canal+ Accion">Canal+ Accion</channel>
    <channel update="l" site="tvprofil.net" site_id="teledeporte.es" xmltv_id="TeleDeporte">TeleDeporte</channel>
    <channel update="l" site="tvprofil.net" site_id="tve.es" xmltv_id="TVE">TVE</channel>
    <channel update="l" site="tvprofil.net" site_id="telemadrid.es" xmltv_id="TeleMadrid">TeleMadrid</channel>
    <channel update="l" site="tvprofil.net" site_id="tvr1.ro" xmltv_id="TVR1">TVR1</channel>
    <channel update="l" site="tvprofil.net" site_id="tvr2.ro" xmltv_id="TVR2">TVR2</channel>
    <channel update="l" site="tvprofil.net" site_id="tvri.ro" xmltv_id="TVRi">TVRi</channel>
    <channel update="l" site="tvprofil.net" site_id="m1.hu" xmltv_id="m1">m1</channel>
    <channel update="l" site="tvprofil.net" site_id="m2.hu" xmltv_id="m2">m2</channel>
    <channel update="l" site="tvprofil.net" site_id="tv2.hu.hu" xmltv_id="TV2.hu">TV2.hu</channel>
    <channel update="l" site="tvprofil.net" site_id="rtl-klub.hu" xmltv_id="RTL Klub">RTL Klub</channel>
    <channel update="l" site="tvprofil.net" site_id="viasat3.hu" xmltv_id="Viasat3">Viasat3</channel>
    <channel update="l" site="tvprofil.net" site_id="cooltv.hu" xmltv_id="CoolTV">CoolTV</channel>
    <channel update="l" site="tvprofil.net" site_id="tv6.hu" xmltv_id="TV6">TV6</channel>
    <channel update="l" site="tvprofil.net" site_id="cartoon-network.toons" xmltv_id="Cartoon Network">Cartoon Network</channel>
    <channel update="l" site="tvprofil.net" site_id="jetix.toons" xmltv_id="Disney XD">Disney XD</channel>
    <channel update="l" site="tvprofil.net" site_id="super-rtl.toons" xmltv_id="SUPER RTL">SUPER RTL</channel>
    <channel update="l" site="tvprofil.net" site_id="kika.toons" xmltv_id="KiKa">KiKa</channel>
    <channel update="l" site="tvprofil.net" site_id="minimax.toons" xmltv_id="Minimax">Minimax</channel>
    <channel update="l" site="tvprofil.net" site_id="boomerang.toons" xmltv_id="Boomerang">Boomerang</channel>
    <channel update="l" site="tvprofil.net" site_id="nickelodeon.toons" xmltv_id="Nickelodeon">Nickelodeon</channel>
    <channel update="l" site="tvprofil.net" site_id="cartoon-network-pl.toons" xmltv_id="Cartoon Network.pl">Cartoon Network.pl</channel>
    <channel update="l" site="tvprofil.net" site_id="jimjam.toons" xmltv_id="JimJam">JimJam</channel>
    <channel update="l" site="tvprofil.net" site_id="tiji.toons" xmltv_id="Tiji">Tiji</channel>
    <channel update="l" site="tvprofil.net" site_id="disney-channel.toons" xmltv_id="Disney">Disney</channel>
    <channel update="l" site="tvprofil.net" site_id="minitv.toons" xmltv_id="MiniTV">MiniTV</channel>
    <channel update="l" site="tvprofil.net" site_id="pink-kids.toons" xmltv_id="Pink Kids">Pink Kids</channel>
    <channel update="l" site="tvprofil.net" site_id="kanal-d.toons" xmltv_id="Kanal D">Kanal D</channel>
    <channel update="l" site="tvprofil.net" site_id="orlando-kids.toons" xmltv_id="Orlando Kids">Orlando Kids</channel>
    <channel update="l" site="tvprofil.net" site_id="babytv.toons" xmltv_id="BabyTV">BabyTV</channel>
    <channel update="l" site="tvprofil.net" site_id="disney-junior.toons" xmltv_id="Disney Junior">Disney Junior</channel>
    <channel update="l" site="tvprofil.net" site_id="feelmax-junior.toons" xmltv_id="FeelMax Junior">FeelMax Junior</channel>
    <channel update="l" site="tvprofil.net" site_id="ok-bambino.toons" xmltv_id="OK Bambino">OK Bambino</channel>
    <channel update="l" site="tvprofil.net" site_id="nick-jr.toons" xmltv_id="Nick Jr.">Nick Jr.</channel>
    <channel update="l" site="tvprofil.net" site_id="klasiktv.movie" xmltv_id="KlasikTV">KlasikTV</channel>
    <channel update="l" site="tvprofil.net" site_id="universal-channel.movie" xmltv_id="Universal">Universal</channel>
    <channel update="l" site="tvprofil.net" site_id="tcm.movie" xmltv_id="TCM">TCM</channel>
    <channel update="l" site="tvprofil.net" site_id="hbo.movie" xmltv_id="HBO">HBO</channel>
    <channel update="l" site="tvprofil.net" site_id="cbs-drama.movie" xmltv_id="CBS Drama">CBS Drama</channel>
    <channel update="l" site="tvprofil.net" site_id="tv1000-balkan.movie" xmltv_id="TV 1000">TV 1000</channel>
    <channel update="l" site="tvprofil.net" site_id="cinemania.movie" xmltv_id="Cinemania">Cinemania</channel>
    <channel update="l" site="tvprofil.net" site_id="fox-crime.movie" xmltv_id="FOX Crime">FOX Crime</channel>
    <channel update="l" site="tvprofil.net" site_id="cbs-reality.movie" xmltv_id="CBS Reality">CBS Reality</channel>
    <channel update="l" site="tvprofil.net" site_id="fox-life.movie" xmltv_id="FOX Life">FOX Life</channel>
    <channel update="l" site="tvprofil.net" site_id="hbo-comedy.movie" xmltv_id="HBO Comedy">HBO Comedy</channel>
    <channel update="l" site="tvprofil.net" site_id="mgm-channel.movie" xmltv_id="MGM Channel">MGM Channel</channel>
    <channel update="l" site="tvprofil.net" site_id="cinestar-tv.movie" xmltv_id="CineStar TV">CineStar TV</channel>
    <channel update="l" site="tvprofil.net" site_id="cinemax.movie" xmltv_id="Cinemax">Cinemax</channel>
    <channel update="l" site="tvprofil.net" site_id="cinemax-2.movie" xmltv_id="Cinemax 2">Cinemax 2</channel>
    <channel update="l" site="tvprofil.net" site_id="scifi.movie" xmltv_id="SciFi">SciFi</channel>
    <channel update="l" site="tvprofil.net" site_id="axn.movie" xmltv_id="AXN">AXN</channel>
    <channel update="l" site="tvprofil.net" site_id="cinestar-action-thriller.movie" xmltv_id="Cinestar A&amp;T">Cinestar A&amp;T</channel>
    <channel update="l" site="tvprofil.net" site_id="fox-movies.movie" xmltv_id="FOX Movies">FOX Movies</channel>
    <channel update="l" site="tvprofil.net" site_id="cinestar-tv-rs.movie" xmltv_id="Cinestar TV.rs">Cinestar TV.rs</channel>
    <channel update="l" site="tvprofil.net" site_id="cinestar-action-thriller-rs.movie" xmltv_id="Cinestar A&amp;T.rs">Cinestar A&amp;T.rs</channel>
    <channel update="l" site="tvprofil.net" site_id="pink-film.movie" xmltv_id="PINK Film">PINK Film</channel>
    <channel update="l" site="tvprofil.net" site_id="pink-movies.movie" xmltv_id="PINK Movies">PINK Movies</channel>
    <channel update="l" site="tvprofil.net" site_id="pink-action.movie" xmltv_id="PINK Action">PINK Action</channel>
    <channel update="l" site="tvprofil.net" site_id="feelmax.movie" xmltv_id="FeelMax">FeelMax</channel>
    <channel update="l" site="tvprofil.net" site_id="feelmax-yu.movie" xmltv_id="FeelMax YU">FeelMax YU</channel>
    <channel update="l" site="tvprofil.net" site_id="feelmax-exyu.movie" xmltv_id="FeelMax EX-YU">FeelMax EX-YU</channel>
    <channel update="l" site="tvprofil.net" site_id="fox.movie" xmltv_id="FOX">FOX</channel>
    <channel update="l" site="tvprofil.net" site_id="sitel.mk" xmltv_id="Sitel">Sitel</channel>
    <channel update="l" site="tvprofil.net" site_id="kanal5.mk" xmltv_id="Kanal5">Kanal5</channel>
    <channel update="l" site="tvprofil.net" site_id="mrt1.mk" xmltv_id="MRT1">MRT1</channel>
    <channel update="l" site="tvprofil.net" site_id="tera-tv.mk" xmltv_id="Tera TV">Tera TV</channel>
    <channel update="l" site="tvprofil.net" site_id="alsat-m.mk" xmltv_id="ALSAT-M">ALSAT-M</channel>
    <channel update="l" site="tvprofil.net" site_id="mrt2.mk" xmltv_id="MRT2">MRT2</channel>
    <channel update="l" site="tvprofil.net" site_id="telma.mk" xmltv_id="Telma">Telma</channel>
    <channel update="l" site="tvprofil.net" site_id="alfa-tv.mk" xmltv_id="ALFA TV">ALFA TV</channel>
    <channel update="l" site="tvprofil.net" site_id="kiss.mk" xmltv_id="KISS">KISS</channel>
    <channel update="l" site="tvprofil.net" site_id="sitel-3.mk" xmltv_id="Sitel 3">Sitel 3</channel>
    <channel update="l" site="tvprofil.net" site_id="kanal5-plus.mk" xmltv_id="Kanal5 plus">Kanal5 plus</channel>
    <channel update="l" site="tvprofil.net" site_id="nasa-tv.mk" xmltv_id="Naša TV">Naša TV</channel>
    <channel update="l" site="tvprofil.net" site_id="mtm.mk" xmltv_id="MTM">MTM</channel>
    <channel update="l" site="tvprofil.net" site_id="24vesti.mk" xmltv_id="24Vesti">24Vesti</channel>
    <channel update="l" site="tvprofil.net" site_id="tv-sonce.mk" xmltv_id="TV Sonce">TV Sonce</channel>
    <channel update="l" site="tvprofil.net" site_id="tv-m.mk" xmltv_id="TV M">TV M</channel>
    <channel update="l" site="tvprofil.net" site_id="national-geographic.doc" xmltv_id="National Geo.">National Geo.</channel>
    <channel update="l" site="tvprofil.net" site_id="discovery-europe.doc" xmltv_id="Discovery Channel">Discovery Channel</channel>
    <channel update="l" site="tvprofil.net" site_id="discovery-science.doc" xmltv_id="Discovery Science">Discovery Science</channel>
    <channel update="l" site="tvprofil.net" site_id="discovery-civilization.doc" xmltv_id="Discovery World">Discovery World</channel>
    <channel update="l" site="tvprofil.net" site_id="discovery-tlc.doc" xmltv_id="Discovery TLC">Discovery TLC</channel>
    <channel update="l" site="tvprofil.net" site_id="reality-tv-uk.doc" xmltv_id="Zone Reality uk">Zone Reality uk</channel>
    <channel update="l" site="tvprofil.net" site_id="discovery-animal.doc" xmltv_id="Animal Planet">Animal Planet</channel>
    <channel update="l" site="tvprofil.net" site_id="national-geographic-v2.doc" xmltv_id="National Geo. v2">National Geo. v2</channel>
    <channel update="l" site="tvprofil.net" site_id="viasat-explorer.se.doc" xmltv_id="Viasat explorer.se">Viasat explorer.se</channel>
    <channel update="l" site="tvprofil.net" site_id="viasat-history.se.doc" xmltv_id="Viasat history.se">Viasat history.se</channel>
    <channel update="l" site="tvprofil.net" site_id="nautical-channel.doc" xmltv_id="Nautical Channel">Nautical Channel</channel>
    <channel update="l" site="tvprofil.net" site_id="viasat-history.doc" xmltv_id="Viasat History">Viasat History</channel>
    <channel update="l" site="tvprofil.net" site_id="viasat-explorer.doc" xmltv_id="Viasat Explorer">Viasat Explorer</channel>
    <channel update="l" site="tvprofil.net" site_id="national-geographic-hd.doc" xmltv_id="National Geo. HD">National Geo. HD</channel>
    <channel update="l" site="tvprofil.net" site_id="national-geographic-wild.doc" xmltv_id="Nat Geo Wild">Nat Geo Wild</channel>
    <channel update="l" site="tvprofil.net" site_id="travel-channel.doc" xmltv_id="Travel">Travel</channel>
    <channel update="l" site="tvprofil.net" site_id="history-channel.doc" xmltv_id="History Channel">History Channel</channel>
    <channel update="l" site="tvprofil.net" site_id="history-channel-hd.doc" xmltv_id="History Channel HD">History Channel HD</channel>
    <channel update="l" site="tvprofil.net" site_id="investigation-discovery.doc" xmltv_id="Discovery ID">Discovery ID</channel>
    <channel update="l" site="tvprofil.net" site_id="da-vinci-learning.doc" xmltv_id="Da Vinci Learning">Da Vinci Learning</channel>
    <channel update="l" site="tvprofil.net" site_id="viasat-nature.doc" xmltv_id="Viasat Nature">Viasat Nature</channel>
    <channel update="l" site="tvprofil.net" site_id="discovery-hd.doc" xmltv_id="Discovery HD">Discovery HD</channel>
    <channel update="l" site="tvprofil.net" site_id="crime-investigation.doc" xmltv_id="Crime&amp;Investigation">Crime&amp;Investigation</channel>
    <channel update="l" site="tvprofil.net" site_id="ng-wild-hd.doc" xmltv_id="Nat Geo Wild HD">Nat Geo Wild HD</channel>
    <channel update="l" site="tvprofil.net" site_id="animal-planet-hd.doc" xmltv_id="Animal Planet HD">Animal Planet HD</channel>
    <channel update="l" site="tvprofil.net" site_id="outdoor-channel.doc" xmltv_id="Outdoor Channel">Outdoor Channel</channel>
    <channel update="l" site="tvprofil.net" site_id="the-food-network.doc" xmltv_id="The Food Network">The Food Network</channel>
    <channel update="l" site="tvprofil.net" site_id="da-vinci-u.doc" xmltv_id="Da Vinci U">Da Vinci U</channel>
    <channel update="l" site="tvprofil.net" site_id="private-spice.porn" xmltv_id="Private Spice">Private Spice</channel>
    <channel update="l" site="tvprofil.net" site_id="playboy-tv.porn" xmltv_id="PlayboyTV">PlayboyTV</channel>
    <channel update="l" site="tvprofil.net" site_id="hustler-tv.porn" xmltv_id="HUSTLER TV">HUSTLER TV</channel>
    <channel update="l" site="tvprofil.net" site_id="spice.porn" xmltv_id="Spice">Spice</channel>
    <channel update="l" site="tvprofil.net" site_id="daring-tv.porn" xmltv_id="Daring!TV">Daring!TV</channel>
    <channel update="l" site="tvprofil.net" site_id="free-x-tv.porn" xmltv_id="Free-X TV">Free-X TV</channel>
    <channel update="l" site="tvprofil.net" site_id="adult-channel.porn" xmltv_id="Adult Channel">Adult Channel</channel>
    <channel update="l" site="tvprofil.net" site_id="dorcel.porn" xmltv_id="Dorcel">Dorcel</channel>
    <channel update="l" site="tvprofil.net" site_id="blue-hustler.porn" xmltv_id="Blue Hustler">Blue Hustler</channel>
    <channel update="l" site="tvprofil.net" site_id="hustler-hd.porn" xmltv_id="HUSTLER HD">HUSTLER HD</channel>
    <channel update="l" site="tvprofil.net" site_id="bbc-world.info" xmltv_id="BBC World">BBC World</channel>
    <channel update="l" site="tvprofil.net" site_id="cnn.info" xmltv_id="CNN">CNN</channel>
    <channel update="l" site="tvprofil.net" site_id="cnbc.info" xmltv_id="CNBC">CNBC</channel>
    <channel update="l" site="tvprofil.net" site_id="bloomberg.info" xmltv_id="Bloomberg">Bloomberg</channel>
    <channel update="l" site="tvprofil.net" site_id="euronews.info" xmltv_id="EuroNews">EuroNews</channel>
    <channel update="l" site="tvprofil.net" site_id="deutchewelle.info" xmltv_id="DW">DW</channel>
    <channel update="l" site="tvprofil.net" site_id="russia-today.info" xmltv_id="Russia Today">Russia Today</channel>
    <channel update="l" site="tvprofil.net" site_id="al-jazeera.info" xmltv_id="Al Jazeera">Al Jazeera</channel>
    <channel update="l" site="tvprofil.net" site_id="skynews.info" xmltv_id="SkyNews">SkyNews</channel>
    <channel update="l" site="tvprofil.net" site_id="al-jazeera-balkans.info" xmltv_id="Al Jazeera Balkans">Al Jazeera Balkans</channel>
    <channel update="l" site="tvprofil.net" site_id="cctv-news.info" xmltv_id="CCTV NEWS">CCTV NEWS</channel>
    <channel update="l" site="tvprofil.net" site_id="trt-turk.tr" xmltv_id="TRT Turk">TRT Turk</channel>
    <channel update="l" site="tvprofil.net" site_id="trt-1.tr" xmltv_id="TRT 1">TRT 1</channel>
    <channel update="l" site="tvprofil.net" site_id="trt-haber.tr" xmltv_id="TRT Haber">TRT Haber</channel>
    <channel update="l" site="tvprofil.net" site_id="trt-3.tr" xmltv_id="TRT 3">TRT 3</channel>
    <channel update="l" site="tvprofil.net" site_id="trt-gap.tr" xmltv_id="TRT Gap">TRT Gap</channel>
    <channel update="l" site="tvprofil.net" site_id="trt-cocuk.tr" xmltv_id="TRT Çocuk">TRT Çocuk</channel>
    <channel update="l" site="tvprofil.net" site_id="trt-6.tr" xmltv_id="TRT 6">TRT 6</channel>
    <channel update="l" site="tvprofil.net" site_id="trt-avaz.tr" xmltv_id="TRT Avaz">TRT Avaz</channel>
    <channel update="l" site="tvprofil.net" site_id="trt-belgesel.tr" xmltv_id="TRT Belgesel">TRT Belgesel</channel>
    <channel update="l" site="tvprofil.net" site_id="trt-muzik.tr" xmltv_id="TRT Müzik">TRT Müzik</channel>
    <channel update="l" site="tvprofil.net" site_id="trt-arapca.tr" xmltv_id="TRT Arapça">TRT Arapça</channel>
    <channel update="l" site="tvprofil.net" site_id="trt-hd.tr" xmltv_id="TRT HD">TRT HD</channel>
    <channel update="l" site="tvprofil.net" site_id="trt-anadolu.tr" xmltv_id="TRT Anadolu">TRT Anadolu</channel>
  </channels>
</site>